time,filament_id,point_id,x,y,quality,frame,coordinate_system,quality_flags,censor
0.000000000,filament-0000,0,382.000000000,272.000000000,0.566666667,0,pixel,branched_component;disconnected_skeleton;ambiguous_components;components_truncated,1
0.000000000,filament-0000,1,381.000000000,273.000000000,0.566666667,0,pixel,branched_component;disconnected_skeleton;ambiguous_components;components_truncated,1
0.000000000,filament-0000,2,381.000000000,274.000000000,0.566666667,0,pixel,branched_component;disconnected_skeleton;ambiguous_components;components_truncated,1
0.000000000,filament-0000,3,381.000000000,275.000000000,0.566666667,0,pixel,branched_component;disconnected_skeleton;ambiguous_components;components_truncated,1
0.000000000,filament-0000,4,382.000000000,276.000000000,0.566666667,0,pixel,branched_component;disconnected_skeleton;ambiguous_components;components_truncated,1
0.000000000,filament-0000,5,383.000000000,277.000000000,0.566666667,0,pixel,branched_component;disconnected_skeleton;ambiguous_components;components_truncated,1
0.000000000,filament-0000,6,384.000000000,277.000000000,0.566666667,0,pixel,branched_component;disconnected_skeleton;ambiguous_components;components_truncated,1
0.000000000,filament-0000,7,385.000000000,277.000000000,0.566666667,0,pixel,branched_component;disconnected_skeleton;ambiguous_components;components_truncated,1
0.000000000,filament-0000,8,386.000000000,277.000000000,0.566666667,0,pixel,branched_component;disconnected_skeleton;ambiguous_components;components_truncated,1
0.000000000,filament-0000,9,387.000000000,277.000000000,0.566666667,0,pixel,branched_component;disconnected_skeleton;ambiguous_components;components_truncated,1
0.000000000,filament-0000,10,388.000000000,277.000000000,0.566666667,0,pixel,branched_component;disconnected_skeleton;ambiguous_components;components_truncated,1
0.000000000,filament-0000,11,389.000000000,277.000000000,0.566666667,0,pixel,branched_component;disconnected_skeleton;ambiguous_components;components_truncated,1
0.000000000,filament-0000,12,390.000000000,277.000000000,0.566666667,0,pixel,branched_component;disconnected_skeleton;ambiguous_components;components_truncated,1
0.000000000,filament-0000,13,391.000000000,277.000000000,0.566666667,0,pixel,branched_component;disconnected_skeleton;ambiguous_components;components_truncated,1
0.000000000,filament-0000,14,392.000000000,277.000000000,0.566666667,0,pixel,branched_component;disconnected_skeleton;ambiguous_components;components_truncated,1
0.000000000,filament-0000,15,393.000000000,276.000000000,0.566666667,0,pixel,branched_component;disconnected_skeleton;ambiguous_components;components_truncated,1
1.000000000,filament-0000,0,353.000000000,251.000000000,0.720000000,15,pixel,disconnected_skeleton;large_jump;ambiguous_components;components_truncated;orientation_reversed,1
1.000000000,filament-0000,1,354.000000000,250.000000000,0.720000000,15,pixel,disconnected_skeleton;large_jump;ambiguous_components;components_truncated;orientation_reversed,1
1.000000000,filament-0000,2,355.000000000,250.000000000,0.720000000,15,pixel,disconnected_skeleton;large_jump;ambiguous_components;components_truncated;orientation_reversed,1
1.000000000,filament-0000,3,356.000000000,250.000000000,0.720000000,15,pixel,disconnected_skeleton;large_jump;ambiguous_components;components_truncated;orientation_reversed,1
1.000000000,filament-0000,4,357.000000000,249.000000000,0.720000000,15,pixel,disconnected_skeleton;large_jump;ambiguous_components;components_truncated;orientation_reversed,1
1.000000000,filament-0000,5,358.000000000,249.000000000,0.720000000,15,pixel,disconnected_skeleton;large_jump;ambiguous_components;components_truncated;orientation_reversed,1
1.000000000,filament-0000,6,359.000000000,248.000000000,0.720000000,15,pixel,disconnected_skeleton;large_jump;ambiguous_components;components_truncated;orientation_reversed,1
1.000000000,filament-0000,7,360.000000000,248.000000000,0.720000000,15,pixel,disconnected_skeleton;large_jump;ambiguous_components;components_truncated;orientation_reversed,1
1.000000000,filament-0000,8,361.000000000,247.000000000,0.720000000,15,pixel,disconnected_skeleton;large_jump;ambiguous_components;components_truncated;orientation_reversed,1
1.000000000,filament-0000,9,362.000000000,246.000000000,0.720000000,15,pixel,disconnected_skeleton;large_jump;ambiguous_components;components_truncated;orientation_reversed,1
1.000000000,filament-0000,10,363.000000000,245.000000000,0.720000000,15,pixel,disconnected_skeleton;large_jump;ambiguous_components;components_truncated;orientation_reversed,1
1.000000000,filament-0000,11,364.000000000,244.000000000,0.720000000,15,pixel,disconnected_skeleton;large_jump;ambiguous_components;components_truncated;orientation_reversed,1
1.000000000,filament-0000,12,365.000000000,243.000000000,0.720000000,15,pixel,disconnected_skeleton;large_jump;ambiguous_components;components_truncated;orientation_reversed,1
1.000000000,filament-0000,13,365.000000000,242.000000000,0.720000000,15,pixel,disconnected_skeleton;large_jump;ambiguous_components;components_truncated;orientation_reversed,1
1.000000000,filament-0000,14,365.000000000,241.000000000,0.720000000,15,pixel,disconnected_skeleton;large_jump;ambiguous_components;components_truncated;orientation_reversed,1
1.000000000,filament-0000,15,365.000000000,240.000000000,0.720000000,15,pixel,disconnected_skeleton;large_jump;ambiguous_components;components_truncated;orientation_reversed,1
1.000000000,filament-0000,16,365.000000000,239.000000000,0.720000000,15,pixel,disconnected_skeleton;large_jump;ambiguous_components;components_truncated;orientation_reversed,1
1.000000000,filament-0000,17,365.000000000,238.000000000,0.720000000,15,pixel,disconnected_skeleton;large_jump;ambiguous_components;components_truncated;orientation_reversed,1
1.000000000,filament-0000,18,365.000000000,237.000000000,0.720000000,15,pixel,disconnected_skeleton;large_jump;ambiguous_components;components_truncated;orientation_reversed,1
1.000000000,filament-0000,19,365.000000000,236.000000000,0.720000000,15,pixel,disconnected_skeleton;large_jump;ambiguous_components;components_truncated;orientation_reversed,1
1.000000000,filament-0000,20,365.000000000,235.000000000,0.720000000,15,pixel,disconnected_skeleton;large_jump;ambiguous_components;components_truncated;orientation_reversed,1
1.000000000,filament-0000,21,364.000000000,234.000000000,0.720000000,15,pixel,disconnected_skeleton;large_jump;ambiguous_components;components_truncated;orientation_reversed,1
1.000000000,filament-0000,22,364.000000000,233.000000000,0.720000000,15,pixel,disconnected_skeleton;large_jump;ambiguous_components;components_truncated;orientation_reversed,1
1.000000000,filament-0000,23,363.000000000,232.000000000,0.720000000,15,pixel,disconnected_skeleton;large_jump;ambiguous_components;components_truncated;orientation_reversed,1
1.000000000,filament-0000,24,363.000000000,231.000000000,0.720000000,15,pixel,disconnected_skeleton;large_jump;ambiguous_components;components_truncated;orientation_reversed,1
1.000000000,filament-0000,25,362.000000000,230.000000000,0.720000000,15,pixel,disconnected_skeleton;large_jump;ambiguous_components;components_truncated;orientation_reversed,1
1.000000000,filament-0000,26,362.000000000,229.000000000,0.720000000,15,pixel,disconnected_skeleton;large_jump;ambiguous_components;components_truncated;orientation_reversed,1
1.000000000,filament-0000,27,362.000000000,228.000000000,0.720000000,15,pixel,disconnected_skeleton;large_jump;ambiguous_components;components_truncated;orientation_reversed,1
1.000000000,filament-0000,28,361.000000000,227.000000000,0.720000000,15,pixel,disconnected_skeleton;large_jump;ambiguous_components;components_truncated;orientation_reversed,1
2.000000000,filament-0000,0,349.000000000,253.000000000,0.861666667,30,pixel,disconnected_skeleton;ambiguous_components;components_truncated;orientation_reversed,1
2.000000000,filament-0000,1,350.000000000,252.000000000,0.861666667,30,pixel,disconnected_skeleton;ambiguous_components;components_truncated;orientation_reversed,1
2.000000000,filament-0000,2,351.000000000,252.000000000,0.861666667,30,pixel,disconnected_skeleton;ambiguous_components;components_truncated;orientation_reversed,1
2.000000000,filament-0000,3,352.000000000,252.000000000,0.861666667,30,pixel,disconnected_skeleton;ambiguous_components;components_truncated;orientation_reversed,1
2.000000000,filament-0000,4,353.000000000,252.000000000,0.861666667,30,pixel,disconnected_skeleton;ambiguous_components;components_truncated;orientation_reversed,1
2.000000000,filament-0000,5,354.000000000,252.000000000,0.861666667,30,pixel,disconnected_skeleton;ambiguous_components;components_truncated;orientation_reversed,1
2.000000000,filament-0000,6,355.000000000,252.000000000,0.861666667,30,pixel,disconnected_skeleton;ambiguous_components;components_truncated;orientation_reversed,1
2.000000000,filament-0000,7,356.000000000,251.000000000,0.861666667,30,pixel,disconnected_skeleton;ambiguous_components;components_truncated;orientation_reversed,1
2.000000000,filament-0000,8,357.000000000,251.000000000,0.861666667,30,pixel,disconnected_skeleton;ambiguous_components;components_truncated;orientation_reversed,1
2.000000000,filament-0000,9,358.000000000,251.000000000,0.861666667,30,pixel,disconnected_skeleton;ambiguous_components;components_truncated;orientation_reversed,1
2.000000000,filament-0000,10,359.000000000,250.000000000,0.861666667,30,pixel,disconnected_skeleton;ambiguous_components;components_truncated;orientation_reversed,1
2.000000000,filament-0000,11,360.000000000,250.000000000,0.861666667,30,pixel,disconnected_skeleton;ambiguous_components;components_truncated;orientation_reversed,1
2.000000000,filament-0000,12,361.000000000,249.000000000,0.861666667,30,pixel,disconnected_skeleton;ambiguous_components;components_truncated;orientation_reversed,1
2.000000000,filament-0000,13,362.000000000,249.000000000,0.861666667,30,pixel,disconnected_skeleton;ambiguous_components;components_truncated;orientation_reversed,1
2.000000000,filament-0000,14,363.000000000,248.000000000,0.861666667,30,pixel,disconnected_skeleton;ambiguous_components;components_truncated;orientation_reversed,1
2.000000000,filament-0000,15,364.000000000,247.000000000,0.861666667,30,pixel,disconnected_skeleton;ambiguous_components;components_truncated;orientation_reversed,1
2.000000000,filament-0000,16,365.000000000,246.000000000,0.861666667,30,pixel,disconnected_skeleton;ambiguous_components;components_truncated;orientation_reversed,1
2.000000000,filament-0000,17,366.000000000,245.000000000,0.861666667,30,pixel,disconnected_skeleton;ambiguous_components;components_truncated;orientation_reversed,1
2.000000000,filament-0000,18,366.000000000,244.000000000,0.861666667,30,pixel,disconnected_skeleton;ambiguous_components;components_truncated;orientation_reversed,1
2.000000000,filament-0000,19,366.000000000,243.000000000,0.861666667,30,pixel,disconnected_skeleton;ambiguous_components;components_truncated;orientation_reversed,1
2.000000000,filament-0000,20,366.000000000,242.000000000,0.861666667,30,pixel,disconnected_skeleton;ambiguous_components;components_truncated;orientation_reversed,1
2.000000000,filament-0000,21,366.000000000,241.000000000,0.861666667,30,pixel,disconnected_skeleton;ambiguous_components;components_truncated;orientation_reversed,1
2.000000000,filament-0000,22,366.000000000,240.000000000,0.861666667,30,pixel,disconnected_skeleton;ambiguous_components;components_truncated;orientation_reversed,1
2.000000000,filament-0000,23,366.000000000,239.000000000,0.861666667,30,pixel,disconnected_skeleton;ambiguous_components;components_truncated;orientation_reversed,1
2.000000000,filament-0000,24,366.000000000,238.000000000,0.861666667,30,pixel,disconnected_skeleton;ambiguous_components;components_truncated;orientation_reversed,1
2.000000000,filament-0000,25,366.000000000,237.000000000,0.861666667,30,pixel,disconnected_skeleton;ambiguous_components;components_truncated;orientation_reversed,1
2.000000000,filament-0000,26,366.000000000,236.000000000,0.861666667,30,pixel,disconnected_skeleton;ambiguous_components;components_truncated;orientation_reversed,1
2.000000000,filament-0000,27,366.000000000,235.000000000,0.861666667,30,pixel,disconnected_skeleton;ambiguous_components;components_truncated;orientation_reversed,1
2.000000000,filament-0000,28,366.000000000,234.000000000,0.861666667,30,pixel,disconnected_skeleton;ambiguous_components;components_truncated;orientation_reversed,1
2.000000000,filament-0000,29,366.000000000,233.000000000,0.861666667,30,pixel,disconnected_skeleton;ambiguous_components;components_truncated;orientation_reversed,1
2.000000000,filament-0000,30,365.000000000,232.000000000,0.861666667,30,pixel,disconnected_skeleton;ambiguous_components;components_truncated;orientation_reversed,1
2.000000000,filament-0000,31,365.000000000,231.000000000,0.861666667,30,pixel,disconnected_skeleton;ambiguous_components;components_truncated;orientation_reversed,1
2.000000000,filament-0000,32,365.000000000,230.000000000,0.861666667,30,pixel,disconnected_skeleton;ambiguous_components;components_truncated;orientation_reversed,1
2.000000000,filament-0000,33,364.000000000,229.000000000,0.861666667,30,pixel,disconnected_skeleton;ambiguous_components;components_truncated;orientation_reversed,1
2.000000000,filament-0000,34,364.000000000,228.000000000,0.861666667,30,pixel,disconnected_skeleton;ambiguous_components;components_truncated;orientation_reversed,1
2.000000000,filament-0000,35,363.000000000,227.000000000,0.861666667,30,pixel,disconnected_skeleton;ambiguous_components;components_truncated;orientation_reversed,1
2.000000000,filament-0000,36,362.000000000,226.000000000,0.861666667,30,pixel,disconnected_skeleton;ambiguous_components;components_truncated;orientation_reversed,1
2.000000000,filament-0000,37,362.000000000,225.000000000,0.861666667,30,pixel,disconnected_skeleton;ambiguous_components;components_truncated;orientation_reversed,1
2.000000000,filament-0000,38,361.000000000,224.000000000,0.861666667,30,pixel,disconnected_skeleton;ambiguous_components;components_truncated;orientation_reversed,1
2.000000000,filament-0000,39,360.000000000,223.000000000,0.861666667,30,pixel,disconnected_skeleton;ambiguous_components;components_truncated;orientation_reversed,1
2.000000000,filament-0000,40,360.000000000,222.000000000,0.861666667,30,pixel,disconnected_skeleton;ambiguous_components;components_truncated;orientation_reversed,1
2.000000000,filament-0000,41,359.000000000,221.000000000,0.861666667,30,pixel,disconnected_skeleton;ambiguous_components;components_truncated;orientation_reversed,1
2.000000000,filament-0000,42,358.000000000,220.000000000,0.861666667,30,pixel,disconnected_skeleton;ambiguous_components;components_truncated;orientation_reversed,1
2.000000000,filament-0000,43,357.000000000,219.000000000,0.861666667,30,pixel,disconnected_skeleton;ambiguous_components;components_truncated;orientation_reversed,1
2.000000000,filament-0000,44,357.000000000,218.000000000,0.861666667,30,pixel,disconnected_skeleton;ambiguous_components;components_truncated;orientation_reversed,1
2.000000000,filament-0000,45,356.000000000,217.000000000,0.861666667,30,pixel,disconnected_skeleton;ambiguous_components;components_truncated;orientation_reversed,1
2.000000000,filament-0000,46,355.000000000,216.000000000,0.861666667,30,pixel,disconnected_skeleton;ambiguous_components;components_truncated;orientation_reversed,1
2.000000000,filament-0000,47,354.000000000,215.000000000,0.861666667,30,pixel,disconnected_skeleton;ambiguous_components;components_truncated;orientation_reversed,1
2.000000000,filament-0000,48,353.000000000,214.000000000,0.861666667,30,pixel,disconnected_skeleton;ambiguous_components;components_truncated;orientation_reversed,1
2.000000000,filament-0000,49,353.000000000,213.000000000,0.861666667,30,pixel,disconnected_skeleton;ambiguous_components;components_truncated;orientation_reversed,1
2.000000000,filament-0000,50,352.000000000,212.000000000,0.861666667,30,pixel,disconnected_skeleton;ambiguous_components;components_truncated;orientation_reversed,1
3.000000000,filament-0000,0,337.000000000,253.000000000,1.000000000,45,pixel,branched_component;disconnected_skeleton;ambiguous_components;components_truncated;orientation_reversed,1
3.000000000,filament-0000,1,338.000000000,253.000000000,1.000000000,45,pixel,branched_component;disconnected_skeleton;ambiguous_components;components_truncated;orientation_reversed,1
3.000000000,filament-0000,2,339.000000000,253.000000000,1.000000000,45,pixel,branched_component;disconnected_skeleton;ambiguous_components;components_truncated;orientation_reversed,1
3.000000000,filament-0000,3,340.000000000,253.000000000,1.000000000,45,pixel,branched_component;disconnected_skeleton;ambiguous_components;components_truncated;orientation_reversed,1
3.000000000,filament-0000,4,341.000000000,253.000000000,1.000000000,45,pixel,branched_component;disconnected_skeleton;ambiguous_components;components_truncated;orientation_reversed,1
3.000000000,filament-0000,5,342.000000000,252.000000000,1.000000000,45,pixel,branched_component;disconnected_skeleton;ambiguous_components;components_truncated;orientation_reversed,1
3.000000000,filament-0000,6,343.000000000,252.000000000,1.000000000,45,pixel,branched_component;disconnected_skeleton;ambiguous_components;components_truncated;orientation_reversed,1
3.000000000,filament-0000,7,344.000000000,252.000000000,1.000000000,45,pixel,branched_component;disconnected_skeleton;ambiguous_components;components_truncated;orientation_reversed,1
3.000000000,filament-0000,8,345.000000000,252.000000000,1.000000000,45,pixel,branched_component;disconnected_skeleton;ambiguous_components;components_truncated;orientation_reversed,1
3.000000000,filament-0000,9,346.000000000,252.000000000,1.000000000,45,pixel,branched_component;disconnected_skeleton;ambiguous_components;components_truncated;orientation_reversed,1
3.000000000,filament-0000,10,347.000000000,252.000000000,1.000000000,45,pixel,branched_component;disconnected_skeleton;ambiguous_components;components_truncated;orientation_reversed,1
3.000000000,filament-0000,11,348.000000000,252.000000000,1.000000000,45,pixel,branched_component;disconnected_skeleton;ambiguous_components;components_truncated;orientation_reversed,1
3.000000000,filament-0000,12,349.000000000,251.000000000,1.000000000,45,pixel,branched_component;disconnected_skeleton;ambiguous_components;components_truncated;orientation_reversed,1
3.000000000,filament-0000,13,350.000000000,250.000000000,1.000000000,45,pixel,branched_component;disconnected_skeleton;ambiguous_components;components_truncated;orientation_reversed,1
3.000000000,filament-0000,14,351.000000000,251.000000000,1.000000000,45,pixel,branched_component;disconnected_skeleton;ambiguous_components;components_truncated;orientation_reversed,1
3.000000000,filament-0000,15,352.000000000,251.000000000,1.000000000,45,pixel,branched_component;disconnected_skeleton;ambiguous_components;components_truncated;orientation_reversed,1
3.000000000,filament-0000,16,353.000000000,251.000000000,1.000000000,45,pixel,branched_component;disconnected_skeleton;ambiguous_components;components_truncated;orientation_reversed,1
3.000000000,filament-0000,17,354.000000000,251.000000000,1.000000000,45,pixel,branched_component;disconnected_skeleton;ambiguous_components;components_truncated;orientation_reversed,1
3.000000000,filament-0000,18,355.000000000,251.000000000,1.000000000,45,pixel,branched_component;disconnected_skeleton;ambiguous_components;components_truncated;orientation_reversed,1
3.000000000,filament-0000,19,356.000000000,251.000000000,1.000000000,45,pixel,branched_component;disconnected_skeleton;ambiguous_components;components_truncated;orientation_reversed,1
3.000000000,filament-0000,20,357.000000000,251.000000000,1.000000000,45,pixel,branched_component;disconnected_skeleton;ambiguous_components;components_truncated;orientation_reversed,1
3.000000000,filament-0000,21,358.000000000,251.000000000,1.000000000,45,pixel,branched_component;disconnected_skeleton;ambiguous_components;components_truncated;orientation_reversed,1
3.000000000,filament-0000,22,359.000000000,250.000000000,1.000000000,45,pixel,branched_component;disconnected_skeleton;ambiguous_components;components_truncated;orientation_reversed,1
3.000000000,filament-0000,23,360.000000000,250.000000000,1.000000000,45,pixel,branched_component;disconnected_skeleton;ambiguous_components;components_truncated;orientation_reversed,1
3.000000000,filament-0000,24,361.000000000,250.000000000,1.000000000,45,pixel,branched_component;disconnected_skeleton;ambiguous_components;components_truncated;orientation_reversed,1
3.000000000,filament-0000,25,362.000000000,250.000000000,1.000000000,45,pixel,branched_component;disconnected_skeleton;ambiguous_components;components_truncated;orientation_reversed,1
3.000000000,filament-0000,26,363.000000000,249.000000000,1.000000000,45,pixel,branched_component;disconnected_skeleton;ambiguous_components;components_truncated;orientation_reversed,1
3.000000000,filament-0000,27,364.000000000,249.000000000,1.000000000,45,pixel,branched_component;disconnected_skeleton;ambiguous_components;components_truncated;orientation_reversed,1
3.000000000,filament-0000,28,365.000000000,248.000000000,1.000000000,45,pixel,branched_component;disconnected_skeleton;ambiguous_components;components_truncated;orientation_reversed,1
3.000000000,filament-0000,29,366.000000000,248.000000000,1.000000000,45,pixel,branched_component;disconnected_skeleton;ambiguous_components;components_truncated;orientation_reversed,1
3.000000000,filament-0000,30,367.000000000,247.000000000,1.000000000,45,pixel,branched_component;disconnected_skeleton;ambiguous_components;components_truncated;orientation_reversed,1
3.000000000,filament-0000,31,368.000000000,246.000000000,1.000000000,45,pixel,branched_component;disconnected_skeleton;ambiguous_components;components_truncated;orientation_reversed,1
3.000000000,filament-0000,32,368.000000000,245.000000000,1.000000000,45,pixel,branched_component;disconnected_skeleton;ambiguous_components;components_truncated;orientation_reversed,1
3.000000000,filament-0000,33,368.000000000,244.000000000,1.000000000,45,pixel,branched_component;disconnected_skeleton;ambiguous_components;components_truncated;orientation_reversed,1
3.000000000,filament-0000,34,368.000000000,243.000000000,1.000000000,45,pixel,branched_component;disconnected_skeleton;ambiguous_components;components_truncated;orientation_reversed,1
3.000000000,filament-0000,35,368.000000000,242.000000000,1.000000000,45,pixel,branched_component;disconnected_skeleton;ambiguous_components;components_truncated;orientation_reversed,1
3.000000000,filament-0000,36,368.000000000,241.000000000,1.000000000,45,pixel,branched_component;disconnected_skeleton;ambiguous_components;components_truncated;orientation_reversed,1
3.000000000,filament-0000,37,368.000000000,240.000000000,1.000000000,45,pixel,branched_component;disconnected_skeleton;ambiguous_components;components_truncated;orientation_reversed,1
3.000000000,filament-0000,38,368.000000000,239.000000000,1.000000000,45,pixel,branched_component;disconnected_skeleton;ambiguous_components;components_truncated;orientation_reversed,1
3.000000000,filament-0000,39,368.000000000,238.000000000,1.000000000,45,pixel,branched_component;disconnected_skeleton;ambiguous_components;components_truncated;orientation_reversed,1
3.000000000,filament-0000,40,368.000000000,237.000000000,1.000000000,45,pixel,branched_component;disconnected_skeleton;ambiguous_components;components_truncated;orientation_reversed,1
3.000000000,filament-0000,41,367.000000000,236.000000000,1.000000000,45,pixel,branched_component;disconnected_skeleton;ambiguous_components;components_truncated;orientation_reversed,1
3.000000000,filament-0000,42,367.000000000,235.000000000,1.000000000,45,pixel,branched_component;disconnected_skeleton;ambiguous_components;components_truncated;orientation_reversed,1
3.000000000,filament-0000,43,367.000000000,234.000000000,1.000000000,45,pixel,branched_component;disconnected_skeleton;ambiguous_components;components_truncated;orientation_reversed,1
3.000000000,filament-0000,44,367.000000000,233.000000000,1.000000000,45,pixel,branched_component;disconnected_skeleton;ambiguous_components;components_truncated;orientation_reversed,1
3.000000000,filament-0000,45,367.000000000,232.000000000,1.000000000,45,pixel,branched_component;disconnected_skeleton;ambiguous_components;components_truncated;orientation_reversed,1
3.000000000,filament-0000,46,366.000000000,231.000000000,1.000000000,45,pixel,branched_component;disconnected_skeleton;ambiguous_components;components_truncated;orientation_reversed,1
3.000000000,filament-0000,47,365.000000000,230.000000000,1.000000000,45,pixel,branched_component;disconnected_skeleton;ambiguous_components;components_truncated;orientation_reversed,1
3.000000000,filament-0000,48,365.000000000,229.000000000,1.000000000,45,pixel,branched_component;disconnected_skeleton;ambiguous_components;components_truncated;orientation_reversed,1
3.000000000,filament-0000,49,365.000000000,228.000000000,1.000000000,45,pixel,branched_component;disconnected_skeleton;ambiguous_components;components_truncated;orientation_reversed,1
3.000000000,filament-0000,50,364.000000000,227.000000000,1.000000000,45,pixel,branched_component;disconnected_skeleton;ambiguous_components;components_truncated;orientation_reversed,1
3.000000000,filament-0000,51,364.000000000,226.000000000,1.000000000,45,pixel,branched_component;disconnected_skeleton;ambiguous_components;components_truncated;orientation_reversed,1
3.000000000,filament-0000,52,363.000000000,225.000000000,1.000000000,45,pixel,branched_component;disconnected_skeleton;ambiguous_components;components_truncated;orientation_reversed,1
3.000000000,filament-0000,53,362.000000000,224.000000000,1.000000000,45,pixel,branched_component;disconnected_skeleton;ambiguous_components;components_truncated;orientation_reversed,1
3.000000000,filament-0000,54,362.000000000,223.000000000,1.000000000,45,pixel,branched_component;disconnected_skeleton;ambiguous_components;components_truncated;orientation_reversed,1
3.000000000,filament-0000,55,361.000000000,222.000000000,1.000000000,45,pixel,branched_component;disconnected_skeleton;ambiguous_components;components_truncated;orientation_reversed,1
3.000000000,filament-0000,56,360.000000000,221.000000000,1.000000000,45,pixel,branched_component;disconnected_skeleton;ambiguous_components;components_truncated;orientation_reversed,1
3.000000000,filament-0000,57,360.000000000,220.000000000,1.000000000,45,pixel,branched_component;disconnected_skeleton;ambiguous_components;components_truncated;orientation_reversed,1
3.000000000,filament-0000,58,359.000000000,219.000000000,1.000000000,45,pixel,branched_component;disconnected_skeleton;ambiguous_components;components_truncated;orientation_reversed,1
3.000000000,filament-0000,59,359.000000000,218.000000000,1.000000000,45,pixel,branched_component;disconnected_skeleton;ambiguous_components;components_truncated;orientation_reversed,1
3.000000000,filament-0000,60,358.000000000,217.000000000,1.000000000,45,pixel,branched_component;disconnected_skeleton;ambiguous_components;components_truncated;orientation_reversed,1
3.000000000,filament-0000,61,357.000000000,216.000000000,1.000000000,45,pixel,branched_component;disconnected_skeleton;ambiguous_components;components_truncated;orientation_reversed,1
3.000000000,filament-0000,62,356.000000000,215.000000000,1.000000000,45,pixel,branched_component;disconnected_skeleton;ambiguous_components;components_truncated;orientation_reversed,1
3.000000000,filament-0000,63,355.000000000,214.000000000,1.000000000,45,pixel,branched_component;disconnected_skeleton;ambiguous_components;components_truncated;orientation_reversed,1
3.000000000,filament-0000,64,354.000000000,213.000000000,1.000000000,45,pixel,branched_component;disconnected_skeleton;ambiguous_components;components_truncated;orientation_reversed,1
3.000000000,filament-0000,65,353.000000000,212.000000000,1.000000000,45,pixel,branched_component;disconnected_skeleton;ambiguous_components;components_truncated;orientation_reversed,1
3.000000000,filament-0000,66,352.000000000,211.000000000,1.000000000,45,pixel,branched_component;disconnected_skeleton;ambiguous_components;components_truncated;orientation_reversed,1
3.000000000,filament-0000,67,351.000000000,210.000000000,1.000000000,45,pixel,branched_component;disconnected_skeleton;ambiguous_components;components_truncated;orientation_reversed,1
3.000000000,filament-0000,68,350.000000000,209.000000000,1.000000000,45,pixel,branched_component;disconnected_skeleton;ambiguous_components;components_truncated;orientation_reversed,1
3.000000000,filament-0000,69,349.000000000,208.000000000,1.000000000,45,pixel,branched_component;disconnected_skeleton;ambiguous_components;components_truncated;orientation_reversed,1
3.000000000,filament-0000,70,348.000000000,207.000000000,1.000000000,45,pixel,branched_component;disconnected_skeleton;ambiguous_components;components_truncated;orientation_reversed,1
3.000000000,filament-0000,71,348.000000000,206.000000000,1.000000000,45,pixel,branched_component;disconnected_skeleton;ambiguous_components;components_truncated;orientation_reversed,1
3.000000000,filament-0000,72,347.000000000,205.000000000,1.000000000,45,pixel,branched_component;disconnected_skeleton;ambiguous_components;components_truncated;orientation_reversed,1
3.000000000,filament-0000,73,346.000000000,204.000000000,1.000000000,45,pixel,branched_component;disconnected_skeleton;ambiguous_components;components_truncated;orientation_reversed,1
3.000000000,filament-0000,74,345.000000000,203.000000000,1.000000000,45,pixel,branched_component;disconnected_skeleton;ambiguous_components;components_truncated;orientation_reversed,1
3.000000000,filament-0000,75,344.000000000,202.000000000,1.000000000,45,pixel,branched_component;disconnected_skeleton;ambiguous_components;components_truncated;orientation_reversed,1
3.000000000,filament-0000,76,343.000000000,201.000000000,1.000000000,45,pixel,branched_component;disconnected_skeleton;ambiguous_components;components_truncated;orientation_reversed,1
3.000000000,filament-0000,77,342.000000000,200.000000000,1.000000000,45,pixel,branched_component;disconnected_skeleton;ambiguous_components;components_truncated;orientation_reversed,1
3.000000000,filament-0000,78,341.000000000,199.000000000,1.000000000,45,pixel,branched_component;disconnected_skeleton;ambiguous_components;components_truncated;orientation_reversed,1
3.000000000,filament-0000,79,340.000000000,198.000000000,1.000000000,45,pixel,branched_component;disconnected_skeleton;ambiguous_components;components_truncated;orientation_reversed,1
3.000000000,filament-0000,80,339.000000000,197.000000000,1.000000000,45,pixel,branched_component;disconnected_skeleton;ambiguous_components;components_truncated;orientation_reversed,1
3.000000000,filament-0000,81,338.000000000,196.000000000,1.000000000,45,pixel,branched_component;disconnected_skeleton;ambiguous_components;components_truncated;orientation_reversed,1
3.000000000,filament-0000,82,337.000000000,195.000000000,1.000000000,45,pixel,branched_component;disconnected_skeleton;ambiguous_components;components_truncated;orientation_reversed,1
4.000000000,filament-0000,0,322.000000000,257.000000000,1.000000000,60,pixel,disconnected_skeleton;ambiguous_components;components_truncated;orientation_reversed,1
4.000000000,filament-0000,1,323.000000000,257.000000000,1.000000000,60,pixel,disconnected_skeleton;ambiguous_components;components_truncated;orientation_reversed,1
4.000000000,filament-0000,2,324.000000000,257.000000000,1.000000000,60,pixel,disconnected_skeleton;ambiguous_components;components_truncated;orientation_reversed,1
4.000000000,filament-0000,3,325.000000000,257.000000000,1.000000000,60,pixel,disconnected_skeleton;ambiguous_components;components_truncated;orientation_reversed,1
4.000000000,filament-0000,4,326.000000000,256.000000000,1.000000000,60,pixel,disconnected_skeleton;ambiguous_components;components_truncated;orientation_reversed,1
4.000000000,filament-0000,5,327.000000000,256.000000000,1.000000000,60,pixel,disconnected_skeleton;ambiguous_components;components_truncated;orientation_reversed,1
4.000000000,filament-0000,6,328.000000000,255.000000000,1.000000000,60,pixel,disconnected_skeleton;ambiguous_components;components_truncated;orientation_reversed,1
4.000000000,filament-0000,7,329.000000000,255.000000000,1.000000000,60,pixel,disconnected_skeleton;ambiguous_components;components_truncated;orientation_reversed,1
4.000000000,filament-0000,8,330.000000000,255.000000000,1.000000000,60,pixel,disconnected_skeleton;ambiguous_components;components_truncated;orientation_reversed,1
4.000000000,filament-0000,9,331.000000000,255.000000000,1.000000000,60,pixel,disconnected_skeleton;ambiguous_components;components_truncated;orientation_reversed,1
4.000000000,filament-0000,10,332.000000000,255.000000000,1.000000000,60,pixel,disconnected_skeleton;ambiguous_components;components_truncated;orientation_reversed,1
4.000000000,filament-0000,11,333.000000000,255.000000000,1.000000000,60,pixel,disconnected_skeleton;ambiguous_components;components_truncated;orientation_reversed,1
4.000000000,filament-0000,12,334.000000000,254.000000000,1.000000000,60,pixel,disconnected_skeleton;ambiguous_components;components_truncated;orientation_reversed,1
4.000000000,filament-0000,13,335.000000000,254.000000000,1.000000000,60,pixel,disconnected_skeleton;ambiguous_components;components_truncated;orientation_reversed,1
4.000000000,filament-0000,14,336.000000000,254.000000000,1.000000000,60,pixel,disconnected_skeleton;ambiguous_components;components_truncated;orientation_reversed,1
4.000000000,filament-0000,15,337.000000000,254.000000000,1.000000000,60,pixel,disconnected_skeleton;ambiguous_components;components_truncated;orientation_reversed,1
4.000000000,filament-0000,16,338.000000000,254.000000000,1.000000000,60,pixel,disconnected_skeleton;ambiguous_components;components_truncated;orientation_reversed,1
4.000000000,filament-0000,17,339.000000000,254.000000000,1.000000000,60,pixel,disconnected_skeleton;ambiguous_components;components_truncated;orientation_reversed,1
4.000000000,filament-0000,18,340.000000000,254.000000000,1.000000000,60,pixel,disconnected_skeleton;ambiguous_components;components_truncated;orientation_reversed,1
4.000000000,filament-0000,19,341.000000000,254.000000000,1.000000000,60,pixel,disconnected_skeleton;ambiguous_components;components_truncated;orientation_reversed,1
4.000000000,filament-0000,20,342.000000000,253.000000000,1.000000000,60,pixel,disconnected_skeleton;ambiguous_components;components_truncated;orientation_reversed,1
4.000000000,filament-0000,21,343.000000000,253.000000000,1.000000000,60,pixel,disconnected_skeleton;ambiguous_components;components_truncated;orientation_reversed,1
4.000000000,filament-0000,22,344.000000000,253.000000000,1.000000000,60,pixel,disconnected_skeleton;ambiguous_components;components_truncated;orientation_reversed,1
4.000000000,filament-0000,23,345.000000000,253.000000000,1.000000000,60,pixel,disconnected_skeleton;ambiguous_components;components_truncated;orientation_reversed,1
4.000000000,filament-0000,24,346.000000000,253.000000000,1.000000000,60,pixel,disconnected_skeleton;ambiguous_components;components_truncated;orientation_reversed,1
4.000000000,filament-0000,25,347.000000000,252.000000000,1.000000000,60,pixel,disconnected_skeleton;ambiguous_components;components_truncated;orientation_reversed,1
4.000000000,filament-0000,26,348.000000000,252.000000000,1.000000000,60,pixel,disconnected_skeleton;ambiguous_components;components_truncated;orientation_reversed,1
4.000000000,filament-0000,27,349.000000000,253.000000000,1.000000000,60,pixel,disconnected_skeleton;ambiguous_components;components_truncated;orientation_reversed,1
4.000000000,filament-0000,28,350.000000000,253.000000000,1.000000000,60,pixel,disconnected_skeleton;ambiguous_components;components_truncated;orientation_reversed,1
4.000000000,filament-0000,29,351.000000000,253.000000000,1.000000000,60,pixel,disconnected_skeleton;ambiguous_components;components_truncated;orientation_reversed,1
4.000000000,filament-0000,30,352.000000000,253.000000000,1.000000000,60,pixel,disconnected_skeleton;ambiguous_components;components_truncated;orientation_reversed,1
4.000000000,filament-0000,31,353.000000000,253.000000000,1.000000000,60,pixel,disconnected_skeleton;ambiguous_components;components_truncated;orientation_reversed,1
4.000000000,filament-0000,32,354.000000000,253.000000000,1.000000000,60,pixel,disconnected_skeleton;ambiguous_components;components_truncated;orientation_reversed,1
4.000000000,filament-0000,33,355.000000000,253.000000000,1.000000000,60,pixel,disconnected_skeleton;ambiguous_components;components_truncated;orientation_reversed,1
4.000000000,filament-0000,34,356.000000000,253.000000000,1.000000000,60,pixel,disconnected_skeleton;ambiguous_components;components_truncated;orientation_reversed,1
4.000000000,filament-0000,35,357.000000000,253.000000000,1.000000000,60,pixel,disconnected_skeleton;ambiguous_components;components_truncated;orientation_reversed,1
4.000000000,filament-0000,36,358.000000000,253.000000000,1.000000000,60,pixel,disconnected_skeleton;ambiguous_components;components_truncated;orientation_reversed,1
4.000000000,filament-0000,37,359.000000000,254.000000000,1.000000000,60,pixel,disconnected_skeleton;ambiguous_components;components_truncated;orientation_reversed,1
4.000000000,filament-0000,38,360.000000000,254.000000000,1.000000000,60,pixel,disconnected_skeleton;ambiguous_components;components_truncated;orientation_reversed,1
4.000000000,filament-0000,39,361.000000000,254.000000000,1.000000000,60,pixel,disconnected_skeleton;ambiguous_components;components_truncated;orientation_reversed,1
4.000000000,filament-0000,40,362.000000000,255.000000000,1.000000000,60,pixel,disconnected_skeleton;ambiguous_components;components_truncated;orientation_reversed,1
4.000000000,filament-0000,41,363.000000000,255.000000000,1.000000000,60,pixel,disconnected_skeleton;ambiguous_components;components_truncated;orientation_reversed,1
4.000000000,filament-0000,42,364.000000000,256.000000000,1.000000000,60,pixel,disconnected_skeleton;ambiguous_components;components_truncated;orientation_reversed,1
4.000000000,filament-0000,43,365.000000000,256.000000000,1.000000000,60,pixel,disconnected_skeleton;ambiguous_components;components_truncated;orientation_reversed,1
4.000000000,filament-0000,44,366.000000000,256.000000000,1.000000000,60,pixel,disconnected_skeleton;ambiguous_components;components_truncated;orientation_reversed,1
4.000000000,filament-0000,45,367.000000000,257.000000000,1.000000000,60,pixel,disconnected_skeleton;ambiguous_components;components_truncated;orientation_reversed,1
4.000000000,filament-0000,46,368.000000000,257.000000000,1.000000000,60,pixel,disconnected_skeleton;ambiguous_components;components_truncated;orientation_reversed,1
4.000000000,filament-0000,47,369.000000000,257.000000000,1.000000000,60,pixel,disconnected_skeleton;ambiguous_components;components_truncated;orientation_reversed,1
4.000000000,filament-0000,48,370.000000000,257.000000000,1.000000000,60,pixel,disconnected_skeleton;ambiguous_components;components_truncated;orientation_reversed,1
4.000000000,filament-0000,49,371.000000000,257.000000000,1.000000000,60,pixel,disconnected_skeleton;ambiguous_components;components_truncated;orientation_reversed,1
4.000000000,filament-0000,50,372.000000000,257.000000000,1.000000000,60,pixel,disconnected_skeleton;ambiguous_components;components_truncated;orientation_reversed,1
4.000000000,filament-0000,51,373.000000000,257.000000000,1.000000000,60,pixel,disconnected_skeleton;ambiguous_components;components_truncated;orientation_reversed,1
4.000000000,filament-0000,52,374.000000000,257.000000000,1.000000000,60,pixel,disconnected_skeleton;ambiguous_components;components_truncated;orientation_reversed,1
4.000000000,filament-0000,53,375.000000000,256.000000000,1.000000000,60,pixel,disconnected_skeleton;ambiguous_components;components_truncated;orientation_reversed,1
4.000000000,filament-0000,54,375.000000000,255.000000000,1.000000000,60,pixel,disconnected_skeleton;ambiguous_components;components_truncated;orientation_reversed,1
4.000000000,filament-0000,55,375.000000000,254.000000000,1.000000000,60,pixel,disconnected_skeleton;ambiguous_components;components_truncated;orientation_reversed,1
4.000000000,filament-0000,56,375.000000000,253.000000000,1.000000000,60,pixel,disconnected_skeleton;ambiguous_components;components_truncated;orientation_reversed,1
4.000000000,filament-0000,57,375.000000000,252.000000000,1.000000000,60,pixel,disconnected_skeleton;ambiguous_components;components_truncated;orientation_reversed,1
4.000000000,filament-0000,58,374.000000000,251.000000000,1.000000000,60,pixel,disconnected_skeleton;ambiguous_components;components_truncated;orientation_reversed,1
4.000000000,filament-0000,59,373.000000000,250.000000000,1.000000000,60,pixel,disconnected_skeleton;ambiguous_components;components_truncated;orientation_reversed,1
4.000000000,filament-0000,60,372.000000000,249.000000000,1.000000000,60,pixel,disconnected_skeleton;ambiguous_components;components_truncated;orientation_reversed,1
4.000000000,filament-0000,61,372.000000000,248.000000000,1.000000000,60,pixel,disconnected_skeleton;ambiguous_components;components_truncated;orientation_reversed,1
4.000000000,filament-0000,62,371.000000000,247.000000000,1.000000000,60,pixel,disconnected_skeleton;ambiguous_components;components_truncated;orientation_reversed,1
4.000000000,filament-0000,63,371.000000000,246.000000000,1.000000000,60,pixel,disconnected_skeleton;ambiguous_components;components_truncated;orientation_reversed,1
4.000000000,filament-0000,64,370.000000000,245.000000000,1.000000000,60,pixel,disconnected_skeleton;ambiguous_components;components_truncated;orientation_reversed,1
4.000000000,filament-0000,65,369.000000000,244.000000000,1.000000000,60,pixel,disconnected_skeleton;ambiguous_components;components_truncated;orientation_reversed,1
4.000000000,filament-0000,66,369.000000000,243.000000000,1.000000000,60,pixel,disconnected_skeleton;ambiguous_components;components_truncated;orientation_reversed,1
4.000000000,filament-0000,67,368.000000000,242.000000000,1.000000000,60,pixel,disconnected_skeleton;ambiguous_components;components_truncated;orientation_reversed,1
4.000000000,filament-0000,68,368.000000000,241.000000000,1.000000000,60,pixel,disconnected_skeleton;ambiguous_components;components_truncated;orientation_reversed,1
4.000000000,filament-0000,69,367.000000000,240.000000000,1.000000000,60,pixel,disconnected_skeleton;ambiguous_components;components_truncated;orientation_reversed,1
4.000000000,filament-0000,70,367.000000000,239.000000000,1.000000000,60,pixel,disconnected_skeleton;ambiguous_components;components_truncated;orientation_reversed,1
4.000000000,filament-0000,71,367.000000000,238.000000000,1.000000000,60,pixel,disconnected_skeleton;ambiguous_components;components_truncated;orientation_reversed,1
4.000000000,filament-0000,72,366.000000000,237.000000000,1.000000000,60,pixel,disconnected_skeleton;ambiguous_components;components_truncated;orientation_reversed,1
4.000000000,filament-0000,73,366.000000000,236.000000000,1.000000000,60,pixel,disconnected_skeleton;ambiguous_components;components_truncated;orientation_reversed,1
4.000000000,filament-0000,74,366.000000000,235.000000000,1.000000000,60,pixel,disconnected_skeleton;ambiguous_components;components_truncated;orientation_reversed,1
4.000000000,filament-0000,75,365.000000000,234.000000000,1.000000000,60,pixel,disconnected_skeleton;ambiguous_components;components_truncated;orientation_reversed,1
4.000000000,filament-0000,76,365.000000000,233.000000000,1.000000000,60,pixel,disconnected_skeleton;ambiguous_components;components_truncated;orientation_reversed,1
4.000000000,filament-0000,77,365.000000000,232.000000000,1.000000000,60,pixel,disconnected_skeleton;ambiguous_components;components_truncated;orientation_reversed,1
4.000000000,filament-0000,78,364.000000000,231.000000000,1.000000000,60,pixel,disconnected_skeleton;ambiguous_components;components_truncated;orientation_reversed,1
4.000000000,filament-0000,79,363.000000000,230.000000000,1.000000000,60,pixel,disconnected_skeleton;ambiguous_components;components_truncated;orientation_reversed,1
4.000000000,filament-0000,80,363.000000000,229.000000000,1.000000000,60,pixel,disconnected_skeleton;ambiguous_components;components_truncated;orientation_reversed,1
4.000000000,filament-0000,81,363.000000000,228.000000000,1.000000000,60,pixel,disconnected_skeleton;ambiguous_components;components_truncated;orientation_reversed,1
4.000000000,filament-0000,82,362.000000000,227.000000000,1.000000000,60,pixel,disconnected_skeleton;ambiguous_components;components_truncated;orientation_reversed,1
4.000000000,filament-0000,83,361.000000000,226.000000000,1.000000000,60,pixel,disconnected_skeleton;ambiguous_components;components_truncated;orientation_reversed,1
4.000000000,filament-0000,84,361.000000000,225.000000000,1.000000000,60,pixel,disconnected_skeleton;ambiguous_components;components_truncated;orientation_reversed,1
4.000000000,filament-0000,85,360.000000000,224.000000000,1.000000000,60,pixel,disconnected_skeleton;ambiguous_components;components_truncated;orientation_reversed,1
4.000000000,filament-0000,86,360.000000000,223.000000000,1.000000000,60,pixel,disconnected_skeleton;ambiguous_components;components_truncated;orientation_reversed,1
4.000000000,filament-0000,87,359.000000000,222.000000000,1.000000000,60,pixel,disconnected_skeleton;ambiguous_components;components_truncated;orientation_reversed,1
4.000000000,filament-0000,88,358.000000000,221.000000000,1.000000000,60,pixel,disconnected_skeleton;ambiguous_components;components_truncated;orientation_reversed,1
4.000000000,filament-0000,89,357.000000000,220.000000000,1.000000000,60,pixel,disconnected_skeleton;ambiguous_components;components_truncated;orientation_reversed,1
4.000000000,filament-0000,90,356.000000000,219.000000000,1.000000000,60,pixel,disconnected_skeleton;ambiguous_components;components_truncated;orientation_reversed,1
4.000000000,filament-0000,91,356.000000000,218.000000000,1.000000000,60,pixel,disconnected_skeleton;ambiguous_components;components_truncated;orientation_reversed,1
4.000000000,filament-0000,92,355.000000000,217.000000000,1.000000000,60,pixel,disconnected_skeleton;ambiguous_components;components_truncated;orientation_reversed,1
4.000000000,filament-0000,93,354.000000000,216.000000000,1.000000000,60,pixel,disconnected_skeleton;ambiguous_components;components_truncated;orientation_reversed,1
4.000000000,filament-0000,94,353.000000000,215.000000000,1.000000000,60,pixel,disconnected_skeleton;ambiguous_components;components_truncated;orientation_reversed,1
4.000000000,filament-0000,95,352.000000000,214.000000000,1.000000000,60,pixel,disconnected_skeleton;ambiguous_components;components_truncated;orientation_reversed,1
4.000000000,filament-0000,96,351.000000000,213.000000000,1.000000000,60,pixel,disconnected_skeleton;ambiguous_components;components_truncated;orientation_reversed,1
4.000000000,filament-0000,97,351.000000000,212.000000000,1.000000000,60,pixel,disconnected_skeleton;ambiguous_components;components_truncated;orientation_reversed,1
4.000000000,filament-0000,98,350.000000000,211.000000000,1.000000000,60,pixel,disconnected_skeleton;ambiguous_components;components_truncated;orientation_reversed,1
4.000000000,filament-0000,99,349.000000000,210.000000000,1.000000000,60,pixel,disconnected_skeleton;ambiguous_components;components_truncated;orientation_reversed,1
4.000000000,filament-0000,100,348.000000000,209.000000000,1.000000000,60,pixel,disconnected_skeleton;ambiguous_components;components_truncated;orientation_reversed,1
4.000000000,filament-0000,101,347.000000000,208.000000000,1.000000000,60,pixel,disconnected_skeleton;ambiguous_components;components_truncated;orientation_reversed,1
4.000000000,filament-0000,102,346.000000000,207.000000000,1.000000000,60,pixel,disconnected_skeleton;ambiguous_components;components_truncated;orientation_reversed,1
4.000000000,filament-0000,103,345.000000000,206.000000000,1.000000000,60,pixel,disconnected_skeleton;ambiguous_components;components_truncated;orientation_reversed,1
4.000000000,filament-0000,104,345.000000000,205.000000000,1.000000000,60,pixel,disconnected_skeleton;ambiguous_components;components_truncated;orientation_reversed,1
4.000000000,filament-0000,105,344.000000000,204.000000000,1.000000000,60,pixel,disconnected_skeleton;ambiguous_components;components_truncated;orientation_reversed,1
4.000000000,filament-0000,106,343.000000000,203.000000000,1.000000000,60,pixel,disconnected_skeleton;ambiguous_components;components_truncated;orientation_reversed,1
4.000000000,filament-0000,107,342.000000000,203.000000000,1.000000000,60,pixel,disconnected_skeleton;ambiguous_components;components_truncated;orientation_reversed,1
4.000000000,filament-0000,108,341.000000000,202.000000000,1.000000000,60,pixel,disconnected_skeleton;ambiguous_components;components_truncated;orientation_reversed,1
4.000000000,filament-0000,109,340.000000000,201.000000000,1.000000000,60,pixel,disconnected_skeleton;ambiguous_components;components_truncated;orientation_reversed,1
4.000000000,filament-0000,110,339.000000000,200.000000000,1.000000000,60,pixel,disconnected_skeleton;ambiguous_components;components_truncated;orientation_reversed,1
4.000000000,filament-0000,111,338.000000000,199.000000000,1.000000000,60,pixel,disconnected_skeleton;ambiguous_components;components_truncated;orientation_reversed,1
4.000000000,filament-0000,112,337.000000000,198.000000000,1.000000000,60,pixel,disconnected_skeleton;ambiguous_components;components_truncated;orientation_reversed,1
4.000000000,filament-0000,113,336.000000000,197.000000000,1.000000000,60,pixel,disconnected_skeleton;ambiguous_components;components_truncated;orientation_reversed,1
4.000000000,filament-0000,114,335.000000000,196.000000000,1.000000000,60,pixel,disconnected_skeleton;ambiguous_components;components_truncated;orientation_reversed,1
4.000000000,filament-0000,115,334.000000000,195.000000000,1.000000000,60,pixel,disconnected_skeleton;ambiguous_components;components_truncated;orientation_reversed,1
4.000000000,filament-0000,116,333.000000000,194.000000000,1.000000000,60,pixel,disconnected_skeleton;ambiguous_components;components_truncated;orientation_reversed,1
4.000000000,filament-0000,117,332.000000000,193.000000000,1.000000000,60,pixel,disconnected_skeleton;ambiguous_components;components_truncated;orientation_reversed,1
4.000000000,filament-0000,118,331.000000000,192.000000000,1.000000000,60,pixel,disconnected_skeleton;ambiguous_components;components_truncated;orientation_reversed,1
4.000000000,filament-0000,119,330.000000000,191.000000000,1.000000000,60,pixel,disconnected_skeleton;ambiguous_components;components_truncated;orientation_reversed,1
4.000000000,filament-0000,120,329.000000000,190.000000000,1.000000000,60,pixel,disconnected_skeleton;ambiguous_components;components_truncated;orientation_reversed,1
4.000000000,filament-0000,121,328.000000000,189.000000000,1.000000000,60,pixel,disconnected_skeleton;ambiguous_components;components_truncated;orientation_reversed,1
4.000000000,filament-0000,122,327.000000000,188.000000000,1.000000000,60,pixel,disconnected_skeleton;ambiguous_components;components_truncated;orientation_reversed,1
4.000000000,filament-0000,123,326.000000000,187.000000000,1.000000000,60,pixel,disconnected_skeleton;ambiguous_components;components_truncated;orientation_reversed,1
4.000000000,filament-0000,124,325.000000000,186.000000000,1.000000000,60,pixel,disconnected_skeleton;ambiguous_components;components_truncated;orientation_reversed,1
4.000000000,filament-0000,125,324.000000000,186.000000000,1.000000000,60,pixel,disconnected_skeleton;ambiguous_components;components_truncated;orientation_reversed,1
4.000000000,filament-0000,126,323.000000000,185.000000000,1.000000000,60,pixel,disconnected_skeleton;ambiguous_components;components_truncated;orientation_reversed,1
4.000000000,filament-0000,127,322.000000000,184.000000000,1.000000000,60,pixel,disconnected_skeleton;ambiguous_components;components_truncated;orientation_reversed,1
4.000000000,filament-0000,128,321.000000000,184.000000000,1.000000000,60,pixel,disconnected_skeleton;ambiguous_components;components_truncated;orientation_reversed,1
4.000000000,filament-0000,129,320.000000000,183.000000000,1.000000000,60,pixel,disconnected_skeleton;ambiguous_components;components_truncated;orientation_reversed,1
4.000000000,filament-0000,130,319.000000000,182.000000000,1.000000000,60,pixel,disconnected_skeleton;ambiguous_components;components_truncated;orientation_reversed,1
4.000000000,filament-0000,131,318.000000000,182.000000000,1.000000000,60,pixel,disconnected_skeleton;ambiguous_components;components_truncated;orientation_reversed,1
4.000000000,filament-0000,132,317.000000000,181.000000000,1.000000000,60,pixel,disconnected_skeleton;ambiguous_components;components_truncated;orientation_reversed,1
7.000000000,filament-0001,0,195.000000000,109.000000000,1.000000000,105,pixel,branched_component;disconnected_skeleton;ambiguous_components;components_truncated;new_lineage,1
7.000000000,filament-0001,1,196.714231328,109.000000000,1.000000000,105,pixel,branched_component;disconnected_skeleton;ambiguous_components;components_truncated;new_lineage,1
7.000000000,filament-0001,2,198.302968850,109.302968850,1.000000000,105,pixel,branched_component;disconnected_skeleton;ambiguous_components;components_truncated;new_lineage,1
7.000000000,filament-0001,3,199.728480423,110.000000000,1.000000000,105,pixel,branched_component;disconnected_skeleton;ambiguous_components;components_truncated;new_lineage,1
7.000000000,filament-0001,4,201.028498189,111.000000000,1.000000000,105,pixel,branched_component;disconnected_skeleton;ambiguous_components;components_truncated;new_lineage,1
7.000000000,filament-0001,5,202.525189078,111.525189078,1.000000000,105,pixel,branched_component;disconnected_skeleton;ambiguous_components;components_truncated;new_lineage,1
7.000000000,filament-0001,6,203.737333675,112.737333675,1.000000000,105,pixel,branched_component;disconnected_skeleton;ambiguous_components;components_truncated;new_lineage,1
7.000000000,filament-0001,7,205.242371491,113.242371491,1.000000000,105,pixel,branched_component;disconnected_skeleton;ambiguous_components;components_truncated;new_lineage,1
7.000000000,filament-0001,8,206.454516088,114.454516088,1.000000000,105,pixel,branched_component;disconnected_skeleton;ambiguous_components;components_truncated;new_lineage,1
7.000000000,filament-0001,9,207.942800582,115.000000000,1.000000000,105,pixel,branched_component;disconnected_skeleton;ambiguous_components;components_truncated;new_lineage,1
7.000000000,filament-0001,10,209.242818348,116.000000000,1.000000000,105,pixel,branched_component;disconnected_skeleton;ambiguous_components;components_truncated;new_lineage,1
7.000000000,filament-0001,11,210.676736316,116.676736316,1.000000000,105,pixel,branched_component;disconnected_skeleton;ambiguous_components;components_truncated;new_lineage,1
7.000000000,filament-0001,12,212.181774132,117.181774132,1.000000000,105,pixel,branched_component;disconnected_skeleton;ambiguous_components;components_truncated;new_lineage,1
7.000000000,filament-0001,13,213.557085208,118.000000000,1.000000000,105,pixel,branched_component;disconnected_skeleton;ambiguous_components;components_truncated;new_lineage,1
7.000000000,filament-0001,14,214.898956544,118.898956544,1.000000000,105,pixel,branched_component;disconnected_skeleton;ambiguous_components;components_truncated;new_lineage,1
7.000000000,filament-0001,15,216.157120740,120.000000000,1.000000000,105,pixel,branched_component;disconnected_skeleton;ambiguous_components;components_truncated;new_lineage,1
7.000000000,filament-0001,16,217.616138957,120.616138957,1.000000000,105,pixel,branched_component;disconnected_skeleton;ambiguous_components;components_truncated;new_lineage,1
7.000000000,filament-0001,17,218.828283553,121.828283553,1.000000000,105,pixel,branched_component;disconnected_skeleton;ambiguous_components;components_truncated;new_lineage,1
7.000000000,filament-0001,18,220.333321369,122.333321369,1.000000000,105,pixel,branched_component;disconnected_skeleton;ambiguous_components;components_truncated;new_lineage,1
7.000000000,filament-0001,19,221.771405367,123.000000000,1.000000000,105,pixel,branched_component;disconnected_skeleton;ambiguous_components;components_truncated;new_lineage,1
7.000000000,filament-0001,20,223.050503782,124.050503782,1.000000000,105,pixel,branched_component;disconnected_skeleton;ambiguous_components;components_truncated;new_lineage,1
7.000000000,filament-0001,21,224.371440899,125.000000000,1.000000000,105,pixel,branched_component;disconnected_skeleton;ambiguous_components;components_truncated;new_lineage,1
7.000000000,filament-0001,22,225.767686194,125.767686194,1.000000000,105,pixel,branched_component;disconnected_skeleton;ambiguous_components;components_truncated;new_lineage,1
7.000000000,filament-0001,23,226.979830791,126.979830791,1.000000000,105,pixel,branched_component;disconnected_skeleton;ambiguous_components;components_truncated;new_lineage,1
7.000000000,filament-0001,24,228.191975388,128.191975388,1.000000000,105,pixel,branched_component;disconnected_skeleton;ambiguous_components;components_truncated;new_lineage,1
7.000000000,filament-0001,25,229.571511963,129.000000000,1.000000000,105,pixel,branched_component;disconnected_skeleton;ambiguous_components;components_truncated;new_lineage,1
7.000000000,filament-0001,26,230.909157800,129.909157800,1.000000000,105,pixel,branched_component;disconnected_skeleton;ambiguous_components;components_truncated;new_lineage,1
7.000000000,filament-0001,27,232.414195616,130.414195616,1.000000000,105,pixel,branched_component;disconnected_skeleton;ambiguous_components;components_truncated;new_lineage,1
7.000000000,filament-0001,28,233.885778824,131.000000000,1.000000000,105,pixel,branched_component;disconnected_skeleton;ambiguous_components;components_truncated;new_lineage,1
7.000000000,filament-0001,29,235.185796590,132.000000000,1.000000000,105,pixel,branched_component;disconnected_skeleton;ambiguous_components;components_truncated;new_lineage,1
7.000000000,filament-0001,30,236.636415844,132.636415844,1.000000000,105,pixel,branched_component;disconnected_skeleton;ambiguous_components;components_truncated;new_lineage,1
7.000000000,filament-0001,31,237.848560441,133.848560441,1.000000000,105,pixel,branched_component;disconnected_skeleton;ambiguous_components;components_truncated;new_lineage,1
7.000000000,filament-0001,32,239.500063450,134.000000000,1.000000000,105,pixel,branched_component;disconnected_skeleton;ambiguous_components;components_truncated;new_lineage,1
7.000000000,filament-0001,33,240.858636072,134.858636072,1.000000000,105,pixel,branched_component;disconnected_skeleton;ambiguous_components;components_truncated;new_lineage,1
7.000000000,filament-0001,34,242.100098982,136.000000000,1.000000000,105,pixel,branched_component;disconnected_skeleton;ambiguous_components;components_truncated;new_lineage,1
7.000000000,filament-0001,35,243.575818485,136.575818485,1.000000000,105,pixel,branched_component;disconnected_skeleton;ambiguous_components;components_truncated;new_lineage,1
7.000000000,filament-0001,36,245.080856300,137.080856300,1.000000000,105,pixel,branched_component;disconnected_skeleton;ambiguous_components;components_truncated;new_lineage,1
7.000000000,filament-0001,37,246.414365843,138.000000000,1.000000000,105,pixel,branched_component;disconnected_skeleton;ambiguous_components;components_truncated;new_lineage,1
7.000000000,filament-0001,38,247.798038713,138.798038713,1.000000000,105,pixel,branched_component;disconnected_skeleton;ambiguous_components;components_truncated;new_lineage,1
7.000000000,filament-0001,39,249.428614937,139.000000000,1.000000000,105,pixel,branched_component;disconnected_skeleton;ambiguous_components;components_truncated;new_lineage,1
7.000000000,filament-0001,40,250.808114344,139.808114344,1.000000000,105,pixel,branched_component;disconnected_skeleton;ambiguous_components;components_truncated;new_lineage,1
7.000000000,filament-0001,41,252.028650469,141.000000000,1.000000000,105,pixel,branched_component;disconnected_skeleton;ambiguous_components;components_truncated;new_lineage,1
7.000000000,filament-0001,42,253.525296757,141.525296757,1.000000000,105,pixel,branched_component;disconnected_skeleton;ambiguous_components;components_truncated;new_lineage,1
7.000000000,filament-0001,43,254.737441354,142.737441354,1.000000000,105,pixel,branched_component;disconnected_skeleton;ambiguous_components;components_truncated;new_lineage,1
7.000000000,filament-0001,44,255.949585951,143.949585951,1.000000000,105,pixel,branched_component;disconnected_skeleton;ambiguous_components;components_truncated;new_lineage,1
7.000000000,filament-0001,45,257.228721534,145.000000000,1.000000000,105,pixel,branched_component;disconnected_skeleton;ambiguous_components;components_truncated;new_lineage,1
7.000000000,filament-0001,46,258.666768363,145.666768363,1.000000000,105,pixel,branched_component;disconnected_skeleton;ambiguous_components;components_truncated;new_lineage,1
7.000000000,filament-0001,47,259.878912960,146.878912960,1.000000000,105,pixel,branched_component;disconnected_skeleton;ambiguous_components;components_truncated;new_lineage,1
7.000000000,filament-0001,48,261.383950776,147.383950776,1.000000000,105,pixel,branched_component;disconnected_skeleton;ambiguous_components;components_truncated;new_lineage,1
7.000000000,filament-0001,49,262.596095372,148.596095372,1.000000000,105,pixel,branched_component;disconnected_skeleton;ambiguous_components;components_truncated;new_lineage,1
7.000000000,filament-0001,50,263.808239969,149.808239969,1.000000000,105,pixel,branched_component;disconnected_skeleton;ambiguous_components;components_truncated;new_lineage,1
7.000000000,filament-0001,51,265.028828130,151.000000000,1.000000000,105,pixel,branched_component;disconnected_skeleton;ambiguous_components;components_truncated;new_lineage,1
7.000000000,filament-0001,52,266.525422382,151.525422382,1.000000000,105,pixel,branched_component;disconnected_skeleton;ambiguous_components;components_truncated;new_lineage,1
7.000000000,filament-0001,53,267.737566979,152.737566979,1.000000000,105,pixel,branched_component;disconnected_skeleton;ambiguous_components;components_truncated;new_lineage,1
7.000000000,filament-0001,54,269.343094990,153.000000000,1.000000000,105,pixel,branched_component;disconnected_skeleton;ambiguous_components;components_truncated;new_lineage,1
7.000000000,filament-0001,55,270.747642610,153.747642610,1.000000000,105,pixel,branched_component;disconnected_skeleton;ambiguous_components;components_truncated;new_lineage,1
7.000000000,filament-0001,56,271.959787207,154.959787207,1.000000000,105,pixel,branched_component;disconnected_skeleton;ambiguous_components;components_truncated;new_lineage,1
7.000000000,filament-0001,57,273.243148289,156.000000000,1.000000000,105,pixel,branched_component;disconnected_skeleton;ambiguous_components;components_truncated;new_lineage,1
7.000000000,filament-0001,58,274.676969619,156.676969619,1.000000000,105,pixel,branched_component;disconnected_skeleton;ambiguous_components;components_truncated;new_lineage,1
7.000000000,filament-0001,59,275.889114216,157.889114216,1.000000000,105,pixel,branched_component;disconnected_skeleton;ambiguous_components;components_truncated;new_lineage,1
7.000000000,filament-0001,60,277.557415149,158.000000000,1.000000000,105,pixel,branched_component;disconnected_skeleton;ambiguous_components;components_truncated;new_lineage,1
7.000000000,filament-0001,61,278.899189847,158.899189847,1.000000000,105,pixel,branched_component;disconnected_skeleton;ambiguous_components;components_truncated;new_lineage,1
7.000000000,filament-0001,62,280.404227663,159.404227663,1.000000000,105,pixel,branched_component;disconnected_skeleton;ambiguous_components;components_truncated;new_lineage,1
7.000000000,filament-0001,63,281.616372260,160.616372260,1.000000000,105,pixel,branched_component;disconnected_skeleton;ambiguous_components;components_truncated;new_lineage,1
7.000000000,filament-0001,64,282.828516857,161.828516857,1.000000000,105,pixel,branched_component;disconnected_skeleton;ambiguous_components;components_truncated;new_lineage,1
7.000000000,filament-0001,65,284.057503979,163.000000000,1.000000000,105,pixel,branched_component;disconnected_skeleton;ambiguous_components;components_truncated;new_lineage,1
7.000000000,filament-0001,66,285.545699269,163.545699269,1.000000000,105,pixel,branched_component;disconnected_skeleton;ambiguous_components;components_truncated;new_lineage,1
7.000000000,filament-0001,67,286.757843866,164.757843866,1.000000000,105,pixel,branched_component;disconnected_skeleton;ambiguous_components;components_truncated;new_lineage,1
7.000000000,filament-0001,68,288.262881682,165.262881682,1.000000000,105,pixel,branched_component;disconnected_skeleton;ambiguous_components;components_truncated;new_lineage,1
7.000000000,filament-0001,69,289.475026279,166.475026279,1.000000000,105,pixel,branched_component;disconnected_skeleton;ambiguous_components;components_truncated;new_lineage,1
7.000000000,filament-0001,70,290.971806372,167.000000000,1.000000000,105,pixel,branched_component;disconnected_skeleton;ambiguous_components;components_truncated;new_lineage,1
7.000000000,filament-0001,71,292.271824138,168.000000000,1.000000000,105,pixel,branched_component;disconnected_skeleton;ambiguous_components;components_truncated;new_lineage,1
7.000000000,filament-0001,72,293.697246507,168.697246507,1.000000000,105,pixel,branched_component;disconnected_skeleton;ambiguous_components;components_truncated;new_lineage,1
7.000000000,filament-0001,73,294.909391104,169.909391104,1.000000000,105,pixel,branched_component;disconnected_skeleton;ambiguous_components;components_truncated;new_lineage,1
7.000000000,filament-0001,74,296.121535701,171.121535701,1.000000000,105,pixel,branched_component;disconnected_skeleton;ambiguous_components;components_truncated;new_lineage,1
7.000000000,filament-0001,75,297.471895202,172.000000000,1.000000000,105,pixel,branched_component;disconnected_skeleton;ambiguous_components;components_truncated;new_lineage,1
7.000000000,filament-0001,76,298.838718113,172.838718113,1.000000000,105,pixel,branched_component;disconnected_skeleton;ambiguous_components;components_truncated;new_lineage,1
7.000000000,filament-0001,77,300.000000000,174.071930734,1.000000000,105,pixel,branched_component;disconnected_skeleton;ambiguous_components;components_truncated;new_lineage,1
7.000000000,filament-0001,78,300.555900526,175.555900526,1.000000000,105,pixel,branched_component;disconnected_skeleton;ambiguous_components;components_truncated;new_lineage,1
7.000000000,filament-0001,79,301.768045122,176.768045122,1.000000000,105,pixel,branched_component;disconnected_skeleton;ambiguous_components;components_truncated;new_lineage,1
7.000000000,filament-0001,80,302.980189719,177.980189719,1.000000000,105,pixel,branched_component;disconnected_skeleton;ambiguous_components;components_truncated;new_lineage,1
7.000000000,filament-0001,81,304.000000000,179.272001798,1.000000000,105,pixel,branched_component;disconnected_skeleton;ambiguous_components;components_truncated;new_lineage,1
7.000000000,filament-0001,82,304.697372132,180.697372132,1.000000000,105,pixel,branched_component;disconnected_skeleton;ambiguous_components;components_truncated;new_lineage,1
7.000000000,filament-0001,83,305.909516729,181.909516729,1.000000000,105,pixel,branched_component;disconnected_skeleton;ambiguous_components;components_truncated;new_lineage,1
7.000000000,filament-0001,84,307.586268659,182.000000000,1.000000000,105,pixel,branched_component;disconnected_skeleton;ambiguous_components;components_truncated;new_lineage,1
7.000000000,filament-0001,85,309.212485579,182.212485579,1.000000000,105,pixel,branched_component;disconnected_skeleton;ambiguous_components;components_truncated;new_lineage,1
7.000000000,filament-0001,86,310.600517753,183.000000000,1.000000000,105,pixel,branched_component;disconnected_skeleton;ambiguous_components;components_truncated;new_lineage,1
7.000000000,filament-0001,87,312.314749082,183.000000000,1.000000000,105,pixel,branched_component;disconnected_skeleton;ambiguous_components;components_truncated;new_lineage,1
7.000000000,filament-0001,88,314.020492245,183.020492245,1.000000000,105,pixel,branched_component;disconnected_skeleton;ambiguous_components;components_truncated;new_lineage,1
7.000000000,filament-0001,89,315.328998176,184.000000000,1.000000000,105,pixel,branched_component;disconnected_skeleton;ambiguous_components;components_truncated;new_lineage,1
7.000000000,filament-0001,90,316.737674657,184.737674657,1.000000000,105,pixel,branched_component;disconnected_skeleton;ambiguous_components;components_truncated;new_lineage,1
7.000000000,filament-0001,91,317.949819254,185.949819254,1.000000000,105,pixel,branched_component;disconnected_skeleton;ambiguous_components;components_truncated;new_lineage,1
7.000000000,filament-0001,92,319.454857070,186.454857070,1.000000000,105,pixel,branched_component;disconnected_skeleton;ambiguous_components;components_truncated;new_lineage,1
7.000000000,filament-0001,93,320.943282803,187.000000000,1.000000000,105,pixel,branched_component;disconnected_skeleton;ambiguous_components;components_truncated;new_lineage,1
7.000000000,filament-0001,94,322.172039482,188.172039482,1.000000000,105,pixel,branched_component;disconnected_skeleton;ambiguous_components;components_truncated;new_lineage,1
7.000000000,filament-0001,95,323.384184079,189.384184079,1.000000000,105,pixel,branched_component;disconnected_skeleton;ambiguous_components;components_truncated;new_lineage,1
7.000000000,filament-0001,96,324.596328676,190.596328676,1.000000000,105,pixel,branched_component;disconnected_skeleton;ambiguous_components;components_truncated;new_lineage,1
7.000000000,filament-0001,97,326.101366492,191.101366492,1.000000000,105,pixel,branched_component;disconnected_skeleton;ambiguous_components;components_truncated;new_lineage,1
7.000000000,filament-0001,98,327.313511088,192.313511088,1.000000000,105,pixel,branched_component;disconnected_skeleton;ambiguous_components;components_truncated;new_lineage,1
7.000000000,filament-0001,99,328.525655685,193.525655685,1.000000000,105,pixel,branched_component;disconnected_skeleton;ambiguous_components;components_truncated;new_lineage,1
7.000000000,filament-0001,100,329.737800282,194.737800282,1.000000000,105,pixel,branched_component;disconnected_skeleton;ambiguous_components;components_truncated;new_lineage,1
7.000000000,filament-0001,101,330.949944879,195.949944879,1.000000000,105,pixel,branched_component;disconnected_skeleton;ambiguous_components;components_truncated;new_lineage,1
7.000000000,filament-0001,102,332.162089476,197.162089476,1.000000000,105,pixel,branched_component;disconnected_skeleton;ambiguous_components;components_truncated;new_lineage,1
7.000000000,filament-0001,103,333.374234073,198.374234073,1.000000000,105,pixel,branched_component;disconnected_skeleton;ambiguous_components;components_truncated;new_lineage,1
7.000000000,filament-0001,104,334.829264667,199.000000000,1.000000000,105,pixel,branched_component;disconnected_skeleton;ambiguous_components;components_truncated;new_lineage,1
7.000000000,filament-0001,105,336.091416485,200.091416485,1.000000000,105,pixel,branched_component;disconnected_skeleton;ambiguous_components;components_truncated;new_lineage,1
7.000000000,filament-0001,106,337.000000000,201.429300199,1.000000000,105,pixel,branched_component;disconnected_skeleton;ambiguous_components;components_truncated;new_lineage,1
7.000000000,filament-0001,107,337.808598898,202.808598898,1.000000000,105,pixel,branched_component;disconnected_skeleton;ambiguous_components;components_truncated;new_lineage,1
7.000000000,filament-0001,108,339.029335731,204.000000000,1.000000000,105,pixel,branched_component;disconnected_skeleton;ambiguous_components;components_truncated;new_lineage,1
7.000000000,filament-0001,109,340.525781310,204.525781310,1.000000000,105,pixel,branched_component;disconnected_skeleton;ambiguous_components;components_truncated;new_lineage,1
7.000000000,filament-0001,110,341.737925907,205.737925907,1.000000000,105,pixel,branched_component;disconnected_skeleton;ambiguous_components;components_truncated;new_lineage,1
7.000000000,filament-0001,111,342.950070504,206.950070504,1.000000000,105,pixel,branched_component;disconnected_skeleton;ambiguous_components;components_truncated;new_lineage,1
7.000000000,filament-0001,112,344.162215101,208.162215101,1.000000000,105,pixel,branched_component;disconnected_skeleton;ambiguous_components;components_truncated;new_lineage,1
7.000000000,filament-0001,113,345.374359698,209.374359698,1.000000000,105,pixel,branched_component;disconnected_skeleton;ambiguous_components;components_truncated;new_lineage,1
7.000000000,filament-0001,114,346.000000000,210.829442328,1.000000000,105,pixel,branched_component;disconnected_skeleton;ambiguous_components;components_truncated;new_lineage,1
7.000000000,filament-0001,115,347.091542110,212.091542110,1.000000000,105,pixel,branched_component;disconnected_skeleton;ambiguous_components;components_truncated;new_lineage,1
7.000000000,filament-0001,116,348.000000000,213.429477860,1.000000000,105,pixel,branched_component;disconnected_skeleton;ambiguous_components;components_truncated;new_lineage,1
7.000000000,filament-0001,117,348.808724523,214.808724523,1.000000000,105,pixel,branched_component;disconnected_skeleton;ambiguous_components;components_truncated;new_lineage,1
7.000000000,filament-0001,118,349.000000000,216.443726954,1.000000000,105,pixel,branched_component;disconnected_skeleton;ambiguous_components;components_truncated;new_lineage,1
7.000000000,filament-0001,119,349.818800154,217.818800154,1.000000000,105,pixel,branched_component;disconnected_skeleton;ambiguous_components;components_truncated;new_lineage,1
7.000000000,filament-0001,120,350.000000000,219.457976049,1.000000000,105,pixel,branched_component;disconnected_skeleton;ambiguous_components;components_truncated;new_lineage,1
7.000000000,filament-0001,121,350.828875785,220.828875785,1.000000000,105,pixel,branched_component;disconnected_skeleton;ambiguous_components;components_truncated;new_lineage,1
7.000000000,filament-0001,122,351.000000000,222.472225143,1.000000000,105,pixel,branched_component;disconnected_skeleton;ambiguous_components;components_truncated;new_lineage,1
7.000000000,filament-0001,123,351.838951417,223.838951417,1.000000000,105,pixel,branched_component;disconnected_skeleton;ambiguous_components;components_truncated;new_lineage,1
7.000000000,filament-0001,124,352.343989232,225.343989232,1.000000000,105,pixel,branched_component;disconnected_skeleton;ambiguous_components;components_truncated;new_lineage,1
7.000000000,filament-0001,125,353.000000000,226.786492004,1.000000000,105,pixel,branched_component;disconnected_skeleton;ambiguous_components;components_truncated;new_lineage,1
7.000000000,filament-0001,126,353.354064864,228.354064864,1.000000000,105,pixel,branched_component;disconnected_skeleton;ambiguous_components;components_truncated;new_lineage,1
7.000000000,filament-0001,127,354.000000000,229.800741098,1.000000000,105,pixel,branched_component;disconnected_skeleton;ambiguous_components;components_truncated;new_lineage,1
7.000000000,filament-0001,128,354.000000000,231.514972426,1.000000000,105,pixel,branched_component;disconnected_skeleton;ambiguous_components;components_truncated;new_lineage,1
7.000000000,filament-0001,129,354.869178311,232.869178311,1.000000000,105,pixel,branched_component;disconnected_skeleton;ambiguous_components;components_truncated;new_lineage,1
7.000000000,filament-0001,130,356.081322907,234.081322907,1.000000000,105,pixel,branched_component;disconnected_skeleton;ambiguous_components;components_truncated;new_lineage,1
7.000000000,filament-0001,131,357.293467504,235.293467504,1.000000000,105,pixel,branched_component;disconnected_skeleton;ambiguous_components;components_truncated;new_lineage,1
7.000000000,filament-0001,132,358.505612101,236.505612101,1.000000000,105,pixel,branched_component;disconnected_skeleton;ambiguous_components;components_truncated;new_lineage,1
7.000000000,filament-0001,133,358.989350083,238.010649917,1.000000000,105,pixel,branched_component;disconnected_skeleton;ambiguous_components;components_truncated;new_lineage,1
7.000000000,filament-0001,134,357.684920977,239.000000000,1.000000000,105,pixel,branched_component;disconnected_skeleton;ambiguous_components;components_truncated;new_lineage,1
7.000000000,filament-0001,135,356.272167671,239.727832329,1.000000000,105,pixel,branched_component;disconnected_skeleton;ambiguous_components;components_truncated;new_lineage,1
7.000000000,filament-0001,136,355.060023074,240.939976926,1.000000000,105,pixel,branched_component;disconnected_skeleton;ambiguous_components;components_truncated;new_lineage,1
7.000000000,filament-0001,137,354.000000000,242.215132321,1.000000000,105,pixel,branched_component;disconnected_skeleton;ambiguous_components;components_truncated;new_lineage,1
7.000000000,filament-0001,138,353.342840661,243.657159339,1.000000000,105,pixel,branched_component;disconnected_skeleton;ambiguous_components;components_truncated;new_lineage,1
7.000000000,filament-0001,139,353.000000000,245.229381415,1.000000000,105,pixel,branched_component;disconnected_skeleton;ambiguous_components;components_truncated;new_lineage,1
7.000000000,filament-0001,140,352.332765030,246.667234970,1.000000000,105,pixel,branched_component;disconnected_skeleton;ambiguous_components;components_truncated;new_lineage,1
7.000000000,filament-0001,141,351.827727214,248.172272786,1.000000000,105,pixel,branched_component;disconnected_skeleton;ambiguous_components;components_truncated;new_lineage,1
7.000000000,filament-0001,142,350.615582618,249.384417382,1.000000000,105,pixel,branched_component;disconnected_skeleton;ambiguous_components;components_truncated;new_lineage,1
7.000000000,filament-0001,143,349.403438021,250.596561979,1.000000000,105,pixel,branched_component;disconnected_skeleton;ambiguous_components;components_truncated;new_lineage,1
7.000000000,filament-0001,144,348.191293424,251.808706576,1.000000000,105,pixel,branched_component;disconnected_skeleton;ambiguous_components;components_truncated;new_lineage,1
7.000000000,filament-0001,145,346.979148827,253.020851173,1.000000000,105,pixel,branched_component;disconnected_skeleton;ambiguous_components;components_truncated;new_lineage,1
7.000000000,filament-0001,146,345.767004230,254.232995770,1.000000000,105,pixel,branched_component;disconnected_skeleton;ambiguous_components;components_truncated;new_lineage,1
7.000000000,filament-0001,147,344.554859633,255.445140367,1.000000000,105,pixel,branched_component;disconnected_skeleton;ambiguous_components;components_truncated;new_lineage,1
7.000000000,filament-0001,148,343.342715036,256.657284964,1.000000000,105,pixel,branched_component;disconnected_skeleton;ambiguous_components;components_truncated;new_lineage,1
7.000000000,filament-0001,149,341.770440924,257.000000000,1.000000000,105,pixel,branched_component;disconnected_skeleton;ambiguous_components;components_truncated;new_lineage,1
7.000000000,filament-0001,150,340.332639405,257.667360595,1.000000000,105,pixel,branched_component;disconnected_skeleton;ambiguous_components;components_truncated;new_lineage,1
7.000000000,filament-0001,151,338.756191830,258.000000000,1.000000000,105,pixel,branched_component;disconnected_skeleton;ambiguous_components;components_truncated;new_lineage,1
7.000000000,filament-0001,152,337.041960501,258.000000000,1.000000000,105,pixel,branched_component;disconnected_skeleton;ambiguous_components;components_truncated;new_lineage,1
7.000000000,filament-0001,153,335.327729173,258.000000000,1.000000000,105,pixel,branched_component;disconnected_skeleton;ambiguous_components;components_truncated;new_lineage,1
7.000000000,filament-0001,154,333.726701705,258.273298295,1.000000000,105,pixel,branched_component;disconnected_skeleton;ambiguous_components;components_truncated;new_lineage,1
7.000000000,filament-0001,155,332.313480078,259.000000000,1.000000000,105,pixel,branched_component;disconnected_skeleton;ambiguous_components;components_truncated;new_lineage,1
7.000000000,filament-0001,156,331.009519292,259.990480708,1.000000000,105,pixel,branched_component;disconnected_skeleton;ambiguous_components;components_truncated;new_lineage,1
7.000000000,filament-0001,157,329.299230984,260.000000000,1.000000000,105,pixel,branched_component;disconnected_skeleton;ambiguous_components;components_truncated;new_lineage,1
7.000000000,filament-0001,158,327.584999655,260.000000000,1.000000000,105,pixel,branched_component;disconnected_skeleton;ambiguous_components;components_truncated;new_lineage,1
7.000000000,filament-0001,159,325.870768327,260.000000000,1.000000000,105,pixel,branched_component;disconnected_skeleton;ambiguous_components;components_truncated;new_lineage,1
7.000000000,filament-0001,160,324.403581592,260.596418408,1.000000000,105,pixel,branched_component;disconnected_skeleton;ambiguous_components;components_truncated;new_lineage,1
7.000000000,filament-0001,161,322.856519233,261.000000000,1.000000000,105,pixel,branched_component;disconnected_skeleton;ambiguous_components;components_truncated;new_lineage,1
7.000000000,filament-0001,162,321.142287904,261.000000000,1.000000000,105,pixel,branched_component;disconnected_skeleton;ambiguous_components;components_truncated;new_lineage,1
7.000000000,filament-0001,163,319.842270138,262.000000000,1.000000000,105,pixel,branched_component;disconnected_skeleton;ambiguous_components;components_truncated;new_lineage,1
7.000000000,filament-0001,164,318.128038810,262.000000000,1.000000000,105,pixel,branched_component;disconnected_skeleton;ambiguous_components;components_truncated;new_lineage,1
7.000000000,filament-0001,165,316.413807481,262.000000000,1.000000000,105,pixel,branched_component;disconnected_skeleton;ambiguous_components;components_truncated;new_lineage,1
7.000000000,filament-0001,166,314.699576153,262.000000000,1.000000000,105,pixel,branched_component;disconnected_skeleton;ambiguous_components;components_truncated;new_lineage,1
7.000000000,filament-0001,167,313.282530445,262.717469555,1.000000000,105,pixel,branched_component;disconnected_skeleton;ambiguous_components;components_truncated;new_lineage,1
7.000000000,filament-0001,168,311.685327058,263.000000000,1.000000000,105,pixel,branched_component;disconnected_skeleton;ambiguous_components;components_truncated;new_lineage,1
7.000000000,filament-0001,169,310.272454813,262.272454813,1.000000000,105,pixel,branched_component;disconnected_skeleton;ambiguous_components;components_truncated;new_lineage,1
7.000000000,filament-0001,170,308.767416998,261.767416998,1.000000000,105,pixel,branched_component;disconnected_skeleton;ambiguous_components;components_truncated;new_lineage,1
7.000000000,filament-0001,171,307.371060198,261.000000000,1.000000000,105,pixel,branched_component;disconnected_skeleton;ambiguous_components;components_truncated;new_lineage,1
7.000000000,filament-0001,172,306.050234585,260.050234585,1.000000000,105,pixel,branched_component;disconnected_skeleton;ambiguous_components;components_truncated;new_lineage,1
7.000000000,filament-0001,173,304.771024666,259.000000000,1.000000000,105,pixel,branched_component;disconnected_skeleton;ambiguous_components;components_truncated;new_lineage,1
7.000000000,filament-0001,174,303.056793337,259.000000000,1.000000000,105,pixel,branched_component;disconnected_skeleton;ambiguous_components;components_truncated;new_lineage,1
7.000000000,filament-0001,175,301.535121138,258.535121138,1.000000000,105,pixel,branched_component;disconnected_skeleton;ambiguous_components;components_truncated;new_lineage,1
7.000000000,filament-0001,176,300.322976541,257.322976541,1.000000000,105,pixel,branched_component;disconnected_skeleton;ambiguous_components;components_truncated;new_lineage,1
7.000000000,filament-0001,177,298.742526477,257.000000000,1.000000000,105,pixel,branched_component;disconnected_skeleton;ambiguous_components;components_truncated;new_lineage,1
7.000000000,filament-0001,178,297.028295148,257.000000000,1.000000000,105,pixel,branched_component;disconnected_skeleton;ambiguous_components;components_truncated;new_lineage,1
7.000000000,filament-0001,179,295.314063820,257.000000000,1.000000000,105,pixel,branched_component;disconnected_skeleton;ambiguous_components;components_truncated;new_lineage,1
7.000000000,filament-0001,180,293.717038841,256.717038841,1.000000000,105,pixel,branched_component;disconnected_skeleton;ambiguous_components;components_truncated;new_lineage,1
7.000000000,filament-0001,181,292.504894244,255.504894244,1.000000000,105,pixel,branched_component;disconnected_skeleton;ambiguous_components;components_truncated;new_lineage,1
7.000000000,filament-0001,182,290.999796959,255.000000000,1.000000000,105,pixel,branched_component;disconnected_skeleton;ambiguous_components;components_truncated;new_lineage,1
7.000000000,filament-0001,183,289.494818613,254.494818613,1.000000000,105,pixel,branched_component;disconnected_skeleton;ambiguous_components;components_truncated;new_lineage,1
7.000000000,filament-0001,184,287.985547865,254.000000000,1.000000000,105,pixel,branched_component;disconnected_skeleton;ambiguous_components;components_truncated;new_lineage,1
7.000000000,filament-0001,185,286.484742982,253.484742982,1.000000000,105,pixel,branched_component;disconnected_skeleton;ambiguous_components;components_truncated;new_lineage,1
7.000000000,filament-0001,186,284.971298771,253.000000000,1.000000000,105,pixel,branched_component;disconnected_skeleton;ambiguous_components;components_truncated;new_lineage,1
7.000000000,filament-0001,187,283.474667350,252.474667350,1.000000000,105,pixel,branched_component;disconnected_skeleton;ambiguous_components;components_truncated;new_lineage,1
7.000000000,filament-0001,188,281.957049676,252.000000000,1.000000000,105,pixel,branched_component;disconnected_skeleton;ambiguous_components;components_truncated;new_lineage,1
7.000000000,filament-0001,189,280.464591719,251.464591719,1.000000000,105,pixel,branched_component;disconnected_skeleton;ambiguous_components;components_truncated;new_lineage,1
7.000000000,filament-0001,190,279.252447122,250.252447122,1.000000000,105,pixel,branched_component;disconnected_skeleton;ambiguous_components;components_truncated;new_lineage,1
7.000000000,filament-0001,191,277.747409306,249.747409306,1.000000000,105,pixel,branched_component;disconnected_skeleton;ambiguous_components;components_truncated;new_lineage,1
7.000000000,filament-0001,192,276.342765049,249.000000000,1.000000000,105,pixel,branched_component;disconnected_skeleton;ambiguous_components;components_truncated;new_lineage,1
7.000000000,filament-0001,193,275.030226894,248.030226894,1.000000000,105,pixel,branched_component;disconnected_skeleton;ambiguous_components;components_truncated;new_lineage,1
7.000000000,filament-0001,194,273.328515955,248.000000000,1.000000000,105,pixel,branched_component;disconnected_skeleton;ambiguous_components;components_truncated;new_lineage,1
7.000000000,filament-0001,195,272.020151263,247.020151263,1.000000000,105,pixel,branched_component;disconnected_skeleton;ambiguous_components;components_truncated;new_lineage,1
7.000000000,filament-0001,196,270.808006666,245.808006666,1.000000000,105,pixel,branched_component;disconnected_skeleton;ambiguous_components;components_truncated;new_lineage,1
7.000000000,filament-0001,197,269.428462657,245.000000000,1.000000000,105,pixel,branched_component;disconnected_skeleton;ambiguous_components;components_truncated;new_lineage,1
7.000000000,filament-0001,198,267.714231328,245.000000000,1.000000000,105,pixel,branched_component;disconnected_skeleton;ambiguous_components;components_truncated;new_lineage,1
7.000000000,filament-0001,199,266.000000000,245.000000000,1.000000000,105,pixel,branched_component;disconnected_skeleton;ambiguous_components;components_truncated;new_lineage,1
9.000000000,filament-0001,0,97.000000000,91.000000000,1.000000000,135,pixel,branched_component;disconnected_skeleton;ambiguous_components;components_truncated;reconnected_after_missing,1
9.000000000,filament-0001,1,98.640315756,90.359684244,1.000000000,135,pixel,branched_component;disconnected_skeleton;ambiguous_components;components_truncated;reconnected_after_missing,1
9.000000000,filament-0001,2,99.987738294,89.012261706,1.000000000,135,pixel,branched_component;disconnected_skeleton;ambiguous_components;components_truncated;reconnected_after_missing,1
9.000000000,filament-0001,3,101.628054051,88.371945949,1.000000000,135,pixel,branched_component;disconnected_skeleton;ambiguous_components;components_truncated;reconnected_after_missing,1
9.000000000,filament-0001,4,102.975476588,87.024523412,1.000000000,135,pixel,branched_component;disconnected_skeleton;ambiguous_components;components_truncated;reconnected_after_missing,1
9.000000000,filament-0001,5,104.615792345,86.384207655,1.000000000,135,pixel,branched_component;disconnected_skeleton;ambiguous_components;components_truncated;reconnected_after_missing,1
9.000000000,filament-0001,6,106.256108101,85.743891899,1.000000000,135,pixel,branched_component;disconnected_skeleton;ambiguous_components;components_truncated;reconnected_after_missing,1
9.000000000,filament-0001,7,107.603530639,84.396469361,1.000000000,135,pixel,branched_component;disconnected_skeleton;ambiguous_components;components_truncated;reconnected_after_missing,1
9.000000000,filament-0001,8,109.344850879,84.000000000,1.000000000,135,pixel,branched_component;disconnected_skeleton;ambiguous_components;components_truncated;reconnected_after_missing,1
9.000000000,filament-0001,9,110.884162152,83.115837848,1.000000000,135,pixel,branched_component;disconnected_skeleton;ambiguous_components;components_truncated;reconnected_after_missing,1
9.000000000,filament-0001,10,112.741723771,83.000000000,1.000000000,135,pixel,branched_component;disconnected_skeleton;ambiguous_components;components_truncated;reconnected_after_missing,1
9.000000000,filament-0001,11,114.233053435,82.000000000,1.000000000,135,pixel,branched_component;disconnected_skeleton;ambiguous_components;components_truncated;reconnected_after_missing,1
9.000000000,filament-0001,12,115.805109421,81.194890579,1.000000000,135,pixel,branched_component;disconnected_skeleton;ambiguous_components;components_truncated;reconnected_after_missing,1
9.000000000,filament-0001,13,117.629926327,81.000000000,1.000000000,135,pixel,branched_component;disconnected_skeleton;ambiguous_components;components_truncated;reconnected_after_missing,1
9.000000000,filament-0001,14,119.535469554,81.000000000,1.000000000,135,pixel,branched_component;disconnected_skeleton;ambiguous_components;components_truncated;reconnected_after_missing,1
9.000000000,filament-0001,15,121.026799219,80.000000000,1.000000000,135,pixel,branched_component;disconnected_skeleton;ambiguous_components;components_truncated;reconnected_after_missing,1
9.000000000,filament-0001,16,122.932342445,80.000000000,1.000000000,135,pixel,branched_component;disconnected_skeleton;ambiguous_components;components_truncated;reconnected_after_missing,1
9.000000000,filament-0001,17,124.837885672,80.000000000,1.000000000,135,pixel,branched_component;disconnected_skeleton;ambiguous_components;components_truncated;reconnected_after_missing,1
9.000000000,filament-0001,18,126.743428899,80.000000000,1.000000000,135,pixel,branched_component;disconnected_skeleton;ambiguous_components;components_truncated;reconnected_after_missing,1
9.000000000,filament-0001,19,128.458892591,79.541107409,1.000000000,135,pixel,branched_component;disconnected_skeleton;ambiguous_components;components_truncated;reconnected_after_missing,1
9.000000000,filament-0001,20,130.140301791,79.000000000,1.000000000,135,pixel,branched_component;disconnected_skeleton;ambiguous_components;components_truncated;reconnected_after_missing,1
9.000000000,filament-0001,21,132.045845018,79.000000000,1.000000000,135,pixel,branched_component;disconnected_skeleton;ambiguous_components;components_truncated;reconnected_after_missing,1
9.000000000,filament-0001,22,133.951388245,79.000000000,1.000000000,135,pixel,branched_component;disconnected_skeleton;ambiguous_components;components_truncated;reconnected_after_missing,1
9.000000000,filament-0001,23,135.856931472,79.000000000,1.000000000,135,pixel,branched_component;disconnected_skeleton;ambiguous_components;components_truncated;reconnected_after_missing,1
9.000000000,filament-0001,24,137.762474699,79.000000000,1.000000000,135,pixel,branched_component;disconnected_skeleton;ambiguous_components;components_truncated;reconnected_after_missing,1
9.000000000,filament-0001,25,139.668017926,79.000000000,1.000000000,135,pixel,branched_component;disconnected_skeleton;ambiguous_components;components_truncated;reconnected_after_missing,1
9.000000000,filament-0001,26,141.405568981,79.405568981,1.000000000,135,pixel,branched_component;disconnected_skeleton;ambiguous_components;components_truncated;reconnected_after_missing,1
9.000000000,filament-0001,27,143.064890817,80.000000000,1.000000000,135,pixel,branched_component;disconnected_skeleton;ambiguous_components;components_truncated;reconnected_after_missing,1
9.000000000,filament-0001,28,144.970434044,80.000000000,1.000000000,135,pixel,branched_component;disconnected_skeleton;ambiguous_components;components_truncated;reconnected_after_missing,1
9.000000000,filament-0001,29,146.875977271,80.000000000,1.000000000,135,pixel,branched_component;disconnected_skeleton;ambiguous_components;components_truncated;reconnected_after_missing,1
9.000000000,filament-0001,30,148.781520498,80.000000000,1.000000000,135,pixel,branched_component;disconnected_skeleton;ambiguous_components;components_truncated;reconnected_after_missing,1
9.000000000,filament-0001,31,150.485827419,80.485827419,1.000000000,135,pixel,branched_component;disconnected_skeleton;ambiguous_components;components_truncated;reconnected_after_missing,1
9.000000000,filament-0001,32,152.178393390,81.000000000,1.000000000,135,pixel,branched_component;disconnected_skeleton;ambiguous_components;components_truncated;reconnected_after_missing,1
9.000000000,filament-0001,33,154.059352151,81.059352151,1.000000000,135,pixel,branched_component;disconnected_skeleton;ambiguous_components;components_truncated;reconnected_after_missing,1
9.000000000,filament-0001,34,155.575266282,82.000000000,1.000000000,135,pixel,branched_component;disconnected_skeleton;ambiguous_components;components_truncated;reconnected_after_missing,1
9.000000000,filament-0001,35,157.339983664,82.339983664,1.000000000,135,pixel,branched_component;disconnected_skeleton;ambiguous_components;components_truncated;reconnected_after_missing,1
9.000000000,filament-0001,36,158.972139173,83.000000000,1.000000000,135,pixel,branched_component;disconnected_skeleton;ambiguous_components;components_truncated;reconnected_after_missing,1
9.000000000,filament-0001,37,160.463468838,84.000000000,1.000000000,135,pixel,branched_component;disconnected_skeleton;ambiguous_components;components_truncated;reconnected_after_missing,1
9.000000000,filament-0001,38,161.968037714,84.968037714,1.000000000,135,pixel,branched_component;disconnected_skeleton;ambiguous_components;components_truncated;reconnected_after_missing,1
9.000000000,filament-0001,39,163.446128167,86.000000000,1.000000000,135,pixel,branched_component;disconnected_skeleton;ambiguous_components;components_truncated;reconnected_after_missing,1
9.000000000,filament-0001,40,164.955776009,86.955776009,1.000000000,135,pixel,branched_component;disconnected_skeleton;ambiguous_components;components_truncated;reconnected_after_missing,1
9.000000000,filament-0001,41,166.596091765,87.596091765,1.000000000,135,pixel,branched_component;disconnected_skeleton;ambiguous_components;components_truncated;reconnected_after_missing,1
9.000000000,filament-0001,42,167.943514303,88.943514303,1.000000000,135,pixel,branched_component;disconnected_skeleton;ambiguous_components;components_truncated;reconnected_after_missing,1
9.000000000,filament-0001,43,169.825660388,89.000000000,1.000000000,135,pixel,branched_component;disconnected_skeleton;ambiguous_components;components_truncated;reconnected_after_missing,1
9.000000000,filament-0001,44,171.316990052,90.000000000,1.000000000,135,pixel,branched_component;disconnected_skeleton;ambiguous_components;components_truncated;reconnected_after_missing,1
9.000000000,filament-0001,45,173.222533279,90.000000000,1.000000000,135,pixel,branched_component;disconnected_skeleton;ambiguous_components;components_truncated;reconnected_after_missing,1
9.000000000,filament-0001,46,175.090563766,90.090563766,1.000000000,135,pixel,branched_component;disconnected_skeleton;ambiguous_components;components_truncated;reconnected_after_missing,1
9.000000000,filament-0001,47,176.619406171,91.000000000,1.000000000,135,pixel,branched_component;disconnected_skeleton;ambiguous_components;components_truncated;reconnected_after_missing,1
9.000000000,filament-0001,48,178.371195279,91.371195279,1.000000000,135,pixel,branched_component;disconnected_skeleton;ambiguous_components;components_truncated;reconnected_after_missing,1
9.000000000,filament-0001,49,180.011511035,92.011511035,1.000000000,135,pixel,branched_component;disconnected_skeleton;ambiguous_components;components_truncated;reconnected_after_missing,1
9.000000000,filament-0001,50,181.358933573,93.358933573,1.000000000,135,pixel,branched_component;disconnected_skeleton;ambiguous_components;components_truncated;reconnected_after_missing,1
9.000000000,filament-0001,51,182.706356111,94.706356111,1.000000000,135,pixel,branched_component;disconnected_skeleton;ambiguous_components;components_truncated;reconnected_after_missing,1
9.000000000,filament-0001,52,184.076054494,96.000000000,1.000000000,135,pixel,branched_component;disconnected_skeleton;ambiguous_components;components_truncated;reconnected_after_missing,1
9.000000000,filament-0001,53,185.694094405,96.694094405,1.000000000,135,pixel,branched_component;disconnected_skeleton;ambiguous_components;components_truncated;reconnected_after_missing,1
9.000000000,filament-0001,54,187.041516942,98.041516942,1.000000000,135,pixel,branched_component;disconnected_skeleton;ambiguous_components;components_truncated;reconnected_after_missing,1
9.000000000,filament-0001,55,188.388939480,99.388939480,1.000000000,135,pixel,branched_component;disconnected_skeleton;ambiguous_components;components_truncated;reconnected_after_missing,1
9.000000000,filament-0001,56,189.736362018,100.736362018,1.000000000,135,pixel,branched_component;disconnected_skeleton;ambiguous_components;components_truncated;reconnected_after_missing,1
9.000000000,filament-0001,57,191.083784555,102.083784555,1.000000000,135,pixel,branched_component;disconnected_skeleton;ambiguous_components;components_truncated;reconnected_after_missing,1
9.000000000,filament-0001,58,192.609818919,103.000000000,1.000000000,135,pixel,branched_component;disconnected_skeleton;ambiguous_components;components_truncated;reconnected_after_missing,1
9.000000000,filament-0001,59,194.101148584,104.000000000,1.000000000,135,pixel,branched_component;disconnected_skeleton;ambiguous_components;components_truncated;reconnected_after_missing,1
9.000000000,filament-0001,60,195.711838606,104.711838606,1.000000000,135,pixel,branched_component;disconnected_skeleton;ambiguous_components;components_truncated;reconnected_after_missing,1
9.000000000,filament-0001,61,197.083807913,106.000000000,1.000000000,135,pixel,branched_component;disconnected_skeleton;ambiguous_components;components_truncated;reconnected_after_missing,1
9.000000000,filament-0001,62,198.699576900,106.699576900,1.000000000,135,pixel,branched_component;disconnected_skeleton;ambiguous_components;components_truncated;reconnected_after_missing,1
9.000000000,filament-0001,63,200.339892656,107.339892656,1.000000000,135,pixel,branched_component;disconnected_skeleton;ambiguous_components;components_truncated;reconnected_after_missing,1
9.000000000,filament-0001,64,201.972010469,108.000000000,1.000000000,135,pixel,branched_component;disconnected_skeleton;ambiguous_components;components_truncated;reconnected_after_missing,1
9.000000000,filament-0001,65,203.327630950,109.327630950,1.000000000,135,pixel,branched_component;disconnected_skeleton;ambiguous_components;components_truncated;reconnected_after_missing,1
9.000000000,filament-0001,66,204.954669798,110.000000000,1.000000000,135,pixel,branched_component;disconnected_skeleton;ambiguous_components;components_truncated;reconnected_after_missing,1
9.000000000,filament-0001,67,206.445999463,111.000000000,1.000000000,135,pixel,branched_component;disconnected_skeleton;ambiguous_components;components_truncated;reconnected_after_missing,1
9.000000000,filament-0001,68,207.955685001,111.955685001,1.000000000,135,pixel,branched_component;disconnected_skeleton;ambiguous_components;components_truncated;reconnected_after_missing,1
9.000000000,filament-0001,69,209.842872354,112.000000000,1.000000000,135,pixel,branched_component;disconnected_skeleton;ambiguous_components;components_truncated;reconnected_after_missing,1
9.000000000,filament-0001,70,211.236316514,113.236316514,1.000000000,135,pixel,branched_component;disconnected_skeleton;ambiguous_components;components_truncated;reconnected_after_missing,1
9.000000000,filament-0001,71,212.825531684,114.000000000,1.000000000,135,pixel,branched_component;disconnected_skeleton;ambiguous_components;components_truncated;reconnected_after_missing,1
9.000000000,filament-0001,72,214.224054808,115.224054808,1.000000000,135,pixel,branched_component;disconnected_skeleton;ambiguous_components;components_truncated;reconnected_after_missing,1
9.000000000,filament-0001,73,215.808191013,116.000000000,1.000000000,135,pixel,branched_component;disconnected_skeleton;ambiguous_components;components_truncated;reconnected_after_missing,1
9.000000000,filament-0001,74,217.211793102,117.211793102,1.000000000,135,pixel,branched_component;disconnected_skeleton;ambiguous_components;components_truncated;reconnected_after_missing,1
9.000000000,filament-0001,75,218.559215640,118.559215640,1.000000000,135,pixel,branched_component;disconnected_skeleton;ambiguous_components;components_truncated;reconnected_after_missing,1
9.000000000,filament-0001,76,220.199531396,119.199531396,1.000000000,135,pixel,branched_component;disconnected_skeleton;ambiguous_components;components_truncated;reconnected_after_missing,1
9.000000000,filament-0001,77,221.546953934,120.546953934,1.000000000,135,pixel,branched_component;disconnected_skeleton;ambiguous_components;components_truncated;reconnected_after_missing,1
9.000000000,filament-0001,78,223.187269690,121.187269690,1.000000000,135,pixel,branched_component;disconnected_skeleton;ambiguous_components;components_truncated;reconnected_after_missing,1
9.000000000,filament-0001,79,224.534692228,122.534692228,1.000000000,135,pixel,branched_component;disconnected_skeleton;ambiguous_components;components_truncated;reconnected_after_missing,1
9.000000000,filament-0001,80,225.882114766,123.882114766,1.000000000,135,pixel,branched_component;disconnected_skeleton;ambiguous_components;components_truncated;reconnected_after_missing,1
9.000000000,filament-0001,81,227.522430522,124.522430522,1.000000000,135,pixel,branched_component;disconnected_skeleton;ambiguous_components;components_truncated;reconnected_after_missing,1
9.000000000,filament-0001,82,228.869853060,125.869853060,1.000000000,135,pixel,branched_component;disconnected_skeleton;ambiguous_components;components_truncated;reconnected_after_missing,1
9.000000000,filament-0001,83,230.510168816,126.510168816,1.000000000,135,pixel,branched_component;disconnected_skeleton;ambiguous_components;components_truncated;reconnected_after_missing,1
9.000000000,filament-0001,84,232.150484573,127.150484573,1.000000000,135,pixel,branched_component;disconnected_skeleton;ambiguous_components;components_truncated;reconnected_after_missing,1
9.000000000,filament-0001,85,233.704146988,128.000000000,1.000000000,135,pixel,branched_component;disconnected_skeleton;ambiguous_components;components_truncated;reconnected_after_missing,1
9.000000000,filament-0001,86,235.431116085,128.431116085,1.000000000,135,pixel,branched_component;disconnected_skeleton;ambiguous_components;components_truncated;reconnected_after_missing,1
9.000000000,filament-0001,87,237.071431842,129.071431842,1.000000000,135,pixel,branched_component;disconnected_skeleton;ambiguous_components;components_truncated;reconnected_after_missing,1
9.000000000,filament-0001,88,238.592349544,130.000000000,1.000000000,135,pixel,branched_component;disconnected_skeleton;ambiguous_components;components_truncated;reconnected_after_missing,1
9.000000000,filament-0001,89,240.083679209,131.000000000,1.000000000,135,pixel,branched_component;disconnected_skeleton;ambiguous_components;components_truncated;reconnected_after_missing,1
9.000000000,filament-0001,90,241.699485892,131.699485892,1.000000000,135,pixel,branched_component;disconnected_skeleton;ambiguous_components;components_truncated;reconnected_after_missing,1
9.000000000,filament-0001,91,243.339801649,132.339801649,1.000000000,135,pixel,branched_component;disconnected_skeleton;ambiguous_components;components_truncated;reconnected_after_missing,1
9.000000000,filament-0001,92,244.971881765,133.000000000,1.000000000,135,pixel,branched_component;disconnected_skeleton;ambiguous_components;components_truncated;reconnected_after_missing,1
9.000000000,filament-0001,93,246.327539943,134.327539943,1.000000000,135,pixel,branched_component;disconnected_skeleton;ambiguous_components;components_truncated;reconnected_after_missing,1
9.000000000,filament-0001,94,247.674962481,135.674962481,1.000000000,135,pixel,branched_component;disconnected_skeleton;ambiguous_components;components_truncated;reconnected_after_missing,1
9.000000000,filament-0001,95,249.031657196,137.000000000,1.000000000,135,pixel,branched_component;disconnected_skeleton;ambiguous_components;components_truncated;reconnected_after_missing,1
9.000000000,filament-0001,96,250.662700775,137.662700775,1.000000000,135,pixel,branched_component;disconnected_skeleton;ambiguous_components;components_truncated;reconnected_after_missing,1
9.000000000,filament-0001,97,252.014316526,139.000000000,1.000000000,135,pixel,branched_component;disconnected_skeleton;ambiguous_components;components_truncated;reconnected_after_missing,1
9.000000000,filament-0001,98,253.919859753,139.000000000,1.000000000,135,pixel,branched_component;disconnected_skeleton;ambiguous_components;components_truncated;reconnected_after_missing,1
9.000000000,filament-0001,99,255.411189417,140.000000000,1.000000000,135,pixel,branched_component;disconnected_skeleton;ambiguous_components;components_truncated;reconnected_after_missing,1
9.000000000,filament-0001,100,257.223963801,140.223963801,1.000000000,135,pixel,branched_component;disconnected_skeleton;ambiguous_components;components_truncated;reconnected_after_missing,1
9.000000000,filament-0001,101,258.808062309,141.000000000,1.000000000,135,pixel,branched_component;disconnected_skeleton;ambiguous_components;components_truncated;reconnected_after_missing,1
9.000000000,filament-0001,102,260.299391973,142.000000000,1.000000000,135,pixel,branched_component;disconnected_skeleton;ambiguous_components;components_truncated;reconnected_after_missing,1
9.000000000,filament-0001,103,262.144911070,142.144911070,1.000000000,135,pixel,branched_component;disconnected_skeleton;ambiguous_components;components_truncated;reconnected_after_missing,1
9.000000000,filament-0001,104,263.696264865,143.000000000,1.000000000,135,pixel,branched_component;disconnected_skeleton;ambiguous_components;components_truncated;reconnected_after_missing,1
9.000000000,filament-0001,105,265.132649364,144.132649364,1.000000000,135,pixel,branched_component;disconnected_skeleton;ambiguous_components;components_truncated;reconnected_after_missing,1
9.000000000,filament-0001,106,266.480071902,145.480071902,1.000000000,135,pixel,branched_component;disconnected_skeleton;ambiguous_components;components_truncated;reconnected_after_missing,1
9.000000000,filament-0001,107,267.827494439,146.827494439,1.000000000,135,pixel,branched_component;disconnected_skeleton;ambiguous_components;components_truncated;reconnected_after_missing,1
9.000000000,filament-0001,108,268.467810196,148.467810196,1.000000000,135,pixel,branched_component;disconnected_skeleton;ambiguous_components;components_truncated;reconnected_after_missing,1
9.000000000,filament-0001,109,269.815232733,149.815232733,1.000000000,135,pixel,branched_component;disconnected_skeleton;ambiguous_components;components_truncated;reconnected_after_missing,1
9.000000000,filament-0001,110,271.230029290,151.000000000,1.000000000,135,pixel,branched_component;disconnected_skeleton;ambiguous_components;components_truncated;reconnected_after_missing,1
9.000000000,filament-0001,111,272.802971027,151.802971027,1.000000000,135,pixel,branched_component;disconnected_skeleton;ambiguous_components;components_truncated;reconnected_after_missing,1
9.000000000,filament-0001,112,274.150393565,153.150393565,1.000000000,135,pixel,branched_component;disconnected_skeleton;ambiguous_components;components_truncated;reconnected_after_missing,1
9.000000000,filament-0001,113,275.497816103,154.497816103,1.000000000,135,pixel,branched_component;disconnected_skeleton;ambiguous_components;components_truncated;reconnected_after_missing,1
9.000000000,filament-0001,114,277.138131859,155.138131859,1.000000000,135,pixel,branched_component;disconnected_skeleton;ambiguous_components;components_truncated;reconnected_after_missing,1
9.000000000,filament-0001,115,278.485554397,156.485554397,1.000000000,135,pixel,branched_component;disconnected_skeleton;ambiguous_components;components_truncated;reconnected_after_missing,1
9.000000000,filament-0001,116,280.125870153,157.125870153,1.000000000,135,pixel,branched_component;disconnected_skeleton;ambiguous_components;components_truncated;reconnected_after_missing,1
9.000000000,filament-0001,117,281.473292691,158.473292691,1.000000000,135,pixel,branched_component;disconnected_skeleton;ambiguous_components;components_truncated;reconnected_after_missing,1
9.000000000,filament-0001,118,282.820715228,159.820715228,1.000000000,135,pixel,branched_component;disconnected_skeleton;ambiguous_components;components_truncated;reconnected_after_missing,1
9.000000000,filament-0001,119,284.168137766,161.168137766,1.000000000,135,pixel,branched_component;disconnected_skeleton;ambiguous_components;components_truncated;reconnected_after_missing,1
9.000000000,filament-0001,120,285.515560304,162.515560304,1.000000000,135,pixel,branched_component;disconnected_skeleton;ambiguous_components;components_truncated;reconnected_after_missing,1
9.000000000,filament-0001,121,286.862982841,163.862982841,1.000000000,135,pixel,branched_component;disconnected_skeleton;ambiguous_components;components_truncated;reconnected_after_missing,1
9.000000000,filament-0001,122,288.210405379,165.210405379,1.000000000,135,pixel,branched_component;disconnected_skeleton;ambiguous_components;components_truncated;reconnected_after_missing,1
9.000000000,filament-0001,123,289.557827917,166.557827917,1.000000000,135,pixel,branched_component;disconnected_skeleton;ambiguous_components;components_truncated;reconnected_after_missing,1
9.000000000,filament-0001,124,290.905250454,167.905250454,1.000000000,135,pixel,branched_component;disconnected_skeleton;ambiguous_components;components_truncated;reconnected_after_missing,1
9.000000000,filament-0001,125,292.545566211,168.545566211,1.000000000,135,pixel,branched_component;disconnected_skeleton;ambiguous_components;components_truncated;reconnected_after_missing,1
9.000000000,filament-0001,126,294.185881967,169.185881967,1.000000000,135,pixel,branched_component;disconnected_skeleton;ambiguous_components;components_truncated;reconnected_after_missing,1
9.000000000,filament-0001,127,295.754206464,170.000000000,1.000000000,135,pixel,branched_component;disconnected_skeleton;ambiguous_components;components_truncated;reconnected_after_missing,1
9.000000000,filament-0001,128,297.659749691,170.000000000,1.000000000,135,pixel,branched_component;disconnected_skeleton;ambiguous_components;components_truncated;reconnected_after_missing,1
9.000000000,filament-0001,129,299.399722455,169.600277545,1.000000000,135,pixel,branched_component;disconnected_skeleton;ambiguous_components;components_truncated;reconnected_after_missing,1
9.000000000,filament-0001,130,301.040038212,168.959961788,1.000000000,135,pixel,branched_component;disconnected_skeleton;ambiguous_components;components_truncated;reconnected_after_missing,1
9.000000000,filament-0001,131,302.547952247,168.000000000,1.000000000,135,pixel,branched_component;disconnected_skeleton;ambiguous_components;components_truncated;reconnected_after_missing,1
9.000000000,filament-0001,132,304.453495474,168.000000000,1.000000000,135,pixel,branched_component;disconnected_skeleton;ambiguous_components;components_truncated;reconnected_after_missing,1
9.000000000,filament-0001,133,306.359038701,168.000000000,1.000000000,135,pixel,branched_component;disconnected_skeleton;ambiguous_components;components_truncated;reconnected_after_missing,1
9.000000000,filament-0001,134,308.187087675,167.812912325,1.000000000,135,pixel,branched_component;disconnected_skeleton;ambiguous_components;components_truncated;reconnected_after_missing,1
9.000000000,filament-0001,135,309.755911592,167.000000000,1.000000000,135,pixel,branched_component;disconnected_skeleton;ambiguous_components;components_truncated;reconnected_after_missing,1
9.000000000,filament-0001,136,311.661454819,167.000000000,1.000000000,135,pixel,branched_component;disconnected_skeleton;ambiguous_components;components_truncated;reconnected_after_missing,1
9.000000000,filament-0001,137,313.152784484,166.000000000,1.000000000,135,pixel,branched_component;disconnected_skeleton;ambiguous_components;components_truncated;reconnected_after_missing,1
9.000000000,filament-0001,138,315.041243920,166.041243920,1.000000000,135,pixel,branched_component;disconnected_skeleton;ambiguous_components;components_truncated;reconnected_after_missing,1
9.000000000,filament-0001,139,316.549657375,167.000000000,1.000000000,135,pixel,branched_component;disconnected_skeleton;ambiguous_components;components_truncated;reconnected_after_missing,1
9.000000000,filament-0001,140,318.321875433,167.321875433,1.000000000,135,pixel,branched_component;disconnected_skeleton;ambiguous_components;components_truncated;reconnected_after_missing,1
9.000000000,filament-0001,141,319.946530267,168.000000000,1.000000000,135,pixel,branched_component;disconnected_skeleton;ambiguous_components;components_truncated;reconnected_after_missing,1
9.000000000,filament-0001,142,321.309613727,169.309613727,1.000000000,135,pixel,branched_component;disconnected_skeleton;ambiguous_components;components_truncated;reconnected_after_missing,1
9.000000000,filament-0001,143,322.657036265,170.657036265,1.000000000,135,pixel,branched_component;disconnected_skeleton;ambiguous_components;components_truncated;reconnected_after_missing,1
9.000000000,filament-0001,144,324.000000000,172.006305698,1.000000000,135,pixel,branched_component;disconnected_skeleton;ambiguous_components;components_truncated;reconnected_after_missing,1
9.000000000,filament-0001,145,324.000000000,173.911848925,1.000000000,135,pixel,branched_component;disconnected_skeleton;ambiguous_components;components_truncated;reconnected_after_missing,1
9.000000000,filament-0001,146,324.577983534,175.577983534,1.000000000,135,pixel,branched_component;disconnected_skeleton;ambiguous_components;components_truncated;reconnected_after_missing,1
9.000000000,filament-0001,147,325.218299290,177.218299290,1.000000000,135,pixel,branched_component;disconnected_skeleton;ambiguous_components;components_truncated;reconnected_after_missing,1
9.000000000,filament-0001,148,326.000000000,178.800051482,1.000000000,135,pixel,branched_component;disconnected_skeleton;ambiguous_components;components_truncated;reconnected_after_missing,1
9.000000000,filament-0001,149,326.498930803,180.498930803,1.000000000,135,pixel,branched_component;disconnected_skeleton;ambiguous_components;components_truncated;reconnected_after_missing,1
9.000000000,filament-0001,150,327.000000000,182.196924373,1.000000000,135,pixel,branched_component;disconnected_skeleton;ambiguous_components;components_truncated;reconnected_after_missing,1
9.000000000,filament-0001,151,327.072455535,184.072455535,1.000000000,135,pixel,branched_component;disconnected_skeleton;ambiguous_components;components_truncated;reconnected_after_missing,1
9.000000000,filament-0001,152,328.000000000,185.593797265,1.000000000,135,pixel,branched_component;disconnected_skeleton;ambiguous_components;components_truncated;reconnected_after_missing,1
9.000000000,filament-0001,153,328.000000000,187.499340492,1.000000000,135,pixel,branched_component;disconnected_skeleton;ambiguous_components;components_truncated;reconnected_after_missing,1
9.000000000,filament-0001,154,328.993402804,188.993402804,1.000000000,135,pixel,branched_component;disconnected_skeleton;ambiguous_components;components_truncated;reconnected_after_missing,1
9.000000000,filament-0001,155,329.633718561,190.633718561,1.000000000,135,pixel,branched_component;disconnected_skeleton;ambiguous_components;components_truncated;reconnected_after_missing,1
9.000000000,filament-0001,156,330.274034317,192.274034317,1.000000000,135,pixel,branched_component;disconnected_skeleton;ambiguous_components;components_truncated;reconnected_after_missing,1
9.000000000,filament-0001,157,331.621456855,193.621456855,1.000000000,135,pixel,branched_component;disconnected_skeleton;ambiguous_components;components_truncated;reconnected_after_missing,1
9.000000000,filament-0001,158,332.968879392,194.968879392,1.000000000,135,pixel,branched_component;disconnected_skeleton;ambiguous_components;components_truncated;reconnected_after_missing,1
9.000000000,filament-0001,159,334.316301930,196.316301930,1.000000000,135,pixel,branched_component;disconnected_skeleton;ambiguous_components;components_truncated;reconnected_after_missing,1
9.000000000,filament-0001,160,335.663724468,197.663724468,1.000000000,135,pixel,branched_component;disconnected_skeleton;ambiguous_components;components_truncated;reconnected_after_missing,1
9.000000000,filament-0001,161,337.011147005,199.011147005,1.000000000,135,pixel,branched_component;disconnected_skeleton;ambiguous_components;components_truncated;reconnected_after_missing,1
9.000000000,filament-0001,162,338.358569543,200.358569543,1.000000000,135,pixel,branched_component;disconnected_skeleton;ambiguous_components;components_truncated;reconnected_after_missing,1
9.000000000,filament-0001,163,339.705992081,201.705992081,1.000000000,135,pixel,branched_component;disconnected_skeleton;ambiguous_components;components_truncated;reconnected_after_missing,1
9.000000000,filament-0001,164,341.346307837,202.346307837,1.000000000,135,pixel,branched_component;disconnected_skeleton;ambiguous_components;components_truncated;reconnected_after_missing,1
9.000000000,filament-0001,165,342.000000000,203.981082905,1.000000000,135,pixel,branched_component;disconnected_skeleton;ambiguous_components;components_truncated;reconnected_after_missing,1
9.000000000,filament-0001,166,343.334046131,205.334046131,1.000000000,135,pixel,branched_component;disconnected_skeleton;ambiguous_components;components_truncated;reconnected_after_missing,1
9.000000000,filament-0001,167,344.681468669,206.681468669,1.000000000,135,pixel,branched_component;disconnected_skeleton;ambiguous_components;components_truncated;reconnected_after_missing,1
9.000000000,filament-0001,168,345.321784425,208.321784425,1.000000000,135,pixel,branched_component;disconnected_skeleton;ambiguous_components;components_truncated;reconnected_after_missing,1
9.000000000,filament-0001,169,346.669206963,209.669206963,1.000000000,135,pixel,branched_component;disconnected_skeleton;ambiguous_components;components_truncated;reconnected_after_missing,1
9.000000000,filament-0001,170,348.016629501,211.016629501,1.000000000,135,pixel,branched_component;disconnected_skeleton;ambiguous_components;components_truncated;reconnected_after_missing,1
9.000000000,filament-0001,171,349.000000000,212.514847330,1.000000000,135,pixel,branched_component;disconnected_skeleton;ambiguous_components;components_truncated;reconnected_after_missing,1
9.000000000,filament-0001,172,350.000000000,214.006176994,1.000000000,135,pixel,branched_component;disconnected_skeleton;ambiguous_components;components_truncated;reconnected_after_missing,1
9.000000000,filament-0001,173,350.644683551,215.644683551,1.000000000,135,pixel,branched_component;disconnected_skeleton;ambiguous_components;components_truncated;reconnected_after_missing,1
9.000000000,filament-0001,174,351.992106089,216.992106089,1.000000000,135,pixel,branched_component;disconnected_skeleton;ambiguous_components;components_truncated;reconnected_after_missing,1
9.000000000,filament-0001,175,352.000000000,218.894379551,1.000000000,135,pixel,branched_component;disconnected_skeleton;ambiguous_components;components_truncated;reconnected_after_missing,1
9.000000000,filament-0001,176,352.000000000,220.799922778,1.000000000,135,pixel,branched_component;disconnected_skeleton;ambiguous_components;components_truncated;reconnected_after_missing,1
9.000000000,filament-0001,177,353.205946577,222.205946577,1.000000000,135,pixel,branched_component;disconnected_skeleton;ambiguous_components;components_truncated;reconnected_after_missing,1
9.000000000,filament-0001,178,354.000000000,223.782582107,1.000000000,135,pixel,branched_component;disconnected_skeleton;ambiguous_components;components_truncated;reconnected_after_missing,1
9.000000000,filament-0001,179,355.000000000,225.273911771,1.000000000,135,pixel,branched_component;disconnected_skeleton;ambiguous_components;components_truncated;reconnected_after_missing,1
9.000000000,filament-0001,180,355.834000627,226.834000627,1.000000000,135,pixel,branched_component;disconnected_skeleton;ambiguous_components;components_truncated;reconnected_after_missing,1
9.000000000,filament-0001,181,356.000000000,228.670784663,1.000000000,135,pixel,branched_component;disconnected_skeleton;ambiguous_components;components_truncated;reconnected_after_missing,1
9.000000000,filament-0001,182,356.000000000,230.576327890,1.000000000,135,pixel,branched_component;disconnected_skeleton;ambiguous_components;components_truncated;reconnected_after_missing,1
9.000000000,filament-0001,183,357.000000000,232.067657555,1.000000000,135,pixel,branched_component;disconnected_skeleton;ambiguous_components;components_truncated;reconnected_after_missing,1
9.000000000,filament-0001,184,357.000000000,233.973200781,1.000000000,135,pixel,branched_component;disconnected_skeleton;ambiguous_components;components_truncated;reconnected_after_missing,1
9.000000000,filament-0001,185,358.000000000,235.464530446,1.000000000,135,pixel,branched_component;disconnected_skeleton;ambiguous_components;components_truncated;reconnected_after_missing,1
9.000000000,filament-0001,186,358.968788385,236.968788385,1.000000000,135,pixel,branched_component;disconnected_skeleton;ambiguous_components;components_truncated;reconnected_after_missing,1
9.000000000,filament-0001,187,359.609104141,238.609104141,1.000000000,135,pixel,branched_component;disconnected_skeleton;ambiguous_components;components_truncated;reconnected_after_missing,1
9.000000000,filament-0001,188,360.249419898,240.249419898,1.000000000,135,pixel,branched_component;disconnected_skeleton;ambiguous_components;components_truncated;reconnected_after_missing,1
9.000000000,filament-0001,189,361.000000000,241.844062667,1.000000000,135,pixel,branched_component;disconnected_skeleton;ambiguous_components;components_truncated;reconnected_after_missing,1
9.000000000,filament-0001,190,362.000000000,243.335392331,1.000000000,135,pixel,branched_component;disconnected_skeleton;ambiguous_components;components_truncated;reconnected_after_missing,1
9.000000000,filament-0001,191,362.877473948,244.877473948,1.000000000,135,pixel,branched_component;disconnected_skeleton;ambiguous_components;components_truncated;reconnected_after_missing,1
9.000000000,filament-0001,192,363.517789705,246.517789705,1.000000000,135,pixel,branched_component;disconnected_skeleton;ambiguous_components;components_truncated;reconnected_after_missing,1
9.000000000,filament-0001,193,364.158105461,248.158105461,1.000000000,135,pixel,branched_component;disconnected_skeleton;ambiguous_components;components_truncated;reconnected_after_missing,1
9.000000000,filament-0001,194,365.000000000,249.714924552,1.000000000,135,pixel,branched_component;disconnected_skeleton;ambiguous_components;components_truncated;reconnected_after_missing,1
9.000000000,filament-0001,195,366.000000000,251.206254217,1.000000000,135,pixel,branched_component;disconnected_skeleton;ambiguous_components;components_truncated;reconnected_after_missing,1
9.000000000,filament-0001,196,366.079052731,253.079052731,1.000000000,135,pixel,branched_component;disconnected_skeleton;ambiguous_components;components_truncated;reconnected_after_missing,1
9.000000000,filament-0001,197,367.000000000,254.603127108,1.000000000,135,pixel,branched_component;disconnected_skeleton;ambiguous_components;components_truncated;reconnected_after_missing,1
9.000000000,filament-0001,198,368.000000000,256.094456773,1.000000000,135,pixel,branched_component;disconnected_skeleton;ambiguous_components;components_truncated;reconnected_after_missing,1
9.000000000,filament-0001,199,368.000000000,258.000000000,1.000000000,135,pixel,branched_component;disconnected_skeleton;ambiguous_components;components_truncated;reconnected_after_missing,1
10.000000000,filament-0002,0,76.000000000,116.000000000,1.000000000,150,pixel,branched_component;disconnected_skeleton;ambiguous_components;components_truncated;new_lineage,1
10.000000000,filament-0002,1,76.000000000,114.286840046,1.000000000,150,pixel,branched_component;disconnected_skeleton;ambiguous_components;components_truncated;new_lineage,1
10.000000000,filament-0002,2,77.000000000,112.987893654,1.000000000,150,pixel,branched_component;disconnected_skeleton;ambiguous_components;components_truncated;new_lineage,1
10.000000000,filament-0002,3,77.512840719,111.487159281,1.000000000,150,pixel,branched_component;disconnected_skeleton;ambiguous_components;components_truncated;new_lineage,1
10.000000000,filament-0002,4,78.017120959,109.982879041,1.000000000,150,pixel,branched_component;disconnected_skeleton;ambiguous_components;components_truncated;new_lineage,1
10.000000000,filament-0002,5,79.000000000,108.676840915,1.000000000,150,pixel,branched_component;disconnected_skeleton;ambiguous_components;components_truncated;new_lineage,1
10.000000000,filament-0002,6,79.732788220,107.267211780,1.000000000,150,pixel,branched_component;disconnected_skeleton;ambiguous_components;components_truncated;new_lineage,1
10.000000000,filament-0002,7,80.944175241,106.055824759,1.000000000,150,pixel,branched_component;disconnected_skeleton;ambiguous_components;components_truncated;new_lineage,1
10.000000000,filament-0002,8,81.448455481,104.551544519,1.000000000,150,pixel,branched_component;disconnected_skeleton;ambiguous_components;components_truncated;new_lineage,1
10.000000000,filament-0002,9,82.659842502,103.340157498,1.000000000,150,pixel,branched_component;disconnected_skeleton;ambiguous_components;components_truncated;new_lineage,1
10.000000000,filament-0002,10,83.871229523,102.128770477,1.000000000,150,pixel,branched_component;disconnected_skeleton;ambiguous_components;components_truncated;new_lineage,1
10.000000000,filament-0002,11,85.082616544,100.917383456,1.000000000,150,pixel,branched_component;disconnected_skeleton;ambiguous_components;components_truncated;new_lineage,1
10.000000000,filament-0002,12,86.294003565,99.705996435,1.000000000,150,pixel,branched_component;disconnected_skeleton;ambiguous_components;components_truncated;new_lineage,1
10.000000000,filament-0002,13,87.505390586,98.494609414,1.000000000,150,pixel,branched_component;disconnected_skeleton;ambiguous_components;components_truncated;new_lineage,1
10.000000000,filament-0002,14,88.716777607,97.283222393,1.000000000,150,pixel,branched_component;disconnected_skeleton;ambiguous_components;components_truncated;new_lineage,1
10.000000000,filament-0002,15,89.928164628,96.071835372,1.000000000,150,pixel,branched_component;disconnected_skeleton;ambiguous_components;components_truncated;new_lineage,1
10.000000000,filament-0002,16,91.139551649,94.860448351,1.000000000,150,pixel,branched_component;disconnected_skeleton;ambiguous_components;components_truncated;new_lineage,1
10.000000000,filament-0002,17,92.350938670,93.649061330,1.000000000,150,pixel,branched_component;disconnected_skeleton;ambiguous_components;components_truncated;new_lineage,1
10.000000000,filament-0002,18,93.000000000,92.204751382,1.000000000,150,pixel,branched_component;disconnected_skeleton;ambiguous_components;components_truncated;new_lineage,1
10.000000000,filament-0002,19,94.066605931,90.933394069,1.000000000,150,pixel,branched_component;disconnected_skeleton;ambiguous_components;components_truncated;new_lineage,1
10.000000000,filament-0002,20,95.277992952,89.722007048,1.000000000,150,pixel,branched_component;disconnected_skeleton;ambiguous_components;components_truncated;new_lineage,1
10.000000000,filament-0002,21,96.692087794,89.000000000,1.000000000,150,pixel,branched_component;disconnected_skeleton;ambiguous_components;components_truncated;new_lineage,1
10.000000000,filament-0002,22,97.993660212,88.006339788,1.000000000,150,pixel,branched_component;disconnected_skeleton;ambiguous_components;components_truncated;new_lineage,1
10.000000000,filament-0002,23,99.497940452,87.502059548,1.000000000,150,pixel,branched_component;disconnected_skeleton;ambiguous_components;components_truncated;new_lineage,1
10.000000000,filament-0002,24,101.002220692,86.997779308,1.000000000,150,pixel,branched_component;disconnected_skeleton;ambiguous_components;components_truncated;new_lineage,1
10.000000000,filament-0002,25,102.302086925,86.000000000,1.000000000,150,pixel,branched_component;disconnected_skeleton;ambiguous_components;components_truncated;new_lineage,1
10.000000000,filament-0002,26,103.717887953,85.282112047,1.000000000,150,pixel,branched_component;disconnected_skeleton;ambiguous_components;components_truncated;new_lineage,1
10.000000000,filament-0002,27,105.222168193,84.777831807,1.000000000,150,pixel,branched_component;disconnected_skeleton;ambiguous_components;components_truncated;new_lineage,1
10.000000000,filament-0002,28,106.613139663,84.000000000,1.000000000,150,pixel,branched_component;disconnected_skeleton;ambiguous_components;components_truncated;new_lineage,1
10.000000000,filament-0002,29,107.937835453,83.062164547,1.000000000,150,pixel,branched_component;disconnected_skeleton;ambiguous_components;components_truncated;new_lineage,1
10.000000000,filament-0002,30,109.625246010,83.000000000,1.000000000,150,pixel,branched_component;disconnected_skeleton;ambiguous_components;components_truncated;new_lineage,1
10.000000000,filament-0002,31,110.946395933,82.053604067,1.000000000,150,pixel,branched_component;disconnected_skeleton;ambiguous_components;components_truncated;new_lineage,1
10.000000000,filament-0002,32,112.223138794,81.000000000,1.000000000,150,pixel,branched_component;disconnected_skeleton;ambiguous_components;components_truncated;new_lineage,1
10.000000000,filament-0002,33,113.662063194,80.337936806,1.000000000,150,pixel,branched_component;disconnected_skeleton;ambiguous_components;components_truncated;new_lineage,1
10.000000000,filament-0002,34,115.166343434,79.833656566,1.000000000,150,pixel,branched_component;disconnected_skeleton;ambiguous_components;components_truncated;new_lineage,1
10.000000000,filament-0002,35,116.534191532,79.000000000,1.000000000,150,pixel,branched_component;disconnected_skeleton;ambiguous_components;components_truncated;new_lineage,1
10.000000000,filament-0002,36,117.882010694,78.117989306,1.000000000,150,pixel,branched_component;disconnected_skeleton;ambiguous_components;components_truncated;new_lineage,1
10.000000000,filament-0002,37,119.546297878,78.000000000,1.000000000,150,pixel,branched_component;disconnected_skeleton;ambiguous_components;components_truncated;new_lineage,1
10.000000000,filament-0002,38,121.259457833,78.000000000,1.000000000,150,pixel,branched_component;disconnected_skeleton;ambiguous_components;components_truncated;new_lineage,1
10.000000000,filament-0002,39,122.972617787,78.000000000,1.000000000,150,pixel,branched_component;disconnected_skeleton;ambiguous_components;components_truncated;new_lineage,1
10.000000000,filament-0002,40,124.685777741,78.000000000,1.000000000,150,pixel,branched_component;disconnected_skeleton;ambiguous_components;components_truncated;new_lineage,1
10.000000000,filament-0002,41,126.398937696,78.000000000,1.000000000,150,pixel,branched_component;disconnected_skeleton;ambiguous_components;components_truncated;new_lineage,1
10.000000000,filament-0002,42,128.112097650,78.000000000,1.000000000,150,pixel,branched_component;disconnected_skeleton;ambiguous_components;components_truncated;new_lineage,1
10.000000000,filament-0002,43,129.825257605,78.000000000,1.000000000,150,pixel,branched_component;disconnected_skeleton;ambiguous_components;components_truncated;new_lineage,1
10.000000000,filament-0002,44,131.538417559,78.000000000,1.000000000,150,pixel,branched_component;disconnected_skeleton;ambiguous_components;components_truncated;new_lineage,1
10.000000000,filament-0002,45,133.251577513,78.000000000,1.000000000,150,pixel,branched_component;disconnected_skeleton;ambiguous_components;components_truncated;new_lineage,1
10.000000000,filament-0002,46,134.964737468,78.000000000,1.000000000,150,pixel,branched_component;disconnected_skeleton;ambiguous_components;components_truncated;new_lineage,1
10.000000000,filament-0002,47,136.479345864,77.520654136,1.000000000,150,pixel,branched_component;disconnected_skeleton;ambiguous_components;components_truncated;new_lineage,1
10.000000000,filament-0002,48,137.976843814,77.000000000,1.000000000,150,pixel,branched_component;disconnected_skeleton;ambiguous_components;components_truncated;new_lineage,1
10.000000000,filament-0002,49,139.275790206,78.000000000,1.000000000,150,pixel,branched_component;disconnected_skeleton;ambiguous_components;components_truncated;new_lineage,1
10.000000000,filament-0002,50,140.988950160,78.000000000,1.000000000,150,pixel,branched_component;disconnected_skeleton;ambiguous_components;components_truncated;new_lineage,1
10.000000000,filament-0002,51,142.702110115,78.000000000,1.000000000,150,pixel,branched_component;disconnected_skeleton;ambiguous_components;components_truncated;new_lineage,1
10.000000000,filament-0002,52,144.415270069,78.000000000,1.000000000,150,pixel,branched_component;disconnected_skeleton;ambiguous_components;components_truncated;new_lineage,1
10.000000000,filament-0002,53,146.090813741,78.090813741,1.000000000,150,pixel,branched_component;disconnected_skeleton;ambiguous_components;components_truncated;new_lineage,1
10.000000000,filament-0002,54,147.427376415,79.000000000,1.000000000,150,pixel,branched_component;disconnected_skeleton;ambiguous_components;components_truncated;new_lineage,1
10.000000000,filament-0002,55,149.140536370,79.000000000,1.000000000,150,pixel,branched_component;disconnected_skeleton;ambiguous_components;components_truncated;new_lineage,1
10.000000000,filament-0002,56,150.603654460,79.603654460,1.000000000,150,pixel,branched_component;disconnected_skeleton;ambiguous_components;components_truncated;new_lineage,1
10.000000000,filament-0002,57,152.107934700,80.107934700,1.000000000,150,pixel,branched_component;disconnected_skeleton;ambiguous_components;components_truncated;new_lineage,1
10.000000000,filament-0002,58,153.451589108,81.000000000,1.000000000,150,pixel,branched_component;disconnected_skeleton;ambiguous_components;components_truncated;new_lineage,1
10.000000000,filament-0002,59,154.823601961,81.823601961,1.000000000,150,pixel,branched_component;disconnected_skeleton;ambiguous_components;components_truncated;new_lineage,1
10.000000000,filament-0002,60,156.463695455,82.000000000,1.000000000,150,pixel,branched_component;disconnected_skeleton;ambiguous_components;components_truncated;new_lineage,1
10.000000000,filament-0002,61,157.832162440,82.832162440,1.000000000,150,pixel,branched_component;disconnected_skeleton;ambiguous_components;components_truncated;new_lineage,1
10.000000000,filament-0002,62,159.475801801,83.000000000,1.000000000,150,pixel,branched_component;disconnected_skeleton;ambiguous_components;components_truncated;new_lineage,1
10.000000000,filament-0002,63,160.840722920,83.840722920,1.000000000,150,pixel,branched_component;disconnected_skeleton;ambiguous_components;components_truncated;new_lineage,1
10.000000000,filament-0002,64,162.345003160,84.345003160,1.000000000,150,pixel,branched_component;disconnected_skeleton;ambiguous_components;components_truncated;new_lineage,1
10.000000000,filament-0002,65,163.786854539,85.000000000,1.000000000,150,pixel,branched_component;disconnected_skeleton;ambiguous_components;components_truncated;new_lineage,1
10.000000000,filament-0002,66,165.500014494,85.000000000,1.000000000,150,pixel,branched_component;disconnected_skeleton;ambiguous_components;components_truncated;new_lineage,1
10.000000000,filament-0002,67,167.213174448,85.000000000,1.000000000,150,pixel,branched_component;disconnected_skeleton;ambiguous_components;components_truncated;new_lineage,1
10.000000000,filament-0002,68,168.926334402,85.000000000,1.000000000,150,pixel,branched_component;disconnected_skeleton;ambiguous_components;components_truncated;new_lineage,1
10.000000000,filament-0002,69,170.639494357,85.000000000,1.000000000,150,pixel,branched_component;disconnected_skeleton;ambiguous_components;components_truncated;new_lineage,1
10.000000000,filament-0002,70,172.249364255,84.750635745,1.000000000,150,pixel,branched_component;disconnected_skeleton;ambiguous_components;components_truncated;new_lineage,1
10.000000000,filament-0002,71,173.651600703,84.000000000,1.000000000,150,pixel,branched_component;disconnected_skeleton;ambiguous_components;components_truncated;new_lineage,1
10.000000000,filament-0002,72,174.965031516,83.034968484,1.000000000,150,pixel,branched_component;disconnected_skeleton;ambiguous_components;components_truncated;new_lineage,1
10.000000000,filament-0002,73,176.176418537,81.823581463,1.000000000,150,pixel,branched_component;disconnected_skeleton;ambiguous_components;components_truncated;new_lineage,1
10.000000000,filament-0002,74,177.548439879,81.000000000,1.000000000,150,pixel,branched_component;disconnected_skeleton;ambiguous_components;components_truncated;new_lineage,1
10.000000000,filament-0002,75,178.892085797,81.892085797,1.000000000,150,pixel,branched_component;disconnected_skeleton;ambiguous_components;components_truncated;new_lineage,1
10.000000000,filament-0002,76,179.000000000,83.560546226,1.000000000,150,pixel,branched_component;disconnected_skeleton;ambiguous_components;components_truncated;new_lineage,1
10.000000000,filament-0002,77,179.000000000,85.273706180,1.000000000,150,pixel,branched_component;disconnected_skeleton;ambiguous_components;components_truncated;new_lineage,1
10.000000000,filament-0002,78,179.000000000,86.986866134,1.000000000,150,pixel,branched_component;disconnected_skeleton;ambiguous_components;components_truncated;new_lineage,1
10.000000000,filament-0002,79,179.000000000,88.700026089,1.000000000,150,pixel,branched_component;disconnected_skeleton;ambiguous_components;components_truncated;new_lineage,1
10.000000000,filament-0002,80,179.292166653,90.292166653,1.000000000,150,pixel,branched_component;disconnected_skeleton;ambiguous_components;components_truncated;new_lineage,1
10.000000000,filament-0002,81,180.000000000,91.712132435,1.000000000,150,pixel,branched_component;disconnected_skeleton;ambiguous_components;components_truncated;new_lineage,1
10.000000000,filament-0002,82,181.000000000,93.011078827,1.000000000,150,pixel,branched_component;disconnected_skeleton;ambiguous_components;components_truncated;new_lineage,1
10.000000000,filament-0002,83,181.512114154,94.512114154,1.000000000,150,pixel,branched_component;disconnected_skeleton;ambiguous_components;components_truncated;new_lineage,1
10.000000000,filament-0002,84,182.723501175,95.723501175,1.000000000,150,pixel,branched_component;disconnected_skeleton;ambiguous_components;components_truncated;new_lineage,1
10.000000000,filament-0002,85,183.934888196,96.934888196,1.000000000,150,pixel,branched_component;disconnected_skeleton;ambiguous_components;components_truncated;new_lineage,1
10.000000000,filament-0002,86,185.206864395,98.000000000,1.000000000,150,pixel,branched_component;disconnected_skeleton;ambiguous_components;components_truncated;new_lineage,1
10.000000000,filament-0002,87,186.650555456,98.650555456,1.000000000,150,pixel,branched_component;disconnected_skeleton;ambiguous_components;components_truncated;new_lineage,1
10.000000000,filament-0002,88,187.861942477,99.861942477,1.000000000,150,pixel,branched_component;disconnected_skeleton;ambiguous_components;components_truncated;new_lineage,1
10.000000000,filament-0002,89,189.366222717,100.366222717,1.000000000,150,pixel,branched_component;disconnected_skeleton;ambiguous_components;components_truncated;new_lineage,1
10.000000000,filament-0002,90,190.816863525,101.000000000,1.000000000,150,pixel,branched_component;disconnected_skeleton;ambiguous_components;components_truncated;new_lineage,1
10.000000000,filament-0002,91,192.115809917,102.000000000,1.000000000,150,pixel,branched_component;disconnected_skeleton;ambiguous_components;components_truncated;new_lineage,1
10.000000000,filament-0002,92,193.586170218,102.586170218,1.000000000,150,pixel,branched_component;disconnected_skeleton;ambiguous_components;components_truncated;new_lineage,1
10.000000000,filament-0002,93,195.090450458,103.090450458,1.000000000,150,pixel,branched_component;disconnected_skeleton;ambiguous_components;components_truncated;new_lineage,1
10.000000000,filament-0002,94,196.426862656,104.000000000,1.000000000,150,pixel,branched_component;disconnected_skeleton;ambiguous_components;components_truncated;new_lineage,1
10.000000000,filament-0002,95,198.099010937,104.099010937,1.000000000,150,pixel,branched_component;disconnected_skeleton;ambiguous_components;components_truncated;new_lineage,1
10.000000000,filament-0002,96,199.438969002,105.000000000,1.000000000,150,pixel,branched_component;disconnected_skeleton;ambiguous_components;components_truncated;new_lineage,1
10.000000000,filament-0002,97,200.814678198,105.814678198,1.000000000,150,pixel,branched_component;disconnected_skeleton;ambiguous_components;components_truncated;new_lineage,1
10.000000000,filament-0002,98,202.318958438,106.318958438,1.000000000,150,pixel,branched_component;disconnected_skeleton;ambiguous_components;components_truncated;new_lineage,1
10.000000000,filament-0002,99,203.750021741,107.000000000,1.000000000,150,pixel,branched_component;disconnected_skeleton;ambiguous_components;components_truncated;new_lineage,1
10.000000000,filament-0002,100,205.034625699,108.034625699,1.000000000,150,pixel,branched_component;disconnected_skeleton;ambiguous_components;components_truncated;new_lineage,1
10.000000000,filament-0002,101,206.347914525,109.000000000,1.000000000,150,pixel,branched_component;disconnected_skeleton;ambiguous_components;components_truncated;new_lineage,1
10.000000000,filament-0002,102,207.750292959,109.750292959,1.000000000,150,pixel,branched_component;disconnected_skeleton;ambiguous_components;components_truncated;new_lineage,1
10.000000000,filament-0002,103,209.254573199,110.254573199,1.000000000,150,pixel,branched_component;disconnected_skeleton;ambiguous_components;components_truncated;new_lineage,1
10.000000000,filament-0002,104,210.465960220,111.465960220,1.000000000,150,pixel,branched_component;disconnected_skeleton;ambiguous_components;components_truncated;new_lineage,1
10.000000000,filament-0002,105,211.957913655,112.000000000,1.000000000,150,pixel,branched_component;disconnected_skeleton;ambiguous_components;components_truncated;new_lineage,1
10.000000000,filament-0002,106,213.181627481,113.181627481,1.000000000,150,pixel,branched_component;disconnected_skeleton;ambiguous_components;components_truncated;new_lineage,1
10.000000000,filament-0002,107,214.393014502,114.393014502,1.000000000,150,pixel,branched_component;disconnected_skeleton;ambiguous_components;components_truncated;new_lineage,1
10.000000000,filament-0002,108,215.854752831,115.000000000,1.000000000,150,pixel,branched_component;disconnected_skeleton;ambiguous_components;components_truncated;new_lineage,1
10.000000000,filament-0002,109,217.108681763,116.108681763,1.000000000,150,pixel,branched_component;disconnected_skeleton;ambiguous_components;components_truncated;new_lineage,1
10.000000000,filament-0002,110,218.452645615,117.000000000,1.000000000,150,pixel,branched_component;disconnected_skeleton;ambiguous_components;components_truncated;new_lineage,1
10.000000000,filament-0002,111,219.824349024,117.824349024,1.000000000,150,pixel,branched_component;disconnected_skeleton;ambiguous_components;components_truncated;new_lineage,1
10.000000000,filament-0002,112,221.328629263,118.328629263,1.000000000,150,pixel,branched_component;disconnected_skeleton;ambiguous_components;components_truncated;new_lineage,1
10.000000000,filament-0002,113,222.763698353,119.000000000,1.000000000,150,pixel,branched_component;disconnected_skeleton;ambiguous_components;components_truncated;new_lineage,1
10.000000000,filament-0002,114,224.044296524,120.044296524,1.000000000,150,pixel,branched_component;disconnected_skeleton;ambiguous_components;components_truncated;new_lineage,1
10.000000000,filament-0002,115,225.361591137,121.000000000,1.000000000,150,pixel,branched_component;disconnected_skeleton;ambiguous_components;components_truncated;new_lineage,1
10.000000000,filament-0002,116,226.759963785,121.759963785,1.000000000,150,pixel,branched_component;disconnected_skeleton;ambiguous_components;components_truncated;new_lineage,1
10.000000000,filament-0002,117,227.971350806,122.971350806,1.000000000,150,pixel,branched_component;disconnected_skeleton;ambiguous_components;components_truncated;new_lineage,1
10.000000000,filament-0002,118,229.258430313,124.000000000,1.000000000,150,pixel,branched_component;disconnected_skeleton;ambiguous_components;components_truncated;new_lineage,1
10.000000000,filament-0002,119,230.687018067,124.687018067,1.000000000,150,pixel,branched_component;disconnected_skeleton;ambiguous_components;components_truncated;new_lineage,1
10.000000000,filament-0002,120,232.191298307,125.191298307,1.000000000,150,pixel,branched_component;disconnected_skeleton;ambiguous_components;components_truncated;new_lineage,1
10.000000000,filament-0002,121,233.402685328,126.402685328,1.000000000,150,pixel,branched_component;disconnected_skeleton;ambiguous_components;components_truncated;new_lineage,1
10.000000000,filament-0002,122,234.868429444,127.000000000,1.000000000,150,pixel,branched_component;disconnected_skeleton;ambiguous_components;components_truncated;new_lineage,1
10.000000000,filament-0002,123,236.167375836,128.000000000,1.000000000,150,pixel,branched_component;disconnected_skeleton;ambiguous_components;components_truncated;new_lineage,1
10.000000000,filament-0002,124,237.880535790,128.000000000,1.000000000,150,pixel,branched_component;disconnected_skeleton;ambiguous_components;components_truncated;new_lineage,1
10.000000000,filament-0002,125,239.179482182,129.000000000,1.000000000,150,pixel,branched_component;disconnected_skeleton;ambiguous_components;components_truncated;new_lineage,1
10.000000000,filament-0002,126,240.631193308,129.631193308,1.000000000,150,pixel,branched_component;disconnected_skeleton;ambiguous_components;components_truncated;new_lineage,1
10.000000000,filament-0002,127,241.842580329,130.842580329,1.000000000,150,pixel,branched_component;disconnected_skeleton;ambiguous_components;components_truncated;new_lineage,1
10.000000000,filament-0002,128,243.346860569,131.346860569,1.000000000,150,pixel,branched_component;disconnected_skeleton;ambiguous_components;components_truncated;new_lineage,1
10.000000000,filament-0002,129,244.789481312,132.000000000,1.000000000,150,pixel,branched_component;disconnected_skeleton;ambiguous_components;components_truncated;new_lineage,1
10.000000000,filament-0002,130,246.062527829,133.062527829,1.000000000,150,pixel,branched_component;disconnected_skeleton;ambiguous_components;components_truncated;new_lineage,1
10.000000000,filament-0002,131,247.273914850,134.273914850,1.000000000,150,pixel,branched_component;disconnected_skeleton;ambiguous_components;components_truncated;new_lineage,1
10.000000000,filament-0002,132,248.686320488,135.000000000,1.000000000,150,pixel,branched_component;disconnected_skeleton;ambiguous_components;components_truncated;new_lineage,1
10.000000000,filament-0002,133,249.989582111,135.989582111,1.000000000,150,pixel,branched_component;disconnected_skeleton;ambiguous_components;components_truncated;new_lineage,1
10.000000000,filament-0002,134,251.284213272,137.000000000,1.000000000,150,pixel,branched_component;disconnected_skeleton;ambiguous_components;components_truncated;new_lineage,1
10.000000000,filament-0002,135,252.705249372,137.705249372,1.000000000,150,pixel,branched_component;disconnected_skeleton;ambiguous_components;components_truncated;new_lineage,1
10.000000000,filament-0002,136,253.916636393,138.916636393,1.000000000,150,pixel,branched_component;disconnected_skeleton;ambiguous_components;components_truncated;new_lineage,1
10.000000000,filament-0002,137,255.181052449,140.000000000,1.000000000,150,pixel,branched_component;disconnected_skeleton;ambiguous_components;components_truncated;new_lineage,1
10.000000000,filament-0002,138,256.632303654,140.632303654,1.000000000,150,pixel,branched_component;disconnected_skeleton;ambiguous_components;components_truncated;new_lineage,1
10.000000000,filament-0002,139,257.843690675,141.843690675,1.000000000,150,pixel,branched_component;disconnected_skeleton;ambiguous_components;components_truncated;new_lineage,1
10.000000000,filament-0002,140,259.055077696,143.055077696,1.000000000,150,pixel,branched_component;disconnected_skeleton;ambiguous_components;components_truncated;new_lineage,1
10.000000000,filament-0002,141,260.266464717,144.266464717,1.000000000,150,pixel,branched_component;disconnected_skeleton;ambiguous_components;components_truncated;new_lineage,1
10.000000000,filament-0002,142,261.675784409,145.000000000,1.000000000,150,pixel,branched_component;disconnected_skeleton;ambiguous_components;components_truncated;new_lineage,1
10.000000000,filament-0002,143,262.982131978,145.982131978,1.000000000,150,pixel,branched_component;disconnected_skeleton;ambiguous_components;components_truncated;new_lineage,1
10.000000000,filament-0002,144,264.687890755,146.000000000,1.000000000,150,pixel,branched_component;disconnected_skeleton;ambiguous_components;components_truncated;new_lineage,1
10.000000000,filament-0002,145,266.401050709,146.000000000,1.000000000,150,pixel,branched_component;disconnected_skeleton;ambiguous_components;components_truncated;new_lineage,1
10.000000000,filament-0002,146,268.114210664,146.000000000,1.000000000,150,pixel,branched_component;disconnected_skeleton;ambiguous_components;components_truncated;new_lineage,1
10.000000000,filament-0002,147,269.827370618,146.000000000,1.000000000,150,pixel,branched_component;disconnected_skeleton;ambiguous_components;components_truncated;new_lineage,1
10.000000000,filament-0002,148,271.382212833,145.617787167,1.000000000,150,pixel,branched_component;disconnected_skeleton;ambiguous_components;components_truncated;new_lineage,1
10.000000000,filament-0002,149,272.593599854,144.406400146,1.000000000,150,pixel,branched_component;disconnected_skeleton;ambiguous_components;components_truncated;new_lineage,1
10.000000000,filament-0002,150,273.804986875,143.195013125,1.000000000,150,pixel,branched_component;disconnected_skeleton;ambiguous_components;components_truncated;new_lineage,1
10.000000000,filament-0002,151,275.000000000,141.976843814,1.000000000,150,pixel,branched_component;disconnected_skeleton;ambiguous_components;components_truncated;new_lineage,1
10.000000000,filament-0002,152,275.520654136,140.479345864,1.000000000,150,pixel,branched_component;disconnected_skeleton;ambiguous_components;components_truncated;new_lineage,1
10.000000000,filament-0002,153,276.024934376,138.975065624,1.000000000,150,pixel,branched_component;disconnected_skeleton;ambiguous_components;components_truncated;new_lineage,1
10.000000000,filament-0002,154,277.000000000,137.665791076,1.000000000,150,pixel,branched_component;disconnected_skeleton;ambiguous_components;components_truncated;new_lineage,1
10.000000000,filament-0002,155,277.740601637,136.259398363,1.000000000,150,pixel,branched_component;disconnected_skeleton;ambiguous_components;components_truncated;new_lineage,1
10.000000000,filament-0002,156,278.244881876,134.755118124,1.000000000,150,pixel,branched_component;disconnected_skeleton;ambiguous_components;components_truncated;new_lineage,1
10.000000000,filament-0002,157,279.456268897,133.543731103,1.000000000,150,pixel,branched_component;disconnected_skeleton;ambiguous_components;components_truncated;new_lineage,1
10.000000000,filament-0002,158,280.667655918,132.332344082,1.000000000,150,pixel,branched_component;disconnected_skeleton;ambiguous_components;components_truncated;new_lineage,1
10.000000000,filament-0002,159,281.879042939,131.120957061,1.000000000,150,pixel,branched_component;disconnected_skeleton;ambiguous_components;components_truncated;new_lineage,1
10.000000000,filament-0002,160,282.383323179,129.616676821,1.000000000,150,pixel,branched_component;disconnected_skeleton;ambiguous_components;components_truncated;new_lineage,1
10.000000000,filament-0002,161,283.841047231,129.000000000,1.000000000,150,pixel,branched_component;disconnected_skeleton;ambiguous_components;components_truncated;new_lineage,1
10.000000000,filament-0002,162,285.391883659,128.608116341,1.000000000,150,pixel,branched_component;disconnected_skeleton;ambiguous_components;components_truncated;new_lineage,1
10.000000000,filament-0002,163,286.603270680,128.603270680,1.000000000,150,pixel,branched_component;disconnected_skeleton;ambiguous_components;components_truncated;new_lineage,1
10.000000000,filament-0002,164,287.000000000,130.152099969,1.000000000,150,pixel,branched_component;disconnected_skeleton;ambiguous_components;components_truncated;new_lineage,1
10.000000000,filament-0002,165,287.000000000,131.865259924,1.000000000,150,pixel,branched_component;disconnected_skeleton;ambiguous_components;components_truncated;new_lineage,1
10.000000000,filament-0002,166,285.883888601,133.116111399,1.000000000,150,pixel,branched_component;disconnected_skeleton;ambiguous_components;components_truncated;new_lineage,1
10.000000000,filament-0002,167,284.672501580,134.327498420,1.000000000,150,pixel,branched_component;disconnected_skeleton;ambiguous_components;components_truncated;new_lineage,1
10.000000000,filament-0002,168,284.000000000,135.762099100,1.000000000,150,pixel,branched_component;disconnected_skeleton;ambiguous_components;components_truncated;new_lineage,1
10.000000000,filament-0002,169,282.956834319,137.043165681,1.000000000,150,pixel,branched_component;disconnected_skeleton;ambiguous_components;components_truncated;new_lineage,1
10.000000000,filament-0002,170,281.745447298,138.254552702,1.000000000,150,pixel,branched_component;disconnected_skeleton;ambiguous_components;components_truncated;new_lineage,1
10.000000000,filament-0002,171,281.000000000,139.658938276,1.000000000,150,pixel,branched_component;disconnected_skeleton;ambiguous_components;components_truncated;new_lineage,1
10.000000000,filament-0002,172,280.029780037,140.970219963,1.000000000,150,pixel,branched_component;disconnected_skeleton;ambiguous_components;components_truncated;new_lineage,1
10.000000000,filament-0002,173,279.000000000,142.256831060,1.000000000,150,pixel,branched_component;disconnected_skeleton;ambiguous_components;components_truncated;new_lineage,1
10.000000000,filament-0002,174,278.314112776,143.685887224,1.000000000,150,pixel,branched_component;disconnected_skeleton;ambiguous_components;components_truncated;new_lineage,1
10.000000000,filament-0002,175,278.000000000,145.268937406,1.000000000,150,pixel,branched_component;disconnected_skeleton;ambiguous_components;components_truncated;new_lineage,1
10.000000000,filament-0002,176,277.305552297,146.694447703,1.000000000,150,pixel,branched_component;disconnected_skeleton;ambiguous_components;components_truncated;new_lineage,1
10.000000000,filament-0002,177,277.000000000,148.281043752,1.000000000,150,pixel,branched_component;disconnected_skeleton;ambiguous_components;components_truncated;new_lineage,1
10.000000000,filament-0002,178,277.000000000,149.994203707,1.000000000,150,pixel,branched_component;disconnected_skeleton;ambiguous_components;components_truncated;new_lineage,1
10.000000000,filament-0002,179,277.000000000,151.707363661,1.000000000,150,pixel,branched_component;disconnected_skeleton;ambiguous_components;components_truncated;new_lineage,1
10.000000000,filament-0002,180,277.000000000,153.420523615,1.000000000,150,pixel,branched_component;disconnected_skeleton;ambiguous_components;components_truncated;new_lineage,1
10.000000000,filament-0002,181,277.000000000,155.133683570,1.000000000,150,pixel,branched_component;disconnected_skeleton;ambiguous_components;components_truncated;new_lineage,1
10.000000000,filament-0002,182,277.598808799,156.598808799,1.000000000,150,pixel,branched_component;disconnected_skeleton;ambiguous_components;components_truncated;new_lineage,1
10.000000000,filament-0002,183,278.103089038,158.103089038,1.000000000,150,pixel,branched_component;disconnected_skeleton;ambiguous_components;components_truncated;new_lineage,1
10.000000000,filament-0002,184,279.000000000,159.444736308,1.000000000,150,pixel,branched_component;disconnected_skeleton;ambiguous_components;components_truncated;new_lineage,1
10.000000000,filament-0002,185,279.818756299,160.818756299,1.000000000,150,pixel,branched_component;disconnected_skeleton;ambiguous_components;components_truncated;new_lineage,1
10.000000000,filament-0002,186,280.323036539,162.323036539,1.000000000,150,pixel,branched_component;disconnected_skeleton;ambiguous_components;components_truncated;new_lineage,1
10.000000000,filament-0002,187,281.000000000,163.755789047,1.000000000,150,pixel,branched_component;disconnected_skeleton;ambiguous_components;components_truncated;new_lineage,1
10.000000000,filament-0002,188,282.038703800,165.038703800,1.000000000,150,pixel,branched_component;disconnected_skeleton;ambiguous_components;components_truncated;new_lineage,1
10.000000000,filament-0002,189,283.250090821,166.250090821,1.000000000,150,pixel,branched_component;disconnected_skeleton;ambiguous_components;components_truncated;new_lineage,1
10.000000000,filament-0002,190,284.461477842,167.461477842,1.000000000,150,pixel,branched_component;disconnected_skeleton;ambiguous_components;components_truncated;new_lineage,1
10.000000000,filament-0002,191,285.951574615,168.000000000,1.000000000,150,pixel,branched_component;disconnected_skeleton;ambiguous_components;components_truncated;new_lineage,1
10.000000000,filament-0002,192,287.250521007,169.000000000,1.000000000,150,pixel,branched_component;disconnected_skeleton;ambiguous_components;components_truncated;new_lineage,1
10.000000000,filament-0002,193,288.681425342,169.681425342,1.000000000,150,pixel,branched_component;disconnected_skeleton;ambiguous_components;components_truncated;new_lineage,1
10.000000000,filament-0002,194,290.262627353,170.000000000,1.000000000,150,pixel,branched_component;disconnected_skeleton;ambiguous_components;components_truncated;new_lineage,1
10.000000000,filament-0002,195,291.975787307,170.000000000,1.000000000,150,pixel,branched_component;disconnected_skeleton;ambiguous_components;components_truncated;new_lineage,1
10.000000000,filament-0002,196,293.487159281,170.487159281,1.000000000,150,pixel,branched_component;disconnected_skeleton;ambiguous_components;components_truncated;new_lineage,1
10.000000000,filament-0002,197,294.987893654,171.000000000,1.000000000,150,pixel,branched_component;disconnected_skeleton;ambiguous_components;components_truncated;new_lineage,1
10.000000000,filament-0002,198,296.286840046,170.000000000,1.000000000,150,pixel,branched_component;disconnected_skeleton;ambiguous_components;components_truncated;new_lineage,1
10.000000000,filament-0002,199,298.000000000,170.000000000,1.000000000,150,pixel,branched_component;disconnected_skeleton;ambiguous_components;components_truncated;new_lineage,1
13.000000000,filament-0003,0,436.000000000,237.000000000,1.000000000,195,pixel,branched_component;disconnected_skeleton;ambiguous_components;components_truncated,1
13.000000000,filament-0003,1,437.000000000,236.000000000,1.000000000,195,pixel,branched_component;disconnected_skeleton;ambiguous_components;components_truncated,1
13.000000000,filament-0003,2,438.000000000,236.000000000,1.000000000,195,pixel,branched_component;disconnected_skeleton;ambiguous_components;components_truncated,1
13.000000000,filament-0003,3,439.000000000,236.000000000,1.000000000,195,pixel,branched_component;disconnected_skeleton;ambiguous_components;components_truncated,1
13.000000000,filament-0003,4,440.000000000,236.000000000,1.000000000,195,pixel,branched_component;disconnected_skeleton;ambiguous_components;components_truncated,1
13.000000000,filament-0003,5,441.000000000,236.000000000,1.000000000,195,pixel,branched_component;disconnected_skeleton;ambiguous_components;components_truncated,1
13.000000000,filament-0003,6,442.000000000,236.000000000,1.000000000,195,pixel,branched_component;disconnected_skeleton;ambiguous_components;components_truncated,1
13.000000000,filament-0003,7,443.000000000,235.000000000,1.000000000,195,pixel,branched_component;disconnected_skeleton;ambiguous_components;components_truncated,1
13.000000000,filament-0003,8,444.000000000,235.000000000,1.000000000,195,pixel,branched_component;disconnected_skeleton;ambiguous_components;components_truncated,1
13.000000000,filament-0003,9,445.000000000,235.000000000,1.000000000,195,pixel,branched_component;disconnected_skeleton;ambiguous_components;components_truncated,1
13.000000000,filament-0003,10,446.000000000,234.000000000,1.000000000,195,pixel,branched_component;disconnected_skeleton;ambiguous_components;components_truncated,1
13.000000000,filament-0003,11,447.000000000,234.000000000,1.000000000,195,pixel,branched_component;disconnected_skeleton;ambiguous_components;components_truncated,1
13.000000000,filament-0003,12,448.000000000,234.000000000,1.000000000,195,pixel,branched_component;disconnected_skeleton;ambiguous_components;components_truncated,1
13.000000000,filament-0003,13,449.000000000,234.000000000,1.000000000,195,pixel,branched_component;disconnected_skeleton;ambiguous_components;components_truncated,1
13.000000000,filament-0003,14,450.000000000,234.000000000,1.000000000,195,pixel,branched_component;disconnected_skeleton;ambiguous_components;components_truncated,1
13.000000000,filament-0003,15,451.000000000,234.000000000,1.000000000,195,pixel,branched_component;disconnected_skeleton;ambiguous_components;components_truncated,1
13.000000000,filament-0003,16,452.000000000,234.000000000,1.000000000,195,pixel,branched_component;disconnected_skeleton;ambiguous_components;components_truncated,1
13.000000000,filament-0003,17,453.000000000,234.000000000,1.000000000,195,pixel,branched_component;disconnected_skeleton;ambiguous_components;components_truncated,1
13.000000000,filament-0003,18,454.000000000,233.000000000,1.000000000,195,pixel,branched_component;disconnected_skeleton;ambiguous_components;components_truncated,1
13.000000000,filament-0003,19,455.000000000,233.000000000,1.000000000,195,pixel,branched_component;disconnected_skeleton;ambiguous_components;components_truncated,1
13.000000000,filament-0003,20,456.000000000,234.000000000,1.000000000,195,pixel,branched_component;disconnected_skeleton;ambiguous_components;components_truncated,1
13.000000000,filament-0003,21,457.000000000,234.000000000,1.000000000,195,pixel,branched_component;disconnected_skeleton;ambiguous_components;components_truncated,1
13.000000000,filament-0003,22,458.000000000,234.000000000,1.000000000,195,pixel,branched_component;disconnected_skeleton;ambiguous_components;components_truncated,1
13.000000000,filament-0003,23,459.000000000,234.000000000,1.000000000,195,pixel,branched_component;disconnected_skeleton;ambiguous_components;components_truncated,1
13.000000000,filament-0003,24,460.000000000,234.000000000,1.000000000,195,pixel,branched_component;disconnected_skeleton;ambiguous_components;components_truncated,1
13.000000000,filament-0003,25,461.000000000,234.000000000,1.000000000,195,pixel,branched_component;disconnected_skeleton;ambiguous_components;components_truncated,1
13.000000000,filament-0003,26,462.000000000,234.000000000,1.000000000,195,pixel,branched_component;disconnected_skeleton;ambiguous_components;components_truncated,1
13.000000000,filament-0003,27,463.000000000,234.000000000,1.000000000,195,pixel,branched_component;disconnected_skeleton;ambiguous_components;components_truncated,1
13.000000000,filament-0003,28,464.000000000,235.000000000,1.000000000,195,pixel,branched_component;disconnected_skeleton;ambiguous_components;components_truncated,1
13.000000000,filament-0003,29,465.000000000,235.000000000,1.000000000,195,pixel,branched_component;disconnected_skeleton;ambiguous_components;components_truncated,1
13.000000000,filament-0003,30,466.000000000,235.000000000,1.000000000,195,pixel,branched_component;disconnected_skeleton;ambiguous_components;components_truncated,1
13.000000000,filament-0003,31,467.000000000,236.000000000,1.000000000,195,pixel,branched_component;disconnected_skeleton;ambiguous_components;components_truncated,1
13.000000000,filament-0003,32,468.000000000,236.000000000,1.000000000,195,pixel,branched_component;disconnected_skeleton;ambiguous_components;components_truncated,1
13.000000000,filament-0003,33,469.000000000,237.000000000,1.000000000,195,pixel,branched_component;disconnected_skeleton;ambiguous_components;components_truncated,1
13.000000000,filament-0003,34,470.000000000,238.000000000,1.000000000,195,pixel,branched_component;disconnected_skeleton;ambiguous_components;components_truncated,1
13.000000000,filament-0003,35,471.000000000,238.000000000,1.000000000,195,pixel,branched_component;disconnected_skeleton;ambiguous_components;components_truncated,1
13.000000000,filament-0003,36,472.000000000,239.000000000,1.000000000,195,pixel,branched_component;disconnected_skeleton;ambiguous_components;components_truncated,1
13.000000000,filament-0003,37,473.000000000,240.000000000,1.000000000,195,pixel,branched_component;disconnected_skeleton;ambiguous_components;components_truncated,1
13.000000000,filament-0003,38,474.000000000,241.000000000,1.000000000,195,pixel,branched_component;disconnected_skeleton;ambiguous_components;components_truncated,1
13.000000000,filament-0003,39,475.000000000,241.000000000,1.000000000,195,pixel,branched_component;disconnected_skeleton;ambiguous_components;components_truncated,1
13.000000000,filament-0003,40,476.000000000,242.000000000,1.000000000,195,pixel,branched_component;disconnected_skeleton;ambiguous_components;components_truncated,1
13.000000000,filament-0003,41,477.000000000,243.000000000,1.000000000,195,pixel,branched_component;disconnected_skeleton;ambiguous_components;components_truncated,1
13.000000000,filament-0003,42,478.000000000,244.000000000,1.000000000,195,pixel,branched_component;disconnected_skeleton;ambiguous_components;components_truncated,1
13.000000000,filament-0003,43,479.000000000,245.000000000,1.000000000,195,pixel,branched_component;disconnected_skeleton;ambiguous_components;components_truncated,1
13.000000000,filament-0003,44,480.000000000,246.000000000,1.000000000,195,pixel,branched_component;disconnected_skeleton;ambiguous_components;components_truncated,1
13.000000000,filament-0003,45,481.000000000,247.000000000,1.000000000,195,pixel,branched_component;disconnected_skeleton;ambiguous_components;components_truncated,1
13.000000000,filament-0003,46,481.000000000,248.000000000,1.000000000,195,pixel,branched_component;disconnected_skeleton;ambiguous_components;components_truncated,1
13.000000000,filament-0003,47,482.000000000,249.000000000,1.000000000,195,pixel,branched_component;disconnected_skeleton;ambiguous_components;components_truncated,1
13.000000000,filament-0003,48,482.000000000,250.000000000,1.000000000,195,pixel,branched_component;disconnected_skeleton;ambiguous_components;components_truncated,1
13.000000000,filament-0003,49,483.000000000,251.000000000,1.000000000,195,pixel,branched_component;disconnected_skeleton;ambiguous_components;components_truncated,1
13.000000000,filament-0003,50,484.000000000,252.000000000,1.000000000,195,pixel,branched_component;disconnected_skeleton;ambiguous_components;components_truncated,1
13.000000000,filament-0003,51,484.000000000,253.000000000,1.000000000,195,pixel,branched_component;disconnected_skeleton;ambiguous_components;components_truncated,1
13.000000000,filament-0003,52,485.000000000,254.000000000,1.000000000,195,pixel,branched_component;disconnected_skeleton;ambiguous_components;components_truncated,1
13.000000000,filament-0003,53,486.000000000,255.000000000,1.000000000,195,pixel,branched_component;disconnected_skeleton;ambiguous_components;components_truncated,1
13.000000000,filament-0003,54,486.000000000,256.000000000,1.000000000,195,pixel,branched_component;disconnected_skeleton;ambiguous_components;components_truncated,1
13.000000000,filament-0003,55,487.000000000,257.000000000,1.000000000,195,pixel,branched_component;disconnected_skeleton;ambiguous_components;components_truncated,1
13.000000000,filament-0003,56,487.000000000,258.000000000,1.000000000,195,pixel,branched_component;disconnected_skeleton;ambiguous_components;components_truncated,1
13.000000000,filament-0003,57,487.000000000,259.000000000,1.000000000,195,pixel,branched_component;disconnected_skeleton;ambiguous_components;components_truncated,1
13.000000000,filament-0003,58,488.000000000,260.000000000,1.000000000,195,pixel,branched_component;disconnected_skeleton;ambiguous_components;components_truncated,1
13.000000000,filament-0003,59,488.000000000,261.000000000,1.000000000,195,pixel,branched_component;disconnected_skeleton;ambiguous_components;components_truncated,1
13.000000000,filament-0003,60,488.000000000,262.000000000,1.000000000,195,pixel,branched_component;disconnected_skeleton;ambiguous_components;components_truncated,1
13.000000000,filament-0003,61,489.000000000,263.000000000,1.000000000,195,pixel,branched_component;disconnected_skeleton;ambiguous_components;components_truncated,1
13.000000000,filament-0003,62,489.000000000,264.000000000,1.000000000,195,pixel,branched_component;disconnected_skeleton;ambiguous_components;components_truncated,1
13.000000000,filament-0003,63,489.000000000,265.000000000,1.000000000,195,pixel,branched_component;disconnected_skeleton;ambiguous_components;components_truncated,1
13.000000000,filament-0003,64,489.000000000,266.000000000,1.000000000,195,pixel,branched_component;disconnected_skeleton;ambiguous_components;components_truncated,1
13.000000000,filament-0003,65,490.000000000,267.000000000,1.000000000,195,pixel,branched_component;disconnected_skeleton;ambiguous_components;components_truncated,1
13.000000000,filament-0003,66,490.000000000,268.000000000,1.000000000,195,pixel,branched_component;disconnected_skeleton;ambiguous_components;components_truncated,1
13.000000000,filament-0003,67,490.000000000,269.000000000,1.000000000,195,pixel,branched_component;disconnected_skeleton;ambiguous_components;components_truncated,1
13.000000000,filament-0003,68,490.000000000,270.000000000,1.000000000,195,pixel,branched_component;disconnected_skeleton;ambiguous_components;components_truncated,1
13.000000000,filament-0003,69,490.000000000,271.000000000,1.000000000,195,pixel,branched_component;disconnected_skeleton;ambiguous_components;components_truncated,1
13.000000000,filament-0003,70,489.000000000,272.000000000,1.000000000,195,pixel,branched_component;disconnected_skeleton;ambiguous_components;components_truncated,1
13.000000000,filament-0003,71,489.000000000,273.000000000,1.000000000,195,pixel,branched_component;disconnected_skeleton;ambiguous_components;components_truncated,1
13.000000000,filament-0003,72,489.000000000,274.000000000,1.000000000,195,pixel,branched_component;disconnected_skeleton;ambiguous_components;components_truncated,1
13.000000000,filament-0003,73,489.000000000,275.000000000,1.000000000,195,pixel,branched_component;disconnected_skeleton;ambiguous_components;components_truncated,1
13.000000000,filament-0003,74,489.000000000,276.000000000,1.000000000,195,pixel,branched_component;disconnected_skeleton;ambiguous_components;components_truncated,1
13.000000000,filament-0003,75,489.000000000,277.000000000,1.000000000,195,pixel,branched_component;disconnected_skeleton;ambiguous_components;components_truncated,1
13.000000000,filament-0003,76,489.000000000,278.000000000,1.000000000,195,pixel,branched_component;disconnected_skeleton;ambiguous_components;components_truncated,1
13.000000000,filament-0003,77,489.000000000,279.000000000,1.000000000,195,pixel,branched_component;disconnected_skeleton;ambiguous_components;components_truncated,1
13.000000000,filament-0003,78,489.000000000,280.000000000,1.000000000,195,pixel,branched_component;disconnected_skeleton;ambiguous_components;components_truncated,1
13.000000000,filament-0003,79,489.000000000,281.000000000,1.000000000,195,pixel,branched_component;disconnected_skeleton;ambiguous_components;components_truncated,1
13.000000000,filament-0003,80,489.000000000,282.000000000,1.000000000,195,pixel,branched_component;disconnected_skeleton;ambiguous_components;components_truncated,1
13.000000000,filament-0003,81,488.000000000,283.000000000,1.000000000,195,pixel,branched_component;disconnected_skeleton;ambiguous_components;components_truncated,1
13.000000000,filament-0003,82,488.000000000,284.000000000,1.000000000,195,pixel,branched_component;disconnected_skeleton;ambiguous_components;components_truncated,1
13.000000000,filament-0003,83,487.000000000,285.000000000,1.000000000,195,pixel,branched_component;disconnected_skeleton;ambiguous_components;components_truncated,1
13.000000000,filament-0003,84,487.000000000,286.000000000,1.000000000,195,pixel,branched_component;disconnected_skeleton;ambiguous_components;components_truncated,1
13.000000000,filament-0003,85,487.000000000,287.000000000,1.000000000,195,pixel,branched_component;disconnected_skeleton;ambiguous_components;components_truncated,1
13.000000000,filament-0003,86,486.000000000,288.000000000,1.000000000,195,pixel,branched_component;disconnected_skeleton;ambiguous_components;components_truncated,1
13.000000000,filament-0003,87,486.000000000,289.000000000,1.000000000,195,pixel,branched_component;disconnected_skeleton;ambiguous_components;components_truncated,1
13.000000000,filament-0003,88,486.000000000,290.000000000,1.000000000,195,pixel,branched_component;disconnected_skeleton;ambiguous_components;components_truncated,1
13.000000000,filament-0003,89,486.000000000,291.000000000,1.000000000,195,pixel,branched_component;disconnected_skeleton;ambiguous_components;components_truncated,1
13.000000000,filament-0003,90,485.000000000,292.000000000,1.000000000,195,pixel,branched_component;disconnected_skeleton;ambiguous_components;components_truncated,1
13.000000000,filament-0003,91,485.000000000,293.000000000,1.000000000,195,pixel,branched_component;disconnected_skeleton;ambiguous_components;components_truncated,1
13.000000000,filament-0003,92,485.000000000,294.000000000,1.000000000,195,pixel,branched_component;disconnected_skeleton;ambiguous_components;components_truncated,1
13.000000000,filament-0003,93,484.000000000,295.000000000,1.000000000,195,pixel,branched_component;disconnected_skeleton;ambiguous_components;components_truncated,1
13.000000000,filament-0003,94,483.000000000,296.000000000,1.000000000,195,pixel,branched_component;disconnected_skeleton;ambiguous_components;components_truncated,1
13.000000000,filament-0003,95,483.000000000,297.000000000,1.000000000,195,pixel,branched_component;disconnected_skeleton;ambiguous_components;components_truncated,1
13.000000000,filament-0003,96,483.000000000,298.000000000,1.000000000,195,pixel,branched_component;disconnected_skeleton;ambiguous_components;components_truncated,1
13.000000000,filament-0003,97,482.000000000,299.000000000,1.000000000,195,pixel,branched_component;disconnected_skeleton;ambiguous_components;components_truncated,1
13.000000000,filament-0003,98,482.000000000,300.000000000,1.000000000,195,pixel,branched_component;disconnected_skeleton;ambiguous_components;components_truncated,1
13.000000000,filament-0003,99,482.000000000,301.000000000,1.000000000,195,pixel,branched_component;disconnected_skeleton;ambiguous_components;components_truncated,1
13.000000000,filament-0003,100,482.000000000,302.000000000,1.000000000,195,pixel,branched_component;disconnected_skeleton;ambiguous_components;components_truncated,1
13.000000000,filament-0003,101,481.000000000,303.000000000,1.000000000,195,pixel,branched_component;disconnected_skeleton;ambiguous_components;components_truncated,1
13.000000000,filament-0003,102,480.000000000,304.000000000,1.000000000,195,pixel,branched_component;disconnected_skeleton;ambiguous_components;components_truncated,1
13.000000000,filament-0003,103,480.000000000,305.000000000,1.000000000,195,pixel,branched_component;disconnected_skeleton;ambiguous_components;components_truncated,1
13.000000000,filament-0003,104,479.000000000,306.000000000,1.000000000,195,pixel,branched_component;disconnected_skeleton;ambiguous_components;components_truncated,1
13.000000000,filament-0003,105,479.000000000,307.000000000,1.000000000,195,pixel,branched_component;disconnected_skeleton;ambiguous_components;components_truncated,1
13.000000000,filament-0003,106,479.000000000,308.000000000,1.000000000,195,pixel,branched_component;disconnected_skeleton;ambiguous_components;components_truncated,1
13.000000000,filament-0003,107,478.000000000,309.000000000,1.000000000,195,pixel,branched_component;disconnected_skeleton;ambiguous_components;components_truncated,1
13.000000000,filament-0003,108,478.000000000,310.000000000,1.000000000,195,pixel,branched_component;disconnected_skeleton;ambiguous_components;components_truncated,1
13.000000000,filament-0003,109,477.000000000,311.000000000,1.000000000,195,pixel,branched_component;disconnected_skeleton;ambiguous_components;components_truncated,1
13.000000000,filament-0003,110,476.000000000,312.000000000,1.000000000,195,pixel,branched_component;disconnected_skeleton;ambiguous_components;components_truncated,1
13.000000000,filament-0003,111,476.000000000,313.000000000,1.000000000,195,pixel,branched_component;disconnected_skeleton;ambiguous_components;components_truncated,1
13.000000000,filament-0003,112,476.000000000,314.000000000,1.000000000,195,pixel,branched_component;disconnected_skeleton;ambiguous_components;components_truncated,1
13.000000000,filament-0003,113,475.000000000,315.000000000,1.000000000,195,pixel,branched_component;disconnected_skeleton;ambiguous_components;components_truncated,1
13.000000000,filament-0003,114,474.000000000,316.000000000,1.000000000,195,pixel,branched_component;disconnected_skeleton;ambiguous_components;components_truncated,1
13.000000000,filament-0003,115,474.000000000,317.000000000,1.000000000,195,pixel,branched_component;disconnected_skeleton;ambiguous_components;components_truncated,1
13.000000000,filament-0003,116,474.000000000,318.000000000,1.000000000,195,pixel,branched_component;disconnected_skeleton;ambiguous_components;components_truncated,1
13.000000000,filament-0003,117,473.000000000,319.000000000,1.000000000,195,pixel,branched_component;disconnected_skeleton;ambiguous_components;components_truncated,1
13.000000000,filament-0003,118,472.000000000,320.000000000,1.000000000,195,pixel,branched_component;disconnected_skeleton;ambiguous_components;components_truncated,1
13.000000000,filament-0003,119,472.000000000,321.000000000,1.000000000,195,pixel,branched_component;disconnected_skeleton;ambiguous_components;components_truncated,1
13.000000000,filament-0003,120,471.000000000,322.000000000,1.000000000,195,pixel,branched_component;disconnected_skeleton;ambiguous_components;components_truncated,1
13.000000000,filament-0003,121,470.000000000,323.000000000,1.000000000,195,pixel,branched_component;disconnected_skeleton;ambiguous_components;components_truncated,1
13.000000000,filament-0003,122,470.000000000,324.000000000,1.000000000,195,pixel,branched_component;disconnected_skeleton;ambiguous_components;components_truncated,1
13.000000000,filament-0003,123,470.000000000,325.000000000,1.000000000,195,pixel,branched_component;disconnected_skeleton;ambiguous_components;components_truncated,1
13.000000000,filament-0003,124,470.000000000,326.000000000,1.000000000,195,pixel,branched_component;disconnected_skeleton;ambiguous_components;components_truncated,1
13.000000000,filament-0003,125,470.000000000,327.000000000,1.000000000,195,pixel,branched_component;disconnected_skeleton;ambiguous_components;components_truncated,1
13.000000000,filament-0003,126,469.000000000,328.000000000,1.000000000,195,pixel,branched_component;disconnected_skeleton;ambiguous_components;components_truncated,1
13.000000000,filament-0003,127,468.000000000,329.000000000,1.000000000,195,pixel,branched_component;disconnected_skeleton;ambiguous_components;components_truncated,1
13.000000000,filament-0003,128,468.000000000,330.000000000,1.000000000,195,pixel,branched_component;disconnected_skeleton;ambiguous_components;components_truncated,1
13.000000000,filament-0003,129,468.000000000,331.000000000,1.000000000,195,pixel,branched_component;disconnected_skeleton;ambiguous_components;components_truncated,1
13.000000000,filament-0003,130,467.000000000,332.000000000,1.000000000,195,pixel,branched_component;disconnected_skeleton;ambiguous_components;components_truncated,1
13.000000000,filament-0003,131,467.000000000,333.000000000,1.000000000,195,pixel,branched_component;disconnected_skeleton;ambiguous_components;components_truncated,1
13.000000000,filament-0003,132,466.000000000,334.000000000,1.000000000,195,pixel,branched_component;disconnected_skeleton;ambiguous_components;components_truncated,1
13.000000000,filament-0003,133,466.000000000,335.000000000,1.000000000,195,pixel,branched_component;disconnected_skeleton;ambiguous_components;components_truncated,1
13.000000000,filament-0003,134,465.000000000,336.000000000,1.000000000,195,pixel,branched_component;disconnected_skeleton;ambiguous_components;components_truncated,1
13.000000000,filament-0003,135,465.000000000,337.000000000,1.000000000,195,pixel,branched_component;disconnected_skeleton;ambiguous_components;components_truncated,1
13.000000000,filament-0003,136,464.000000000,338.000000000,1.000000000,195,pixel,branched_component;disconnected_skeleton;ambiguous_components;components_truncated,1
13.000000000,filament-0003,137,463.000000000,339.000000000,1.000000000,195,pixel,branched_component;disconnected_skeleton;ambiguous_components;components_truncated,1
13.000000000,filament-0003,138,462.000000000,340.000000000,1.000000000,195,pixel,branched_component;disconnected_skeleton;ambiguous_components;components_truncated,1
13.000000000,filament-0003,139,461.000000000,341.000000000,1.000000000,195,pixel,branched_component;disconnected_skeleton;ambiguous_components;components_truncated,1
22.000000000,filament-0007,0,391.000000000,19.000000000,0.958333333,330,pixel,branched_component;disconnected_skeleton;large_jump;ambiguous_components;components_truncated;reconnected_after_missing,1
22.000000000,filament-0007,1,392.000000000,19.000000000,0.958333333,330,pixel,branched_component;disconnected_skeleton;large_jump;ambiguous_components;components_truncated;reconnected_after_missing,1
22.000000000,filament-0007,2,393.000000000,20.000000000,0.958333333,330,pixel,branched_component;disconnected_skeleton;large_jump;ambiguous_components;components_truncated;reconnected_after_missing,1
22.000000000,filament-0007,3,394.000000000,20.000000000,0.958333333,330,pixel,branched_component;disconnected_skeleton;large_jump;ambiguous_components;components_truncated;reconnected_after_missing,1
22.000000000,filament-0007,4,395.000000000,20.000000000,0.958333333,330,pixel,branched_component;disconnected_skeleton;large_jump;ambiguous_components;components_truncated;reconnected_after_missing,1
22.000000000,filament-0007,5,396.000000000,19.000000000,0.958333333,330,pixel,branched_component;disconnected_skeleton;large_jump;ambiguous_components;components_truncated;reconnected_after_missing,1
22.000000000,filament-0007,6,397.000000000,18.000000000,0.958333333,330,pixel,branched_component;disconnected_skeleton;large_jump;ambiguous_components;components_truncated;reconnected_after_missing,1
22.000000000,filament-0007,7,398.000000000,19.000000000,0.958333333,330,pixel,branched_component;disconnected_skeleton;large_jump;ambiguous_components;components_truncated;reconnected_after_missing,1
22.000000000,filament-0007,8,399.000000000,19.000000000,0.958333333,330,pixel,branched_component;disconnected_skeleton;large_jump;ambiguous_components;components_truncated;reconnected_after_missing,1
22.000000000,filament-0007,9,400.000000000,19.000000000,0.958333333,330,pixel,branched_component;disconnected_skeleton;large_jump;ambiguous_components;components_truncated;reconnected_after_missing,1
22.000000000,filament-0007,10,401.000000000,19.000000000,0.958333333,330,pixel,branched_component;disconnected_skeleton;large_jump;ambiguous_components;components_truncated;reconnected_after_missing,1
22.000000000,filament-0007,11,402.000000000,19.000000000,0.958333333,330,pixel,branched_component;disconnected_skeleton;large_jump;ambiguous_components;components_truncated;reconnected_after_missing,1
22.000000000,filament-0007,12,403.000000000,19.000000000,0.958333333,330,pixel,branched_component;disconnected_skeleton;large_jump;ambiguous_components;components_truncated;reconnected_after_missing,1
22.000000000,filament-0007,13,404.000000000,18.000000000,0.958333333,330,pixel,branched_component;disconnected_skeleton;large_jump;ambiguous_components;components_truncated;reconnected_after_missing,1
22.000000000,filament-0007,14,405.000000000,18.000000000,0.958333333,330,pixel,branched_component;disconnected_skeleton;large_jump;ambiguous_components;components_truncated;reconnected_after_missing,1
22.000000000,filament-0007,15,406.000000000,18.000000000,0.958333333,330,pixel,branched_component;disconnected_skeleton;large_jump;ambiguous_components;components_truncated;reconnected_after_missing,1
22.000000000,filament-0007,16,407.000000000,18.000000000,0.958333333,330,pixel,branched_component;disconnected_skeleton;large_jump;ambiguous_components;components_truncated;reconnected_after_missing,1
22.000000000,filament-0007,17,408.000000000,18.000000000,0.958333333,330,pixel,branched_component;disconnected_skeleton;large_jump;ambiguous_components;components_truncated;reconnected_after_missing,1
22.000000000,filament-0007,18,409.000000000,17.000000000,0.958333333,330,pixel,branched_component;disconnected_skeleton;large_jump;ambiguous_components;components_truncated;reconnected_after_missing,1
22.000000000,filament-0007,19,410.000000000,18.000000000,0.958333333,330,pixel,branched_component;disconnected_skeleton;large_jump;ambiguous_components;components_truncated;reconnected_after_missing,1
22.000000000,filament-0007,20,411.000000000,19.000000000,0.958333333,330,pixel,branched_component;disconnected_skeleton;large_jump;ambiguous_components;components_truncated;reconnected_after_missing,1
22.000000000,filament-0007,21,412.000000000,19.000000000,0.958333333,330,pixel,branched_component;disconnected_skeleton;large_jump;ambiguous_components;components_truncated;reconnected_after_missing,1
22.000000000,filament-0007,22,413.000000000,19.000000000,0.958333333,330,pixel,branched_component;disconnected_skeleton;large_jump;ambiguous_components;components_truncated;reconnected_after_missing,1
22.000000000,filament-0007,23,414.000000000,20.000000000,0.958333333,330,pixel,branched_component;disconnected_skeleton;large_jump;ambiguous_components;components_truncated;reconnected_after_missing,1
22.000000000,filament-0007,24,415.000000000,20.000000000,0.958333333,330,pixel,branched_component;disconnected_skeleton;large_jump;ambiguous_components;components_truncated;reconnected_after_missing,1
22.000000000,filament-0007,25,416.000000000,20.000000000,0.958333333,330,pixel,branched_component;disconnected_skeleton;large_jump;ambiguous_components;components_truncated;reconnected_after_missing,1
22.000000000,filament-0007,26,417.000000000,20.000000000,0.958333333,330,pixel,branched_component;disconnected_skeleton;large_jump;ambiguous_components;components_truncated;reconnected_after_missing,1
22.000000000,filament-0007,27,418.000000000,20.000000000,0.958333333,330,pixel,branched_component;disconnected_skeleton;large_jump;ambiguous_components;components_truncated;reconnected_after_missing,1
22.000000000,filament-0007,28,419.000000000,20.000000000,0.958333333,330,pixel,branched_component;disconnected_skeleton;large_jump;ambiguous_components;components_truncated;reconnected_after_missing,1
22.000000000,filament-0007,29,420.000000000,20.000000000,0.958333333,330,pixel,branched_component;disconnected_skeleton;large_jump;ambiguous_components;components_truncated;reconnected_after_missing,1
22.000000000,filament-0007,30,421.000000000,21.000000000,0.958333333,330,pixel,branched_component;disconnected_skeleton;large_jump;ambiguous_components;components_truncated;reconnected_after_missing,1
22.000000000,filament-0007,31,421.000000000,22.000000000,0.958333333,330,pixel,branched_component;disconnected_skeleton;large_jump;ambiguous_components;components_truncated;reconnected_after_missing,1
22.000000000,filament-0007,32,421.000000000,23.000000000,0.958333333,330,pixel,branched_component;disconnected_skeleton;large_jump;ambiguous_components;components_truncated;reconnected_after_missing,1
22.000000000,filament-0007,33,420.000000000,24.000000000,0.958333333,330,pixel,branched_component;disconnected_skeleton;large_jump;ambiguous_components;components_truncated;reconnected_after_missing,1
22.000000000,filament-0007,34,419.000000000,25.000000000,0.958333333,330,pixel,branched_component;disconnected_skeleton;large_jump;ambiguous_components;components_truncated;reconnected_after_missing,1
22.000000000,filament-0007,35,418.000000000,25.000000000,0.958333333,330,pixel,branched_component;disconnected_skeleton;large_jump;ambiguous_components;components_truncated;reconnected_after_missing,1
22.000000000,filament-0007,36,417.000000000,25.000000000,0.958333333,330,pixel,branched_component;disconnected_skeleton;large_jump;ambiguous_components;components_truncated;reconnected_after_missing,1
