case,time,step,n_nodes,reference_length,contour_length,radius_of_gyration,arc_length_weighted_radius_of_gyration,max_transverse_displacement,max_curvature,rms_curvature,fold_count,endpoint_distance,contact_length,active_contact_pairs,max_penetration,penetration_ratio,finite_radius_contact_pairs,centerline_intersection_pairs,self_loop_count,fold_wavelength,fold_periodicity,energy_stretch,energy_bend,energy_contact,energy_total,dissipation_work_step,growth_work_step,dissipation_work,growth_work,remesh_interval
representative_u_contact,0.0,0,7,1.9772318589307387,1.9772318589307387,0.5385934789856612,0.4799822910880073,0.6366197723675813,1.5707963267948981,1.5172727398911934,0,1.2732395447351628,1.318154572620492,4,0.020461356844877043,0.05846101955679155,"[[0, 2], [1, 3], [2, 4], [3, 5]]",[],2,,0.0,0.0,0.20327600267580112,0.00837334247866782,0.21164934515446893,0.0,0.0,0.0,0.0,False
representative_u_contact,0.001,1,7,1.9773307229952661,1.9765311567773372,0.5384243192244448,0.4796537662069436,0.6369490159320109,1.584597675471585,1.5137967031130277,0,1.2732395447351628,1.3171130124472836,4,0.020448242680105255,0.05842355051458645,"[[0, 2], [1, 3], [2, 4], [3, 5]]",[],2,0.9882655783886686,0.4244736247124475,9.910976924935566e-05,0.2022926547048835,0.008298523811085645,0.2106902882852185,0.0010636734642928182,0.00010461659504238286,0.0010636734642928182,0.00010461659504238286,False
representative_u_contact,0.002,2,7,1.9774295920031206,1.9759167769199388,0.5381912856231816,0.47936183915918307,0.6372237204800024,1.5938707241775236,1.510508948125091,0,1.2732395447351628,1.31651207394463,4,0.020731516278642004,0.05923290365326287,"[[0, 2], [1, 3], [2, 4], [3, 5]]",[],2,0.9879583884599694,0.421857492535029,0.00013656638511451427,0.20137471471702773,0.00841790302342321,0.20992918412556544,0.0007935838459728803,3.247968631982711e-05,0.0018572573102656985,0.00013709628136220997,False
representative_u_contact,0.003,3,7,1.977528465954549,1.9754974689480091,0.5380139519837187,0.4791166980587631,0.6375261587393579,1.6040734030445107,1.5078187367197435,0,1.2732395447351628,1.3164596634342058,4,0.020532195729130287,0.058663416368943684,"[[0, 2], [1, 3], [2, 4], [3, 5]]",[],2,0.9877487344740046,0.43275484191577857,0.00021287475389098972,0.20063700018680247,0.008410464057405543,0.20926033899809898,0.0007292366087822972,6.039148131584192e-05,0.0025864939190479957,0.00019748776267805189,False
representative_u_contact,0.004,4,7,1.9776273448497985,1.9751670562854358,0.5378235283077419,0.47888116080407483,0.6379709012604806,1.6105180647838022,1.5049179389219753,0,1.2732395447351628,1.3157873516989906,4,0.02106914450627695,0.06019755573221986,"[[0, 2], [1, 3], [2, 4], [3, 5]]",[],2,1.9751670562854358,0.4248948207079361,0.00026485559010220125,0.1998457663671483,0.008564109500974925,0.2086747314582254,0.0007324470646159444,0.00014683952474236616,0.00331894098366394,0.00034432728742041804,False
representative_u_contact,0.005,5,7,1.9777262286891162,1.9750093045042376,0.5377191101695248,0.47869902156584665,0.6383219181803185,1.6213897000032853,1.5030180117639698,0,1.2732395447351628,1.315369750204079,4,0.020811221766901256,0.05946063361971788,"[[0, 2], [1, 3], [2, 4], [3, 5]]",[],2,0.9875046522521188,0.4287131519973732,0.00045259205079369643,0.1993458993093834,0.00840348345703585,0.20820197481721295,0.0008747850140777677,0.0004020283730653115,0.0041937259977417075,0.0007463556604857296,False
representative_u_contact,0.006,6,7,1.9778251174727497,1.9748113027130214,0.5375182557912513,0.4784831341672191,0.6389479254379596,1.6229763803198487,1.49997323134942,0,1.2732395447351628,1.3149042894516343,4,0.021760119474435957,0.06217176992695988,"[[0, 2], [1, 3], [2, 4], [3, 5]]",[],2,1.9748113027130214,0.44511777932832625,0.0006777398640501024,0.19852390868097777,0.008753646959473572,0.20795529550450143,0.0013832031737767466,0.0011365238610652236,0.005576929171518454,0.001882879521550953,False
representative_u_contact,0.007,7,7,1.9779240112009457,1.9748759751174012,0.5375223555033977,0.4783682590662471,0.6391979897011381,1.638860646894368,1.4993012648692137,0,1.2732395447351628,1.3131007469063305,4,0.02139853557620347,0.06113867307486706,"[[0, 2], [1, 3], [2, 4], [3, 5]]",[],2,0.9874379875587006,0.4311576009186031,0.001679632516960758,0.19838083363379788,0.008231806193849153,0.2082922723446078,0.0029289395657092036,0.003265916405815566,0.008505868737227657,0.005148795927366519,False
representative_u_contact,0.008,8,7,1.9780229098739524,1.9746519314594344,0.5372094841623739,0.47812056962996174,0.6401561082086665,1.6292801360074918,1.4950367000233036,0,1.2732395447351628,1.312920270098864,4,0.02362558705247786,0.06750167729279388,"[[0, 2], [1, 3], [2, 4], [3, 5]]",[],2,1.9746519314594344,0.4784952860872399,0.003781158647327968,0.19722131674054805,0.009242847991296271,0.2102453233791723,0.007453318793263971,0.009406369827828472,0.01595918753049163,0.014555165755194992,False
representative_u_contact,0.009000000000000001,9,7,1.978121813492016,1.975036600033124,0.5374658799693315,0.47812501209585584,0.6399603793599656,1.6627158919065093,1.4971636119960559,0,1.2732395447351628,1.3069238130547358,4,0.022990115090226304,0.0656860431149323,"[[0, 2], [1, 3], [2, 4], [3, 5]]",[],2,0.987518300016562,0.45555373287679596,0.011138909742009978,0.1978773596329579,0.00782743980432957,0.21684370917929746,0.020602202138681983,0.027200587938807155,0.03656138966917361,0.04175575369400215,False
representative_u_contact,0.010000000000000002,10,7,1.9782207220553842,1.9745062515357863,0.5367787184515777,0.4777319297519574,0.641751559142064,1.6412737307545846,1.4889475154943632,0,1.2732395447351628,1.3073782348213348,4,0.02897955363621796,0.08279872467490845,"[[0, 2], [1, 3], [2, 4], [3, 5]]",[],2,1.9745062515357863,0.5373847099528811,0.030054587351740904,0.1956184594710588,0.01109956350235148,0.23677261032515118,0.058607807712747415,0.07853670885860113,0.09516919738192103,0.12029246255260329,False
representative_u_contact,0.011000000000000003,11,7,1.9783196355643042,1.9756376586585878,0.5377395532107972,0.47802733496132876,0.6401434152048864,1.7155915518122673,1.4986758926651034,0,1.2732395447351628,1.2891479852269092,4,0.02754665721729238,0.07870473490654967,"[[0, 2], [1, 3], [2, 4], [3, 5]]",[],2,0.9878188293292939,0.542648290319731,0.08900750013611246,0.19844639413560095,0.008044505548407715,0.29549839982012116,0.16894604042903544,0.22767182992400542,0.26411523781095647,0.3479642924766087,False
representative_u_contact,0.012000000000000004,12,7,1.9784185540190231,1.974160984456549,0.5359609124240834,0.47718970081309203,0.6441895240606076,1.7583195644182052,1.4792910590413413,0,1.2732395447351628,1.2914088026668393,4,0.04446254054818466,0.12703583013767047,"[[0, 2], [1, 3], [2, 4], [3, 5]]",[],2,1.974160984456549,0.6391818010871528,0.2516759982842566,0.19312406955338116,0.02051289320247649,0.4653129610401142,0.48668564289103106,0.6565002041110242,0.7508008807019875,1.0044644965876328,False
representative_u_contact,0.013000000000000005,13,7,1.9785174774197887,1.9776250799192536,0.539041248137804,0.47827894506719876,0.6382183717195512,1.9025516362478445,1.5123306459873729,0,1.2732395447351628,0.6187533233353096,2,0.0406233383325284,0.11606668095008116,"[[1, 3], [2, 4]]",[],2,0.9888125399596268,0.6239217074653385,0.7381877530523481,0.20282937153559816,0.016502556172641836,0.957519680760588,1.4138591706177317,1.9060658903382055,2.164660051319719,2.9105303869258385,False
representative_u_contact,0.014000000000000005,14,7,1.9786164057668478,1.9738797820951168,0.5344104825930683,0.4762561736111098,0.6479004699665161,2.0443951013121207,1.4630419771678884,0,1.2732395447351628,0.7228733354094126,2,0.08777292627165217,0.25077978934757766,"[[0, 2], [3, 5]]",[],2,1.9738797820951168,0.7416460516845677,2.027927374947067,0.18935481819408911,0.07704086586237173,2.294323059003528,3.9672600400031204,5.304063418246061,6.13192009132284,8.2145938051719,False
representative_u_contact,0.014500000000000006,15,7,1.978665871795315,1.977745899122218,0.5382375375205741,0.47807544803596363,0.6382696272322995,1.8389661014808094,1.5025038810375033,0,1.2732395447351628,0.6355118922160501,2,0.03224405389221724,0.09212586826347784,"[[1, 3], [2, 4]]",[],2,0.988872949561109,0.6561616836802963,0.2595832486810837,0.2001531321271226,0.010396790113885857,0.4701331709220921,5.686751447337393,3.862561559255957,11.818671538660233,12.077155364427856,False
representative_u_contact,0.015500000000000007,16,7,1.9787648075622783,1.974752363399847,0.5352722391741479,0.47679539150685835,0.644441984725989,1.8094713655218775,1.4705039702109435,0,1.2732395447351628,1.2755407260947949,4,0.06085682691317723,0.17387664832336353,"[[0, 2], [1, 3], [2, 4], [3, 5]]",[],2,1.974752363399847,0.5722605249823387,0.7276319434968299,0.19103354049647547,0.037037087608245874,0.9557025716015513,1.4159813543585944,1.9015507550380535,13.234652893018827,13.97870611946591,False
representative_u_contact,0.016500000000000008,17,7,1.9788637482761537,1.9819810274548106,0.540840829448027,0.4786042453347056,0.6341119643318142,2.213809820912575,1.5355715231768168,0,1.2732395447351628,0.5928005412337014,2,0.053599729384450845,0.15314208395557385,"[[1, 3], [2, 4]]",[],2,0.9909905137274053,0.49679949468694,2.1116639528179704,0.21131749672975547,0.028729309899468355,2.351710759447194,4.079664884501595,5.475673072347238,17.314317777520422,19.454379191813146,False
representative_u_contact,0.017000000000000008,18,7,1.9789132204882607,1.9760861574378512,0.5360217831274632,0.477255541544301,0.6407545942615769,1.7193524848194077,1.4783652519952781,0,1.2732395447351628,1.2961102238804858,4,0.04183026348163427,0.11951503851895505,"[[0, 2], [1, 3], [2, 4], [3, 5]]",[],2,0.9880430787189256,0.4274421978535456,0.2041817805141135,0.193320249070829,0.018520765732644294,0.4160227953175868,5.581810016789193,3.6461220526595857,22.896127794309614,23.10050124447273,False
representative_u_contact,0.01800000000000001,19,7,1.9790121686229678,1.9797523631494947,0.5389102171842186,0.4781145747622207,0.6364158979926208,1.971030037875607,1.509905056462016,0,1.2732395447351628,0.6245072284375913,2,0.037746385783130554,0.10784681652323017,"[[1, 3], [2, 4]]",[],2,0.9898761815747473,0.6287245331157754,0.5897655922651116,0.20312611772715242,0.014247896395435035,0.807139606387699,1.140656184368921,1.5317729954390331,24.036783978678535,24.632274239911766,False
representative_u_contact,0.01900000000000001,20,7,1.9791111217052053,1.9749398590943574,0.5345310028058607,0.47636748019424474,0.6446791576952613,1.887426199524851,1.462893641917346,0,1.2732395447351628,0.7173398868613303,2,0.08034452248566137,0.22955577853046108,"[[0, 2], [3, 5]]",[],2,1.9749398590943574,0.544802111149696,1.6104640837060327,0.1893315598521064,0.06455242292968388,1.864348066487823,3.1697643344229793,4.226972794523103,27.206548313101514,28.85924703443487,False
representative_u_contact,0.02,21,7,1.9792100797352206,1.9885195915857625,0.5433461916902927,0.47898119653748444,0.6291948177032524,2.614203355348014,1.5773685477152448,0,1.2732395447351628,0.564192369565016,2,0.06790381522682865,0.19401090064808185,"[[1, 3], [2, 4]]",[],2,0.9942597957928813,0.44004145718242244,4.608046604942189,0.2269891099772245,0.04610928121091295,4.881144996130326,8.995933414807027,12.01273034444953,36.20248172790854,40.871977378884395,False
no_contact_control,0.0,0,7,1.9772318589307387,1.9772318589307387,0.5385934789856612,0.4799822910880073,0.6366197723675813,1.5707963267948981,1.5172727398911934,0,1.2732395447351628,0.0,0,0.0,0.0,[],[],0,,0.0,0.0,0.20327600267580112,0.0,0.20327600267580112,0.0,0.0,0.0,0.0,False
no_contact_control,0.001,1,7,1.9773307229952661,1.9758654588540843,0.5382072144435504,0.479539143652574,0.6366276257601895,1.579780521106734,1.5128049367643046,0,1.2732395447351628,0.0,0,0.0,0.0,[],[],0,1.9758654588540843,0.43595730536667526,0.000152493022302733,0.20200640916115276,0.0,0.2021589021834555,0.001272522978333463,0.00015542248598784448,0.001272522978333463,0.00015542248598784448,False
no_contact_control,0.002,2,7,1.9774295920031206,1.974889395525027,0.5379425561732681,0.4791896207774701,0.6366585721697667,1.5922475895399946,1.5095666995365125,0,1.2732395447351628,0.0,0,0.0,0.0,[],[],0,0.9874446977625135,0.45201580852726236,0.00020585783594629506,0.20110394335102325,0.0,0.20130980118696953,0.001155055614294962,0.0003059546178089934,0.002427578592628425,0.0004613771037968379,False
no_contact_control,0.003,3,7,1.977528465954549,1.9740679772385226,0.5376343487457367,0.4788483446154709,0.6369893681463766,1.596748754927532,1.5056434344258123,0,1.2732395447351628,0.0,0,0.0,0.0,[],[],0,1.9740679772385226,0.4387183049808428,0.0006987142268299936,0.2000150763073851,0.0,0.2007137905342151,0.0013306031844658288,0.000734592531711387,0.0037581817770942537,0.0011959696355082249,False
no_contact_control,0.004,4,7,1.9776273448497985,1.9736004450414775,0.537513811361953,0.47861763078097935,0.6370892187673484,1.6121040393329944,1.5038500064058875,0,1.2732395447351628,0.0,0,0.0,0.0,[],[],0,0.9868002225207387,0.45118947857254643,0.0009541658167107448,0.19954300650783913,0.0,0.20049717232454986,0.002107773912059527,0.0018911557023942958,0.005865955689153781,0.0030871253379025207,False
no_contact_control,0.005,5,7,1.9777262286891162,1.9730341929173858,0.5371783263204911,0.478308638424146,0.6377634318799734,1.608030573598721,1.4994698836500984,0,1.2732395447351628,0.0,0,0.0,0.0,[],[],0,1.9730341929173858,0.46645201488538773,0.002741392534444312,0.1983388455732917,0.0,0.201080238107736,0.004367625500219486,0.004950691283405634,0.010233581189373266,0.008037816621308154,False
no_contact_control,0.006,6,7,1.9778251174727497,1.972997393679615,0.537267792709812,0.4782029240894564,0.6376615201875947,1.634337180718791,1.4999373612321425,0,1.2732395447351628,0.0,0,0.0,0.0,[],[],0,0.9864986968398075,0.4671431772145004,0.005137575902719858,0.1985203299590641,0.0,0.20365790586178395,0.0104946427811977,0.013072310535245641,0.020728223970570968,0.021110127156553797,False
soft_penalty,0.0,0,7,1.9772318589307387,1.9772318589307387,0.5385934789856612,0.4799822910880073,0.6366197723675813,1.5707963267948981,1.5172727398911934,0,1.2732395447351628,1.318154572620492,4,0.020461356844877043,0.05846101955679155,"[[0, 2], [1, 3], [2, 4], [3, 5]]",[],2,,0.0,0.0,0.20327600267580112,0.00418667123933391,0.20746267391513504,0.0,0.0,0.0,0.0,False
soft_penalty,0.001,1,7,1.9773307229952661,1.9761981637775752,0.5383157419245317,0.47959642546820164,0.6367883208461003,1.5821877934774196,1.5133003776208431,0,1.2732395447351628,1.3169463832422734,4,0.020800949186921436,0.059431283391204105,"[[0, 2], [1, 3], [2, 4], [3, 5]]",[],2,1.9761981637775752,0.424319399139007,6.394789679751711e-05,0.20214936322379984,0.0042389191723134715,0.20645223029291082,0.0010790479586929413,6.860433646872495e-05,0.0010790479586929413,6.860433646872495e-05,False
soft_penalty,0.002,2,7,1.9774295920031206,1.9754063410190614,0.5380680238942568,0.4792764084387383,0.6369418027458013,1.593092347690728,1.5100457851388966,0,1.2732395447351628,1.3166643676107226,4,0.020658904506817066,0.05902544144804876,"[[0, 2], [1, 3], [2, 4], [3, 5]]",[],2,0.9877031705095307,0.4371596592134175,0.0001305844153270746,0.2012415675048503,0.004261732624906707,0.20563388454508408,0.0008860189748269746,6.767322700023152e-05,0.001965066933519916,0.00013627756346895647,False
soft_penalty,0.003,3,7,1.977528465954549,1.974785933977386,0.5378244868597526,0.4789826970752407,0.637262891572833,1.6003370835587207,1.5067223123949167,0,1.2732395447351628,1.3157955212438317,4,0.021223427799554495,0.06063836514158428,"[[0, 2], [1, 3], [2, 4], [3, 5]]",[],2,1.974785933977386,0.423006497549232,0.000268563035666053,0.2003233522491524,0.004354402247519761,0.20494631753233822,0.0008219580650528064,0.0001343910523069464,0.0027870249985727223,0.0002706686157759029,False
soft_penalty,0.004,4,7,1.9776273448497985,1.974393609382737,0.5376726550970524,0.47875198461300217,0.6375276211456484,1.6114862311240556,1.5044234253294761,0,1.2732395447351628,1.3153148768997882,4,0.02099686859014671,0.059991053114704894,"[[0, 2], [1, 3], [2, 4], [3, 5]]",[],2,0.9871968046913685,0.43352783250451116,0.00038498833496697897,0.19970548805902932,0.004297530121961984,0.2043880065159583,0.0008913049156317299,0.00033299389925179896,0.0036783299142044523,0.0006036625150277018,False
soft_penalty,0.005,5,7,1.9777262286891162,1.9740228958287687,0.5374452964276948,0.4785023760378228,0.6380601570835354,1.6142088978090912,1.5011809320797438,0,1.2732395447351628,1.3147303478836934,4,0.021889063446673518,0.06254018127621006,"[[0, 2], [1, 3], [2, 4], [3, 5]]",[],2,1.9740228958287687,0.4413772041084532,0.0007328374309143837,0.19882373533335346,0.004467026308867403,0.20402359907313522,0.001249134319922387,0.00088472687709932,0.004927464234126839,0.001488389392127022,False
soft_penalty,0.006,6,7,1.9778251174727497,1.9739265859882156,0.5374058171571862,0.4783505396261264,0.6382855352843969,1.6292941360996727,1.5000968905591812,0,1.2732395447351628,1.3131728975769505,4,0.02154513766834304,0.061557536195265834,"[[0, 2], [1, 3], [2, 4], [3, 5]]",[],2,0.9869632929941078,0.4343752226596483,0.0012781050049442738,0.19856152092900714,0.004246306002389195,0.20408593193634061,0.0023568981738649754,0.0024192310370703698,0.007284362407991815,0.003907620429197392,False
soft_penalty,0.007,7,7,1.9779240112009457,1.9736215965800756,0.537101871967401,0.47809254277362645,0.6391280606757481,1.6224420927919512,1.4959778501287633,0,1.2732395447351628,1.3129263911978166,4,0.023461373240454553,0.0670324949727273,"[[0, 2], [1, 3], [2, 4], [3, 5]]",[],2,1.9736215965800756,0.47185933299229327,0.0031123088423160626,0.19744041958646485,0.00468326377156782,0.20523599220034874,0.005505268124796628,0.006655328388804757,0.012789630532788442,0.010562948818002148,False
soft_penalty,0.008,8,7,1.9780229098739524,1.9738527253550264,0.5372804228148657,0.478051857445155,0.6390259742825323,1.6513511370343372,1.4972892845594212,0,1.2732395447351628,1.308079897053225,4,0.02285139654947116,0.06528970442706046,"[[0, 2], [1, 3], [2, 4], [3, 5]]",[],2,0.9869263626775132,0.4529406742831105,0.007409127172496117,0.19786421650175637,0.004075305724377521,0.20934864939863002,0.014296276217390642,0.018408933415671916,0.027085906750179085,0.028971882233674064,False
soft_penalty,0.009000000000000001,9,7,1.978121813492016,1.973360088041431,0.5366888552464605,0.47769089928463127,0.6405498429966694,1.6243374303696891,1.4901038676834797,0,1.2732395447351628,1.3084929162364163,4,0.02768639276025653,0.07910397931501865,"[[0, 2], [1, 3], [2, 4], [3, 5]]",[],2,1.973360088041431,0.523738339306388,0.020308462080193084,0.19588942313785812,0.0053755762415972335,0.22157346145964843,0.03865546354396187,0.050880275604980284,0.06574137029414096,0.07985215783865435,False
soft_penalty,0.010000000000000002,10,7,1.9782207220553842,1.9742050094614587,0.537421449914568,0.47788525208088256,0.6393876706902182,1.6932921850172793,1.4973809402431204,0,1.2732395447351628,1.2943529611928533,4,0.026358888898246335,0.07531111113784668,"[[0, 2], [1, 3], [2, 4], [3, 5]]",[],2,0.9871025047307294,0.5207420483079422,0.054381658648400666,0.1980146492797482,0.003981380068459002,0.2563776879966079,0.10635191725432176,0.14115614379128122,0.1720932875484627,0.22100830162993557,False
soft_penalty,0.011000000000000003,11,7,1.9783196355643042,1.9730164612115213,0.535996981392832,0.47719586316278806,0.6426457395057923,1.7138911328105169,1.4816341837655127,0,1.2732395447351628,1.2964720523482471,4,0.03933841799543514,0.11239547998695755,"[[0, 2], [1, 3], [2, 4], [3, 5]]",[],2,1.9730164612115213,0.6116880200531641,0.15105409437324857,0.19367880613741706,0.008425261596372944,0.3531581621070386,0.29323971963605355,0.3900201937464843,0.46533300718451626,0.6110284953764198,False
soft_penalty,0.012000000000000004,12,7,1.9784185540190231,1.9755140724766722,0.538287323541586,0.47798532495513263,0.638335938902334,1.8202962642732678,1.5056909274211832,0,1.2732395447351628,0.628031556917803,2,0.03598422154118913,0.10281206154625466,"[[1, 3], [2, 4]]",[],2,0.9877570362383361,0.6432200451140879,0.4164459834703197,0.20068380965820598,0.006474320999594291,0.62360411412812,0.8146377294629306,1.085083681484012,1.2799707366474469,1.6961121768604317,False
soft_penalty,0.013000000000000005,13,7,1.9785174774197887,1.9725359868971246,0.5346670780553053,0.476405154834812,0.6459089067215007,1.9329108985525383,1.46756794439685,0,1.2732395447351628,0.7063654770874177,2,0.0711971928787995,0.2034205510822843,"[[0, 2], [3, 5]]",[],2,1.9725359868971246,0.7280021169728272,1.1361743728614984,0.1902575529772694,0.025345201369001397,1.3517771272077692,2.227480318867646,2.9556533319472953,3.5074510555150926,4.651765508807727,False
soft_penalty,0.014000000000000005,14,7,1.9786164057668478,1.9813352741715313,0.5416330441067588,0.47876244372148097,0.6322114604040626,2.3291146128488873,1.5501535038676502,0,1.2732395447351628,0.5768654482356055,2,0.06156727588263938,0.17590650252182682,"[[1, 3], [2, 4]]",[],2,0.9906676370857657,0.45885864734138165,3.147698400805283,0.2157666996256944,0.018952647297772914,3.38241774772875,6.184465806569266,8.215106427090246,9.691916862084359,12.866871935897972,False
soft_penalty,0.014500000000000006,15,7,1.978665871795315,1.9740414315785901,0.5356542408791657,0.47715122322389425,0.6397310062123549,1.691347237160514,1.477467852504111,0,1.2732395447351628,1.2900768775774858,4,0.04612870757129489,0.13179630734655684,"[[0, 2], [1, 3], [2, 4], [3, 5]]",[],2,1.9740414315785901,0.41362111180396466,0.28801615329496505,0.1928511570406632,0.011029384828046988,0.49189669516367523,8.217227750887435,5.3267066983223605,17.909144612971794,18.193578634220334,False
soft_penalty,0.015500000000000007,16,7,1.9787648075622783,1.9784487362855487,0.5390986533885042,0.47820753148405665,0.6345179860632775,1.9934589327538643,1.5155859773982452,0,1.2732395447351628,0.618234575462248,2,0.04088271226950024,0.11680774934142928,"[[1, 3], [2, 4]]",[],2,0.9892243681427744,0.5849721973615549,0.7847051736387195,0.20467459984398442,0.008356980812298518,0.9977367542950024,1.5505400543628458,2.056380113494173,19.45968466733464,20.24995874771451,False
soft_penalty,0.016500000000000008,17,7,1.9788637482761537,1.9730218688566308,0.5341329564427231,0.4761855109350844,0.6436278394502857,1.9363120902025135,1.4609853123185261,0,1.2732395447351628,0.7254912739191892,2,0.08903789607294271,0.2543939887798363,"[[0, 2], [3, 5]]",[],2,1.9730218688566308,0.5784888513699143,2.0961554679549654,0.18872289502366602,0.03963873468462188,2.3245170976632537,4.1588527025880015,5.485633045956253,23.61853736992264,25.73559179367076,False
soft_penalty,0.017000000000000008,18,7,1.9789132204882607,1.977743084187486,0.5380363289741124,0.477918886781272,0.6347381008013259,1.9035196576311295,1.5035789191407845,0,1.2732395447351628,0.6366351146291954,2,0.03168244268619497,0.09052126481769991,"[[1, 3], [2, 4]]",[],2,0.988871542093743,0.6989170470191992,0.23384620810836518,0.20120478864117447,0.005018885872568999,0.4400698826221086,5.6914385881270535,3.8069913730859084,29.309975958049694,29.542583166756668,False
soft_penalty,0.01800000000000001,19,7,1.9790121686229678,1.9740947698235987,0.5351360657707235,0.4767332274304009,0.6403906383147238,1.7333340688326913,1.4708547666230884,0,1.2732395447351628,1.278521695327874,4,0.058400870411774275,0.1668596297479265,"[[0, 2], [1, 3], [2, 4], [3, 5]]",[],2,1.9740947698235987,0.42517033279000827,0.6372976871520224,0.19134434427478642,0.01708064613530913,0.8457226775621179,1.2573569217705503,1.6630097167105595,30.567332879820245,31.205592883467226,False
soft_penalty,0.01900000000000001,20,7,1.9791111217052053,1.9813180291266217,0.540311267476589,0.478294536755204,0.6318991966870223,2.208022468359035,1.532650985346632,0,1.2732395447351628,0.599614788557888,2,0.050192605725128125,0.1434074449289375,"[[1, 3], [2, 4]]",[],2,0.9906590145633108,0.5172380771700519,1.7365028362720132,0.211102457626763,0.012596488345346914,1.9602017822441231,3.4415327500309427,4.556011854712947,34.008865629851186,35.761604738180175,False
soft_penalty,0.019500000000000003,21,7,1.9791606001017252,1.9752865011232772,0.5358594714539427,0.4770817471636488,0.6376961470437663,1.7667521409403453,1.4791557994066993,0,1.2732395447351628,1.297432986578151,4,0.039600859497887886,0.11314531285110825,"[[0, 2], [1, 3], [2, 4], [3, 5]]",[],2,0.9876432505616386,0.5209271627797645,0.1614194451899702,0.19392562493826004,0.008523561593906728,0.36386863172213696,4.554378924067102,2.9580457735451153,38.56324455391829,38.71965051172529,False
soft_penalty,0.02,22,7,1.9792100797352206,1.9767700828855708,0.5370378503414588,0.4774481174149839,0.6360679052577284,1.8404639843111137,1.4916585652483272,0,1.2732395447351628,1.3056386503493398,4,0.02359033741421329,0.06740096404060941,"[[0, 2], [1, 3], [2, 4], [3, 5]]",[],2,0.9883850414427854,0.6632482757395105,0.016929172146125746,0.19778345998995805,0.0038285456826059987,0.21854117781868979,0.43189837317957486,0.28657091927612766,38.99514292709787,39.00622143100142,False
stiff_penalty,0.0,0,7,1.9772318589307387,1.9772318589307387,0.5385934789856612,0.4799822910880073,0.6366197723675813,1.5707963267948981,1.5172727398911934,0,1.2732395447351628,1.318154572620492,4,0.020461356844877043,0.05846101955679155,"[[0, 2], [1, 3], [2, 4], [3, 5]]",[],2,,0.0,0.0,0.20327600267580112,0.01674668495733564,0.22002268763313676,0.0,0.0,0.0,0.0,False
stiff_penalty,0.0005,1,7,1.977281290345102,1.9772068531412939,0.5386163939279427,0.4798743541175912,0.6369431339960362,1.580106666002277,1.516014529738229,0,1.2732395447351628,1.3174153915593663,4,0.020293972549078,0.05798277871165143,"[[0, 2], [1, 3], [2, 4], [3, 5]]",[],2,0.9886034265706469,0.44494683517027134,0.00013481562257740113,0.20292083261311958,0.016320539245042502,0.21937618748073948,0.0007837775974923986,0.00013727744509511506,0.0007837775974923986,0.00013727744509511506,False
stiff_penalty,0.001,2,7,1.9773307229952661,1.9771228486966068,0.5385750830769651,0.4797599853440077,0.6372324097115073,1.5862046027236312,1.5145306708974682,0,1.2732395447351628,1.317260322487935,4,0.020237262446141047,0.05782074984611728,"[[0, 2], [1, 3], [2, 4], [3, 5]]",[],2,0.9885614243483034,0.41936532459033643,0.00019951594168065272,0.20250385515470576,0.01624601983802756,0.21894939093441398,0.00045336448095269194,2.6567934627200033e-05,0.0012371420784450906,0.0001638453797223151,False
stiff_penalty,0.0015,3,7,1.9773801568812621,1.9770423741783836,0.5385227346562884,0.47965459010047384,0.6374704394435163,1.5920638219895562,1.5131967645548952,0,1.2732395447351628,1.3170945785114647,4,0.02019390018871703,0.05769685768204866,"[[0, 2], [1, 3], [2, 4], [3, 5]]",[],2,0.9885211870891918,0.4246534844989293,0.00027412882820035877,0.20213247909155693,0.016176767456331738,0.21858337537608902,0.00037056933065881306,4.553772333846151e-06,0.0016077114091039037,0.00016839915205616124,False
stiff_penalty,0.002,4,7,1.9774295920031206,1.9769652809949372,0.5384599981516095,0.47955217126462796,0.6377043164965952,1.5971504797266094,1.5118711802570866,0,1.2732395447351628,1.3169437901538554,4,0.020222385643087537,0.057778244694535824,"[[0, 2], [1, 3], [2, 4], [3, 5]]",[],2,0.9884826404974686,0.42471665123625185,0.00030493498829644206,0.20176550735633553,0.016170303594803436,0.2182407459394354,0.0003425506033118341,-7.883334177902776e-08,0.0019502620124157378,0.0001683203187143822,False
stiff_penalty,0.0025,5,7,1.9774790283608727,1.9769018573876487,0.5383967033021995,0.47945465771201046,0.6379349068786792,1.6019763749697324,1.5106071380154529,0,1.2732395447351628,1.316872619131718,4,0.020222933198849713,0.05777980913957061,"[[0, 2], [1, 3], [2, 4], [3, 5]]",[],2,0.9884509286938243,0.42535109960653184,0.00032630316754911077,0.2014180164655519,0.016167649515308448,0.21791196914840946,0.00032776706256596686,-1.0097284599751787e-06,0.002278029074981705,0.00016731059025440703,False
stiff_penalty,0.003,6,7,1.9775284659545491,1.9768517531410699,0.5383337047830633,0.47936085800465805,0.6381704604033053,1.606499612082851,1.5093813337514554,0,1.2732395447351628,1.31682021185107,4,0.020232324507868438,0.05780664145105268,"[[0, 2], [1, 3], [2, 4], [3, 5]]",[],2,0.9884258765705349,0.4246347689263545,0.00033660967203659486,0.20108313092251343,0.016174327558098636,0.21759406815264867,0.00031674423660327776,-1.156759157511472e-06,0.0025947733115849825,0.00016615383109689556,False
stiff_penalty,0.0035,7,7,1.977577904784181,1.9768155690197116,0.5382727071221886,0.47927075226132654,0.6384113451758567,1.6108180792273796,1.5081990734706692,0,1.2732395447351628,1.316791590922877,4,0.020235741501079596,0.05781640428879885,"[[0, 2], [1, 3], [2, 4], [3, 5]]",[],2,0.9884077845098558,0.4233678968773893,0.0003433862617377316,0.20076221940310718,0.016180116317982125,0.21728572198282706,0.0003072246809859634,-1.121488835652707e-06,0.002901997992570946,0.00016503234226124285,False
stiff_penalty,0.004,8,7,1.9776273448497987,1.9767921377027058,0.5382138320471882,0.4791838889606751,0.63865857132533,1.614939194996063,1.5070544936133494,0,1.2732395447351628,1.3167750232215276,4,0.02023879024947256,0.057825114998493035,"[[0, 2], [1, 3], [2, 4], [3, 5]]",[],2,0.9883960688513529,0.4215266096212617,0.0003473070283317999,0.20045345874737974,0.016185328287298913,0.21698609406301045,0.00029857381807477714,-1.054101741831384e-06,0.003200571810645723,0.00016397824051941147,False
stiff_penalty,0.0045000000000000005,9,7,1.977676786151434,1.9767804126997222,0.5381572257274685,0.47910001454911544,0.6389117881651655,1.6188872048992118,1.5059461211075074,0,1.2732395447351628,1.316769536077767,4,0.020239419906372846,0.057826914018208136,"[[0, 2], [1, 3], [2, 4], [3, 5]]",[],2,0.9883902063498611,0.41931746460635116,0.00034991224043800915,0.20015629705992016,0.016188332305651955,0.21669454160601012,0.00029056605713084446,-9.863998694824901e-07,0.0034911378677765677,0.00016299184064992898,False
stiff_penalty,0.005000000000000001,10,7,1.977726228689117,1.9767791447737961,0.5381027594225168,0.4790188383310836,0.6391706767993978,1.6226707268630027,1.504871031247699,0,1.2732395447351628,1.3167721862059314,4,0.02023862616223282,0.05782464617780806,"[[0, 2], [1, 3], [2, 4], [3, 5]]",[],2,1.9767791447737961,0.42092073335646824,0.0003514965609402751,0.19986977799928365,0.016189256593654718,0.21641053115387865,0.0002830820377986419,-9.28414332830444e-07,0.0037742199055752095,0.00016206342631709854,False
stiff_penalty,0.005500000000000001,11,7,1.9777756724628788,1.976787191277126,0.5380503003126669,0.478940122887249,0.6394347103326976,1.6262997083881743,1.5038271393621059,0,1.2732395447351628,1.316781925018429,4,0.020236255525486024,0.057817872929960074,"[[0, 2], [1, 3], [2, 4], [3, 5]]",[],2,1.976787191277126,0.4235883557489086,0.00035239593979811783,0.1995931967061174,0.01618801438904364,0.21613360703495912,0.0002760420885009992,-8.82030418525618e-07,0.004050261994076209,0.00016118139589857292,False
stiff_penalty,0.006000000000000002,12,7,1.9778251174727508,1.976803476211146,0.5379996801215146,0.4788636474144489,0.6397033865858575,1.6297810518390634,1.5028123277321406,0,1.2732395447351628,1.3167975909845002,4,0.020232596222023502,0.05780741777721001,"[[0, 2], [1, 3], [2, 4], [3, 5]]",[],2,1.976803476211146,0.42640613941760447,0.00035271991507809786,0.19932584925182817,0.016184805080189865,0.21586337424709612,0.0002693850747752498,-8.477130877563785e-07,0.004319647068851459,0.00016033368281081654,False
stiff_penalty,0.006500000000000002,13,7,1.9778745637187631,1.976827033601805,0.5379507411190236,0.4787892187149955,0.639976202431465,1.6331213876339525,1.5018247678897085,0,1.2732395447351628,1.31681842467811,4,0.02022775152802231,0.057793575794349454,"[[0, 2], [1, 3], [2, 4], [3, 5]]",[],2,1.976827033601805,0.4293327479900265,0.0003525674801735047,0.19906712396088566,0.01617979543867797,0.21559948687973715,0.000263062359601029,-8.250077579379888e-07,0.004582709428452488,0.00015950867505287855,False
stiff_penalty,0.007000000000000003,14,7,1.9779240112009469,1.9768569950088162,0.5379033330948223,0.47871666365951615,0.6402526912127996,1.6363265477183573,1.500862775610501,0,1.2732395447351628,1.3168437370938066,4,0.020221877331981053,0.05777679237708873,"[[0, 2], [1, 3], [2, 4], [3, 5]]",[],2,1.9768569950088162,0.43233828892299736,0.0003519960300704825,0.19881645910633045,0.01617318416945146,0.2153416393058524,0.00025703433122741096,-8.132426573398128e-07,0.0048397437596798985,0.00015869543239553874,False
stiff_penalty,0.007500000000000003,15,7,1.9779734599193335,1.9768925878917882,0.537857320201849,0.47864582881942663,0.6405324183879694,1.639402050257575,1.4999248427981389,0,1.2732395447351628,1.3168729669827082,4,0.020215089582723333,0.057757398807780955,"[[0, 2], [1, 3], [2, 4], [3, 5]]",[],2,1.9768925878917882,0.4353996198105423,0.00035105763522841956,0.1985733511319818,0.016165150498018976,0.21508955926522919,0.0002512684584319821,-8.115821912327531e-07,0.005091012218111881,0.00015788385020430598,False
stiff_penalty,0.008000000000000004,16,7,1.9780229098739532,1.9769331255812266,0.5378125797195061,0.4785765775758716,0.6408149851909142,1.642353062644211,1.4990096016762422,0,1.2732395447351628,1.3169056191291033,4,0.02020750086841827,0.05773571676690935,"[[0, 2], [1, 3], [2, 4], [3, 5]]",[],2,1.9769331255812266,0.43849901773329253,0.00034979569262416323,0.1983373436174125,0.016155863029117652,0.21484300233915432,0.00024573777545558933,-8.191506192752377e-07,0.0053367499935674705,0.00015706469958503075,False
stiff_penalty,0.008500000000000004,17,7,1.9780723610648374,1.976977999283576,0.5377690020279423,0.478508788474968,0.6411000255790124,1.6451845008163548,1.4981158164574826,0,1.2732395447351628,1.3169412643129577,4,0.020199207752515935,0.05771202215004553,"[[0, 2], [1, 3], [2, 4], [3, 5]]",[],2,1.976977999283576,0.4416225547511188,0.00034825073086272476,0.19810802414593007,0.01614547263562894,0.21460174751242173,0.00024041976443637942,-8.350622962159302e-07,0.00557716975800385,0.00015622963728881482,False
stiff_penalty,0.009000000000000005,18,7,1.9781218134920169,1.9770266694975063,0.5377264893203877,0.4784423533916307,0.6413872043078371,1.6479010426118053,1.4972423664128665,0,1.2732395447351628,1.3169795236588866,4,0.020190297324154727,0.05768656378329922,"[[0, 2], [1, 3], [2, 4], [3, 5]]",[],2,1.9770266694975063,0.44475920733651303,0.00034645988693501623,0.19788501880221138,0.016134114898957996,0.2143655935881044,0.000235295468628993,-8.584556883408322e-07,0.005812465226632843,0.00015537118160047398,False
stiff_penalty,0.009500000000000005,19,7,1.9781712671555225,1.97707865843706,0.5376849545420418,0.47837717603935953,0.6416762141165462,1.650507156988837,1.4963882342894954,0,1.2732395447351628,1.3170200634780842,4,0.020180846303292754,0.05765956086655073,"[[0, 2], [1, 3], [2, 4], [3, 5]]",[],2,1.97707865843706,0.44790012868752394,0.00034445767774741445,0.1976679882668434,0.016121910333598208,0.214134356278189,0.0002303488018530079,-8.885080623862384e-07,0.0060428140284858505,0.00015448267353808775,False
stiff_penalty,0.010000000000000005,20,7,1.9782207220553851,1.9771335430546408,0.5376443202230251,0.4783131705971701,0.6419667732651327,1.6530071176485943,1.4955524946363745,0,1.2732395447351628,1.3170625886474068,4,0.020170922916683987,0.057631208333382825,"[[0, 2], [1, 3], [2, 4], [3, 5]]",[],2,1.9771335430546408,0.45103815707078804,0.0003422758392920098,0.19745662395509755,0.016108966035962007,0.21390786583035157,0.00022556600149729484,-9.244463401348213e-07,0.006268380029983145,0.00015355822719795292,False
stiff_penalty,0.010500000000000006,21,7,1.9782701781916359,1.9771909488490167,0.5376045174397859,0.4782502605163477,0.6422586231411521,1.655405017238329,1.494734303972014,0,1.2732395447351628,1.3171068381801734,4,0.020160587564954313,0.057601678757012324,"[[0, 2], [1, 3], [2, 4], [3, 5]]",[],2,1.9771909488490167,0.45416744277708604,0.0003399434151817067,0.19725064474176984,0.016095376924769485,0.21368596508172102,0.0002209351965914559,-9.655520390876348e-07,0.006489315226574601,0.0001525926751588653,False
stiff_penalty,0.011000000000000006,22,7,1.9783196355643053,1.9772505443376573,0.5375654848540492,0.4781883774583334,0.64255152611709,1.6577047779545326,1.4939328918723427,0,1.2732395447351628,1.3171525810646558,4,0.02014989381476795,0.05757112518505129,"[[0, 2], [1, 3], [2, 4], [3, 5]]",[],2,1.9772505443376573,0.4572831754479909,0.0003374867604734775,0.19704979400327333,0.01608122708974211,0.21346850785348892,0.000216446064746322,-1.011163485782103e-06,0.006705761291320923,0.0001515815116730832,False
stiff_penalty,0.011500000000000007,23,7,1.9783690941734247,1.9773120361596759,0.5375271678582717,0.47812746035954257,0.6428452636021942,1.6599101612809082,1.4931475531557012,0,1.2732395447351628,1.3171996128260492,4,0.020138889129639348,0.057539683227541,"[[0, 2], [1, 3], [2, 4], [3, 5]]",[],2,1.9773120361596759,0.46038137674311613,0.0003349296293481506,0.1968538370200804,0.01606659096909712,0.21325535761852568,0.00021208955927788255,-1.0606756853560482e-06,0.0069178508505988055,0.00015052083598772714,False
stiff_penalty,0.012000000000000007,24,7,1.9784185540190244,1.977375164734106,0.5374895178119538,0.4780674546040219,0.6431396342987594,1.6620247764345333,1.4923776409315008,0,1.2732395447351628,1.3172477524622703,4,0.02012761557738668,0.05750747307824767,"[[0, 2], [1, 3], [2, 4], [3, 5]]",[],2,1.977375164734106,0.46345874256501507,0.0003322932839083714,0.19666255866716192,0.01605153443732196,0.21304638638839227,0.0002078576913282379,-1.113538805176678e-06,0.007125708541927044,0.00014940729718255046,False
stiff_penalty,0.012500000000000008,25,7,1.9784680151011358,1.9774397004162183,0.5374524913648902,0.47800831129280996,0.6434344526370823,1.6640520880663083,1.491622560452378,0,1.2732395447351628,1.317296839774845,4,0.020116110434516332,0.057474601241475236,"[[0, 2], [1, 3], [2, 4], [3, 5]]",[],2,1.9774397004162183,0.4665125207083528,0.00032959663796595755,0.1964757613698437,0.01603611576953805,0.21284147377734772,0.00020374335535671055,-1.1692556878392841e-06,0.007329451897283754,0.00014823804149471118,False
stiff_penalty,0.013000000000000008,26,7,1.9785174774197896,1.9775054400939203,0.5374160498571446,0.47794998659792753,0.6437295473742137,1.6659954232511665,1.490881763659326,0,1.2732395447351628,1.317346733005362,4,0.020104406730468427,0.057441162087052654,"[[0, 2], [1, 3], [2, 4], [3, 5]]",[],2,1.9775054400939203,0.46954041511117184,0.00032685641676393216,0.19629326328901975,0.016020386503958567,0.21264050620974226,0.00019974018881254016,-1.2273787929188186e-06,0.007529192086096294,0.00014701066270179236,False
stiff_penalty,0.013500000000000009,27,7,1.978566940975017,1.9775722041741652,0.5373801587879646,0.47789244119121504,0.6440247603377384,1.667857977925923,1.490154744344114,0,1.2732395447351628,1.3173973067497793,4,0.020092533726323247,0.057407239218066425,"[[0, 2], [1, 3], [2, 4], [3, 5]]",[],2,1.9775722041741652,0.47254050996127195,0.00032408732729706703,0.19611489671015164,0.01600439220665952,0.21244337624410825,0.00019584245882051001,-1.2875068134975175e-06,0.007725034544916804,0.00014572315588829484,False
stiff_penalty,0.014000000000000009,28,7,1.978616405766849,1.9776398339140253,0.5373447873456367,0.4778356397390811,0.6443199452990077,1.6696428228403335,1.4894410338540112,0,1.2732395447351628,1.3174484501109285,4,0.020080517340207105,0.05737290668630602,"[[0, 2], [1, 3], [2, 4], [3, 5]]",[],2,1.9776398339140253,0.47551120893517573,0.00032130223086448625,0.19594050661127282,0.01598817315056883,0.21224998199270614,0.00019204497024321465,-1.3492811588923276e-06,0.00791707951516002,0.0001443738747294025,False
stiff_penalty,0.01450000000000001,29,7,1.9786658717953158,1.9777081890565567,0.5373099079913666,0.4777795504554269,0.6446149669611679,1.67135290909387,1.4887401972761518,0,1.2732395447351628,1.3175000650623987,4,0.020068380523719342,0.05733823006776955,"[[0, 2], [1, 3], [2, 4], [3, 5]]",[],2,1.9777081890565567,0.47845118604763376,0.00031851231316679324,0.19576994938919073,0.015971764917217433,0.21206022661957497,0.00018834299069845413,-1.4123824327243835e-06,0.008105422505858474,0.00014296149229667813,False
stiff_penalty,0.01500000000000001,30,7,1.978715339060449,1.9777771457361184,0.5372754960908868,0.4777241447058955,0.6449097000491789,1.6729910733083038,1.4880518300452537,0,1.2732395447351628,1.3175520649980823,4,0.0200561435957482,0.05730326741642343,"[[0, 2], [1, 3], [2, 4], [3, 5]]",[],2,1.9777771457361184,0.4813593455245339,0.0003157272480714695,0.19560309172531093,0.015955198930144125,0.21187401790352653,0.000184732189052755,-1.4765269956810187e-06,0.008290154694911228,0.0001414849653009971,False
stiff_penalty,0.01550000000000001,31,7,1.9787648075622792,1.9778465946220085,0.5372415295882632,0.47766939665743796,0.6452040284903893,1.6745600424804337,1.4873755549257144,0,1.2732395447351628,1.317604373446054,4,0.020043824538322985,0.057268070109494244,"[[0, 2], [1, 3], [2, 4], [3, 5]]",[],2,1.9778465946220085,0.4842347887519013,0.00031295535269556233,0.19543980957493215,0.015938502927570028,0.21169126785519776,0.00018120858465446279,-1.54146367430417e-06,0.008471363279565691,0.00013994350162669294,False
stiff_penalty,0.01600000000000001,32,7,1.9788142773008375,1.97791643927292,0.5372079887169849,0.47761528296789707,0.645497844675603,1.676062438550545,1.4867110193248327,0,1.2732395447351628,1.3176569229276893,4,0.02003143925898143,0.05723268359708981,"[[0, 2], [1, 3], [2, 4], [3, 5]]",[],2,1.97791643927292,0.4870656283581208,0.0003102037323034979,0.19527998726579113,0.015921701381300175,0.2115118923793948,0.00017776850515148935,-1.6069706514726346e-06,0.008649131784717181,0.0001383365309752203,False
stiff_penalty,0.01650000000000001,33,7,1.9788637482761546,1.9779865946779631,0.5371748557440117,0.47756178251094883,0.6457910487917422,1.67750078271688,1.4860578928991819,0,1.2732395447351628,1.3177096539454,4,0.02001900182346339,0.05719714806703826,"[[0, 2], [1, 3], [2, 4], [3, 5]]",[],2,1.9779865946779631,0.48985924601398767,0.00030747841427741264,0.1951235166933846,0.01590481586797807,0.21133581097564008,0.00017440855119213152,-1.6728525625871855e-06,0.008823540335909312,0.00013666367841263312,False
stiff_penalty,0.01700000000000001,34,7,1.9789132204882618,1.9780569859628567,0.5371421147429549,0.4775088761322958,0.6460835482182604,1.6788774995214635,1.4854158654206593,0,1.2732395447351628,1.317762514084278,4,0.020006524662150138,0.05716149903471469,"[[0, 2], [1, 3], [2, 4], [3, 5]]",[],2,1.9780569859628567,0.4926183950109132,0.0003047844709221398,0.19497029660209406,0.015887865398149237,0.21116294647116543,0.0001711255666687028,-1.738937805948501e-06,0.008994665902578015,0.00013492474060668462,False
stiff_penalty,0.017500000000000012,35,7,1.9789626939371896,1.9781275472423707,0.5371097513930247,0.4774565464334874,0.6463752569803787,1.6801949207288467,1.4847846448727402,0,1.2732395447351628,1.3178154572146878,4,0.019994018753242637,0.05712576786640754,"[[0, 2], [1, 3], [2, 4], [3, 5]]",[],2,1.9781275472423707,0.49534273935071305,0.0003021261312449321,0.19482023194245768,0.015870866707954092,0.21099322478165672,0.0001679166134403721,-1.8050760683396025e-06,0.009162582516018387,0.00013311966453834502,False
stiff_penalty,0.018000000000000013,36,7,1.9790121686229691,1.9781982206023385,0.5370777528007652,0.47740477758017846,0.6466660952530268,1.6814552890160785,1.4841639557509174,0,1.2732395447351628,1.3178684427843512,4,0.019981493785340587,0.05708998224383025,"[[0, 2], [1, 3], [2, 4], [3, 5]]",[],2,1.9781982206023385,0.4980320394811347,0.00029950688209791625,0.1946732332960747,0.015853834517723268,0.21082657469589589,0.00016477894969692887,-1.8711360639044159e-06,0.009327361465715316,0.0001312485284744406,False
stiff_penalty,0.018500000000000013,37,7,1.9790616445456313,1.9782689551964636,0.5370461073419548,0.4773535551320071,0.6469559889100815,1.6826607614895719,1.4835535375443827,0,1.2732395447351628,1.3179214351897863,4,0.019968958301759432,0.057054166576455526,"[[0, 2], [1, 3], [2, 4], [3, 5]]",[],2,1.9782689551964636,0.5006861402975858,0.00029692955923790157,0.19452921636063533,0.015836781761252385,0.21066292768112563,0.00016171001129536088,-1.9370034748964556e-06,0.009489071477010677,0.00012931152499954415,False
stiff_penalty,0.019000000000000013,38,7,1.9791111217052069,1.978339706444891,0.537014804521354,0.4773028658916074,0.6472448691141172,1.683813413042368,1.4829531433786745,0,1.2732395447351628,1.3179744032181515,4,0.01995641982866514,0.05701834236761469,"[[0, 2], [1, 3], [2, 4], [3, 5]]",[],2,1.978339706444891,0.5033049607886341,0.0002943964289555217,0.19438810148844335,0.015819719789100243,0.2105022177064991,0.00015870739553968,-2.0025790868472395e-06,0.009647778872550358,0.0001273089459126969,False
stiff_penalty,0.019500000000000014,39,7,1.9791606001017268,1.9784104353229857,0.5369838348482523,0.47725269777055995,0.6475326719424316,1.6849152395634166,1.4823625388013633,0,1.2732395447351628,1.3180273195515468,4,0.019943884988854688,0.056982528539584826,"[[0, 2], [1, 3], [2, 4], [3, 5]]",[],2,1.9784104353229857,0.5058884850563332,0.00029190926097651923,0.19424981327256816,0.01580265854886926,0.21034438108241393,0.00015576884698183642,-2.067777103330543e-06,0.009803547719532194,0.00012524116880936636,False
stiff_penalty,0.02,40,7,1.9792100797352223,1.9784811077301128,0.5369531897260084,0.477203039670343,0.6478193380455957,1.6859681610089867,1.4817815006949382,0,1.2732395447351628,1.3180801603267536,4,0.01993135960280845,0.05694674172230987,"[[0, 2], [1, 3], [2, 4], [3, 5]]",[],2,1.9784811077301128,0.5084367544937249,0.0002894693933542774,0.19411428017543866,0.015785606745086854,0.2101893563138798,0.00015289224490476917,-2.132523629359666e-06,0.009956439964436962,0.0001231086451800067,False
s_shape_folding,0.0,0,7,2.4688258654551025,2.4688258654551025,0.70494286608522,0.6225200240030576,0.3031088913245536,1.97318183420925,1.5353052116802328,1,2.0,0.0,0,0.0,0.0,[],[],0,2.4688258654551025,0.31923831920105944,0.0,0.26549883430986576,0.0,0.26549883430986576,0.0,0.0,0.0,0.0,False
s_shape_folding,0.001,1,7,2.4690727603861893,2.4662675955039948,0.7046832941334934,0.6222547676662936,0.30240700328964876,1.9682595611594045,1.5315708468104585,1,2.0,0.0,0,0.0,0.0,[],[],0,2.4662675955039948,0.31902026870239053,0.0005294570178386655,0.2640191855771772,0.0,0.26454864259501587,0.001429198063743612,0.00047900634889372134,0.001429198063743612,0.00047900634889372134,False
s_shape_folding,0.002,2,7,2.4693196800080033,2.4647913269139368,0.7045629403634598,0.6221202964158752,0.30171973931755497,1.9633614402058148,1.5304006931033052,1,2.0,0.0,0,0.0,0.0,[],[],0,2.4647913269139368,0.31922971021681357,0.00041579034359538763,0.26358121273603957,0.0,0.263997003079635,0.0009395344884841857,0.00038789497310328844,0.0023687325522277975,0.0008669013219970098,False
s_shape_folding,0.003,3,7,2.469566624323014,2.463228048428111,0.7044005326164471,0.6219559669087497,0.3013239352626468,1.9604443169425174,1.5279140895941083,1,2.0,0.0,0,0.0,0.0,[],[],0,2.463228048428111,0.31905424940698884,0.0010764151250578617,0.2626123582282234,0.0,0.2636887733532812,0.0006173653210422997,0.00030913559468855154,0.002986097873270097,0.0011760369166855613,False
s_shape_folding,0.004,4,7,2.4698135933336918,2.4624314855984957,0.7043404039521478,0.6218863173398712,0.30090876418256307,1.957314573781121,1.5273729702491523,1,2.0,0.0,0,0.0,0.0,[],[],0,2.4624314855984957,0.31922003005883687,0.0011058217447250762,0.2624295080857788,0.0,0.2635353298305039,0.00041770381290576165,0.00026426029012840936,0.0034038016861758585,0.0014402972068139706,False
s_shape_folding,0.005,5,7,2.4700605870425045,2.4614975550656357,0.7042401423267858,0.6217862006106509,0.3007014457168165,1.9556219696290307,1.5257089233426264,1,2.0,0.0,0,0.0,0.0,[],[],0,2.4614975550656357,0.31907926383005175,0.001680275540936539,0.2617945379366,0.0,0.26347481347753654,0.0002806603538042058,0.0002201440008368733,0.0036844620399800643,0.001660441207650844,False
s_shape_folding,0.006,6,7,2.4703076054519233,2.4611177444545214,0.7042161828591538,0.6217558634722092,0.3004599032578561,1.9536245224365758,1.5255339646029131,1,2.0,0.0,0,0.0,0.0,[],[],0,2.4611177444545214,0.31921058782984796,0.0017153215971508697,0.2617593475439657,0.0,0.26347466914111656,0.00019720487612924785,0.00019706053970926517,0.0038816669161093123,0.001857501747360109,False
s_shape_folding,0.007,7,7,2.4705546485644185,2.4605870785435915,0.704156278574059,0.6216971953326288,0.3003689892335573,1.9526821827518235,1.5244189445529506,1,2.0,0.0,0,0.0,0.0,[],[],0,2.4605870785435915,0.3190979688199132,0.0021631670672351017,0.2613460861703486,0.0,0.26350925323758373,0.00013620192790029896,0.00017078602436747072,0.004017868844009611,0.0020282877717275796,False
s_shape_folding,0.008,8,7,2.47080171638246,2.4604631187982218,0.7041539418704735,0.6216906529622134,0.30023927395811906,1.951416786132989,1.524451045377615,1,2.0,0.0,0,0.0,0.0,[],[],0,2.4604631187982218,0.3192019849175458,0.0021731993430754116,0.26139413473674367,0.0,0.2635673340798191,0.0001005749469826177,0.00015865578921797063,0.004118443790992229,0.00218694356094555,False
s_shape_folding,0.009000000000000001,9,7,2.471048808908519,2.4601935129361965,0.7041205772615411,0.6216590571987614,0.3002201654606454,1.950933524917535,1.5237068633984077,1,2.0,0.0,0,0.0,0.0,[],[],0,2.4601935129361965,0.3191121228410607,0.002507522097515043,0.26113017675921335,0.0,0.2636376988567284,7.190927501912652e-05,0.00014227405192843062,0.004190353066011355,0.002329217612873981,False
s_shape_folding,0.010000000000000002,10,7,2.4712959261450655,2.460226112032095,0.7041310119734403,0.6216668024353783,0.30016303477416834,1.9501452292079389,1.5238504866761238,1,2.0,0.0,0,0.0,0.0,[],[],0,2.460226112032095,0.31919445095859206,0.002494152888792019,0.26122299997547566,0.0,0.26371715286426767,5.646604378400256e-05,0.00013592005132328388,0.0042468191097953575,0.002465137664197265,False
s_shape_folding,0.011000000000000003,11,7,2.471543068094572,2.4601270127759816,0.704115298512319,0.6216530758255011,0.3001880147270023,1.9499413489372304,1.5233597470439102,1,2.0,0.0,0,0.0,0.0,[],[],0,2.4601270127759816,0.31912293009833076,0.0027394714128398403,0.2610609197631668,0.0,0.2638003911760067,4.211745817738206e-05,0.00012535576991639104,0.004288936567972739,0.002590493434113656,False
s_shape_folding,0.012000000000000004,12,7,2.471790234759508,2.4602546949910074,0.704133119259721,0.6216692761901497,0.3001783341855895,1.9494662783809558,1.523558365590826,1,2.0,0.0,0,0.0,0.0,[],[],0,2.4602546949910074,0.3191880203991026,0.002711294976084143,0.26117583198050964,0.0,0.2638871269565938,3.540521405825486e-05,0.00012214099464535427,0.004324341782030994,0.0027126344287590103,False
s_shape_folding,0.013000000000000005,13,7,2.472037426142348,2.460267891773261,0.7041292728563069,0.6216674629989786,0.3002301633981662,1.949430771591771,1.5232428846007362,1,2.0,0.0,0,0.0,0.0,[],[],0,2.460267891773261,0.31913123805258453,0.00289040797062746,0.26108415861462075,0.0,0.2639745665852482,2.7713408285920162e-05,0.00011515303694034895,0.004352055190316915,0.0028277874656993593,False
s_shape_folding,0.014000000000000005,14,7,2.472284642245561,2.460452618896319,0.7041512215259644,0.6216885526653658,0.30025172161443037,1.9491628180713796,1.5234638406541716,1,2.0,0.0,0,0.0,0.0,[],[],0,2.460452618896319,0.3191826290707004,0.0028552872990568563,0.2612080748545646,0.0,0.2640633621536215,2.486810442827286e-05,0.0001136636728015406,0.004376923294745188,0.0029414511385009,False
s_shape_folding,0.015000000000000006,15,7,2.472531883071621,2.4605403951315545,0.704155439839785,0.6216947623786471,0.3003197003388849,1.9492272703951996,1.5232709809682814,1,2.0,0.0,0,0.0,0.0,[],[],0,2.4605403951315545,0.31913765657009474,0.0029861868835380635,0.26116566623277965,0.0,0.2641518531163177,2.045618958350425e-05,0.00010894715227975692,0.0043973794843286925,0.0030503982907806567,False
s_shape_folding,0.016000000000000007,16,7,2.472779148623,2.4607587245690072,0.7041795675898176,0.6217185786591607,0.30036197573805307,1.949097281211669,1.5234961102317588,1,2.0,0.0,0,0.0,0.0,[],[],0,2.4607587245690072,0.319178168010022,0.0029495821964710084,0.2612913130225299,0.0,0.2642408952190009,1.9355448462767813e-05,0.00010839755114594672,0.004416734932791461,0.0031587958419266034,False
s_shape_folding,0.017000000000000008,17,7,2.4730264389021706,2.4608964648450664,0.7041893268110623,0.6217302473013913,0.300439494448796,1.9492197581342088,1.5233900356188907,1,2.0,0.0,0,0.0,0.0,[],[],0,2.4608964648450664,0.31914263273692606,0.003045594977421774,0.26128379275387914,0.0,0.26432938773130094,1.6666369903090644e-05,0.00010515888220312194,0.004433401302694552,0.0032639547241297253,False
s_shape_folding,0.01800000000000001,18,7,2.473273753911605,2.4611340543147073,0.7042144891921056,0.6217554956418674,0.3004956166638729,1.9491823787865743,1.523609860858578,1,2.0,0.0,0,0.0,0.0,[],[],0,2.4611340543147073,0.31917451336571623,0.0030107598744232764,0.2614073747393517,0.0,0.264418134613775,1.6356875621175526e-05,0.00010510375809524223,0.0044497581783157275,0.0033690584822249677,False
s_shape_folding,0.01900000000000001,19,7,2.473521093653777,2.461305578113672,0.7042280978527997,0.6217709184627062,0.3005786230995666,1.9493374024941736,1.5235658900230364,1,2.0,0.0,0,0.0,0.0,[],[],0,2.461305578113672,0.31914649940245876,0.003081499126750352,0.26142484726228044,0.0,0.2645063463890308,1.4632924432388106e-05,0.0001028446996881968,0.004464391102748115,0.0034719031819131644,False
s_shape_folding,0.02,20,7,2.4737684581311603,2.461553750046326,0.7042536416994295,0.6217968392561891,0.3006440775075632,1.949362690845582,1.5237760381339198,1,2.0,0.0,0,0.0,0.0,[],[],0,2.461553750046326,0.31917154255874425,0.003050091088232357,0.26154461177451327,0.0,0.2645947028627456,1.4674206391479281e-05,0.00010303068010628055,0.004479065309139595,0.0035749338620194447,False
grid_growth_rate=0_contact_stiffness=5_diameter=0.2_bending_stiffness=0.05,0.0,0,7,1.9772318589307387,1.9772318589307387,0.5385934789856612,0.4799822910880073,0.6366197723675813,1.5707963267948981,1.5172727398911934,0,1.2732395447351628,0.0,0,0.0,0.0,[],[],0,,0.0,0.0,0.10163800133790056,0.0,0.10163800133790056,0.0,0.0,0.0,0.0,False
grid_growth_rate=0_contact_stiffness=5_diameter=0.2_bending_stiffness=0.05,0.001,1,7,1.9772318589307387,1.9765358639980897,0.5383982405715647,0.4797585468459249,0.6366197723675813,1.5753516565192884,1.5150542872764325,0,1.2732395447351628,0.0,0,0.0,0.0,[],[],0,1.9765358639980897,0.43629885371082694,3.69057457203764e-05,0.10131885915080682,0.0,0.1013557648965272,0.000321646083039802,3.9409641666442326e-05,0.000321646083039802,3.9409641666442326e-05,False
grid_growth_rate=0_contact_stiffness=5_diameter=0.2_bending_stiffness=0.05,0.002,2,7,1.9772318589307387,1.9760199543735235,0.538260821731873,0.47957769088603625,0.6366240660505664,1.5819274147688782,1.5133961973009822,0,1.2732395447351628,0.0,0,0.0,0.0,[],[],0,0.9880099771867618,0.45576902573450373,4.752345636825034e-05,0.10108226493278559,0.0,0.10112978838915385,0.00030163975061332245,7.566324323996805e-05,0.0006232858336531245,0.00011507288490641038,False
grid_growth_rate=0_contact_stiffness=5_diameter=0.2_bending_stiffness=0.05,0.003,3,7,1.9772318589307387,1.9755705713209337,0.5380995972338662,0.47939783450545786,0.636769022997024,1.5847728618398509,1.5113493514722904,0,1.2732395447351628,0.0,0,0.0,0.0,[],[],0,1.9755705713209337,0.4292695621999742,0.00016890140482979837,0.10079125973979715,0.0,0.10096016114462694,0.0003505766770275945,0.00018094943250069023,0.000973862510680719,0.0002960223174071006,False
grid_growth_rate=0_contact_stiffness=5_diameter=0.2_bending_stiffness=0.05,0.004,4,7,1.9772318589307387,1.9752914654238072,0.5380292634319893,0.47927173842634896,0.6367971942143817,1.5931559778442619,1.510345756040709,0,1.2732395447351628,0.0,0,0.0,0.0,[],[],0,0.9876457327119036,0.46346940695959865,0.0002280761379242401,0.10065138957167599,0.0,0.10087946570960023,0.0005455972133658918,0.00046490177833917706,0.0015194597240466108,0.0007609240957462777,False
grid_growth_rate=0_contact_stiffness=5_diameter=0.2_bending_stiffness=0.05,0.0045000000000000005,5,7,1.9772318589307387,1.9751232875948086,0.5379406778376736,0.4791874628228202,0.6369502549975287,1.5925682999205022,1.5091675704472858,0,1.2732395447351628,0.0,0,0.0,0.0,[],[],0,0.9875616437974043,0.42222880385734773,0.0001469525646807271,0.1004846872756966,0.0,0.10063163984037732,0.0005520102495789988,0.0003041843803560897,0.0020714699736256097,0.0010651084761023675,False
grid_growth_rate=0_contact_stiffness=5_diameter=0.2_bending_stiffness=0.05,0.0055000000000000005,6,7,1.9772318589307387,1.974920582476392,0.5378668350077157,0.47907090918388917,0.6370670353407063,1.5989139854758914,1.5080465159389138,0,1.2732395447351628,0.0,0,0.0,0.0,[],[],0,0.987460291238196,0.44070182003956415,0.00016023324721987648,0.10032937776688199,0.0,0.10048961101410187,0.00026272759257153875,0.00012069876629608553,0.0023341975661971483,0.001185807242398453,False
grid_growth_rate=0_contact_stiffness=5_diameter=0.2_bending_stiffness=0.05,0.006500000000000001,7,7,1.9772318589307387,1.9747045734835447,0.5377415080585525,0.47893649830679724,0.6373307077706502,1.6003711986305695,1.5062787183268254,0,1.2732395447351628,0.0,0,0.0,0.0,[],[],0,1.9747045734835447,0.42754692460775146,0.0003204097003849665,0.10008228540686324,0.0,0.10040269510724821,0.00040013797761179627,0.0003132220707581417,0.0027343355438089446,0.0014990293131565947,False
grid_growth_rate=0_contact_stiffness=5_diameter=0.2_bending_stiffness=0.05,0.007000000000000001,8,7,1.9772318589307387,1.9746685685835,0.5377324517982205,0.47889642162665236,0.6373693561471322,1.604834275315903,1.5060212930741603,0,1.2732395447351628,0.0,0,0.0,0.0,[],[],0,0.98733428429175,0.42998492573390773,0.00016919919490459315,0.10004865158550766,0.0,0.10021785078041225,0.00039058742674457524,0.00020574309990861072,0.00312492297055352,0.0017047724130652053,False
grid_growth_rate=0_contact_stiffness=5_diameter=0.2_bending_stiffness=0.05,0.008,9,7,1.9772318589307387,1.9745287056759608,0.5376365256789424,0.4787826738519831,0.6376190955383878,1.6074674179772468,1.5045804339923012,0,1.2732395447351628,0.0,0,0.0,0.0,[],[],0,1.9745287056759608,0.4222249597573903,0.00023663592825521208,0.09984950279056469,0.0,0.1000861387188199,0.00021320284035188127,8.149077875953289e-05,0.0033381258109054014,0.0017862631918247381,False
grid_growth_rate=0_contact_stiffness=5_diameter=0.2_bending_stiffness=0.05,0.009000000000000001,10,7,1.9772318589307387,1.9744700745886146,0.5375969704542756,0.4786979952471181,0.6377785444437419,1.6138413938477751,1.503791263400802,0,1.2732395447351628,0.0,0,0.0,0.0,[],[],0,0.9872350372943073,0.42980545232187095,0.00024699154270484044,0.09974413135376907,0.0,0.09999112289647391,0.0003076678632594621,0.00021265204091347527,0.0036457936741648633,0.0019989152327382132,False
grid_growth_rate=0_contact_stiffness=5_diameter=0.2_bending_stiffness=0.05,0.010000000000000002,11,7,1.9772318589307387,1.9743494216703223,0.5374793749942035,0.47858153459727415,0.6381156919087485,1.613737092846884,1.5020886268520324,0,1.2732395447351628,0.0,0,0.0,0.0,[],[],0,1.9743494216703223,0.4359120250662762,0.00047422196955973305,0.0995089475724273,0.0,0.09998316954198704,0.000567225873633,0.0005592725191461246,0.004213019547797864,0.0025581877518843377,False
grid_growth_rate=0_contact_stiffness=5_diameter=0.2_bending_stiffness=0.05,0.010500000000000002,12,7,1.9772318589307387,1.9743665303385587,0.5374895971736354,0.4785551158217091,0.6381524534711442,1.6187341182147934,1.5020341697353592,0,1.2732395447351628,0.0,0,0.0,0.0,[],[],0,0.9871832651692793,0.4196042479761173,0.00021638038120094373,0.09950515234923285,0.0,0.0997215327304338,0.0006306953927822796,0.00036905858122904267,0.004843714940580143,0.0029272463331133803,False
grid_growth_rate=0_contact_stiffness=5_diameter=0.2_bending_stiffness=0.05,0.011500000000000003,13,7,1.9772318589307387,1.9742968777849121,0.5374021432875364,0.4784558057745743,0.6384505566171859,1.6203171634674136,1.5006856404138762,0,1.2732395447351628,0.0,0,0.0,0.0,[],[],0,1.9742968777849121,0.43242723707857056,0.00029966440608070996,0.09932129712068177,0.0,0.09962096152676249,0.0002458157070227268,0.00014524450335141713,0.00508953064760287,0.0030724908364647974,False
grid_growth_rate=0_contact_stiffness=5_diameter=0.2_bending_stiffness=0.05,0.012500000000000004,14,7,1.9772318589307387,1.9743094220740958,0.5373861230374767,0.47838943014717644,0.6386168092622594,1.6270153048640559,1.5001553698236603,0,1.2732395447351628,0.0,0,0.0,0.0,[],[],0,0.9871547110370479,0.4190918468117645,0.00032618414330355964,0.09925443981385212,0.0,0.09958062395715568,0.00042288658469192625,0.0003825490150851187,0.005512417232294796,0.003455039851549916,False
grid_growth_rate=0_contact_stiffness=5_diameter=0.2_bending_stiffness=0.05,0.013000000000000005,15,7,1.9772318589307387,1.974264141722539,0.5373232262410321,0.47833344736797734,0.6388146782051374,1.6259992610264757,1.499269379100162,0,1.2732395447351628,0.0,0,0.0,0.0,[],[],0,1.974264141722539,0.4335881177826293,0.000251631145069331,0.09913273597287832,0.0,0.09938436711794765,0.0004487383290620272,0.00025248148985399893,0.005961155561356823,0.003707521341403915,False
grid_growth_rate=0_contact_stiffness=5_diameter=0.2_bending_stiffness=0.05,0.014000000000000005,16,7,1.9772318589307387,1.9742696322296986,0.5372895567591208,0.47826162625904206,0.6390302553858516,1.6308916876410562,1.4985433010179585,0,1.2732395447351628,0.0,0,0.0,0.0,[],[],0,1.9742696322296986,0.4290362928854025,0.00024291388633841882,0.09903853880751663,0.0,0.09928145269385505,0.00020268192122888977,9.97674971362859e-05,0.006163837482585713,0.003807288838540201,False
grid_growth_rate=0_contact_stiffness=5_diameter=0.2_bending_stiffness=0.05,0.015000000000000006,17,7,1.9772318589307387,1.974225541738399,0.5372003828267572,0.47816762032055793,0.6393637878550016,1.6313046531018116,1.4972043870862362,0,1.2732395447351628,0.0,0,0.0,0.0,[],[],0,1.974225541738399,0.4440967323884784,0.0003627008443433978,0.09885767138142065,0.0,0.09922037222576405,0.00032368215396905403,0.0002626016858780525,0.006487519636554767,0.004069890524418253,False
grid_growth_rate=0_contact_stiffness=5_diameter=0.2_bending_stiffness=0.05,0.015500000000000007,18,7,1.9772318589307387,1.974252014032282,0.5372030383802062,0.47814105182554595,0.6394390458268718,1.6349800543218032,1.4970628732108529,0,1.2732395447351628,0.0,0,0.0,0.0,[],[],0,1.974252014032282,0.43643039955794294,0.00022706338633441745,0.09884224368344689,0.0,0.09906930706978131,0.00032459024378178586,0.00017352508779905335,0.006812109880336553,0.004243415612217307,False
grid_growth_rate=0_contact_stiffness=5_diameter=0.2_bending_stiffness=0.05,0.016500000000000008,19,7,1.9772318589307387,1.9742329847665956,0.5371331203477653,0.47805692774272696,0.6397421752628903,1.6365186307989,1.4959538800310332,0,1.2732395447351628,0.0,0,0.0,0.0,[],[],0,1.9742329847665956,0.4452332286673976,0.000271752008547229,0.09869454369662055,0.0,0.09896629570516778,0.00017187010504902782,6.885874043549393e-05,0.006983979985385581,0.004312274352652801,False
grid_growth_rate=0_contact_stiffness=5_diameter=0.2_bending_stiffness=0.05,0.01750000000000001,20,7,1.9772318589307387,1.974264343202162,0.5371120223459568,0.47799391753750997,0.6399526342427061,1.6415637601913176,1.495388520286629,0,1.2732395447351628,0.0,0,0.0,0.0,[],[],0,1.974264343202162,0.4399127936276068,0.0002687647550479781,0.09862415108390436,0.0,0.09889291583895234,0.00025469252726802757,0.00018131266105258256,0.007238672512653609,0.0044935870137053835,False
grid_growth_rate=0_contact_stiffness=5_diameter=0.2_bending_stiffness=0.05,0.01800000000000001,21,7,1.9772318589307387,1.9742436196029607,0.537063035561653,0.47794706454765945,0.6401359420947379,1.6410670619975984,1.4946912971722353,0,1.2732395447351628,0.0,0,0.0,0.0,[],[],0,1.9742436196029607,0.44840135825602206,0.00024295380181345582,0.09853033606181048,0.0,0.09877328986362394,0.0002394326163867794,0.00011980664105837983,0.007478105129040388,0.0046133936547637635,False
grid_growth_rate=0_contact_stiffness=5_diameter=0.2_bending_stiffness=0.05,0.01900000000000001,22,7,1.9772318589307387,1.9742651157766165,0.5370288971281446,0.47787981473488983,0.6403776312130884,1.644842629391718,1.4939953781151578,0,1.2732395447351628,0.0,0,0.0,0.0,[],[],0,1.9742651157766165,0.44758600797619724,0.00023007009848779826,0.09844181114406414,0.0,0.09867188124255194,0.00014924087013399074,4.783224906199408e-05,0.007627345999174379,0.004661225903825758,False
grid_growth_rate=0_contact_stiffness=5_diameter=0.2_bending_stiffness=0.05,0.02,23,7,1.9772318589307387,1.974250642226766,0.5369556526297479,0.47779749652075215,0.6406994518389325,1.6454945364347373,1.4928898728141535,0,1.2732395447351628,0.0,0,0.0,0.0,[],[],0,1.974250642226766,0.45716453921514516,0.00029584878874360177,0.0982956949665752,0.0,0.0985915437553188,0.0002060673812548046,0.0001257298940216621,0.007833413380429184,0.00478695579784742,False
grid_growth_rate=0_contact_stiffness=5_diameter=0.2_bending_stiffness=0.1,0.0,0,7,1.9772318589307387,1.9772318589307387,0.5385934789856612,0.4799822910880073,0.6366197723675813,1.5707963267948981,1.5172727398911934,0,1.2732395447351628,0.0,0,0.0,0.0,[],[],0,,0.0,0.0,0.20327600267580112,0.0,0.20327600267580112,0.0,0.0,0.0,0.0,False
grid_growth_rate=0_contact_stiffness=5_diameter=0.2_bending_stiffness=0.1,0.001,1,7,1.9772318589307387,1.9758450593776082,0.5382031854506127,0.4795352458868058,0.6366197723675813,1.579920044839605,1.5128560714274064,0,1.2732395447351628,0.0,0,0.0,0.0,[],[],0,1.9758450593776082,0.4362354841411908,0.00014715369589861954,0.2020094882509086,0.0,0.20215664194680721,0.001286584332159208,0.00016722360316530132,0.001286584332159208,0.00016722360316530132,False
grid_growth_rate=0_contact_stiffness=5_diameter=0.2_bending_stiffness=0.1,0.002,2,7,1.9772318589307387,1.9748330946217252,0.5379317078491407,0.4791788621029019,0.6366369561095387,1.5925238656392444,1.5096516217401033,0,1.2732395447351628,0.0,0,0.0,0.0,[],[],0,0.9874165473108626,0.45143145817768887,0.00018827533910324135,0.20110525153572562,0.0,0.20129352687482885,0.0011742434390766153,0.00031112836709824994,0.002460827771235823,0.00047835197026355127,False
grid_growth_rate=0_contact_stiffness=5_diameter=0.2_bending_stiffness=0.1,0.003,3,7,1.9772318589307387,1.973963438072834,0.5376142963661394,0.4788283356477278,0.6369498089306626,1.5971372452097043,1.505746821558177,0,1.2732395447351628,0.0,0,0.0,0.0,[],[],0,1.973963438072834,0.4393805401198878,0.0006679727443972015,0.20001044193114267,0.0,0.20067841467553987,0.0013519347506920827,0.0007368225514031075,0.0038127625219279058,0.0012151745216666587,False
grid_growth_rate=0_contact_stiffness=5_diameter=0.2_bending_stiffness=0.1,0.004,4,7,1.9772318589307387,1.9734382911361457,0.5374831550740187,0.47858668281012534,0.6370273411773887,1.612623419101112,1.503965333485474,0,1.2732395447351628,0.0,0,0.0,0.0,[],[],0,0.9867191455680728,0.4501423739647215,0.0009108762166759137,0.1995306752958708,0.0,0.2004415515125467,0.002131420190689609,0.0018945570276964305,0.005944182712617515,0.003109731549363089,False
grid_growth_rate=0_contact_stiffness=5_diameter=0.2_bending_stiffness=0.1,0.0045000000000000005,5,7,1.9772318589307387,1.9731192061649465,0.5373086374970338,0.4784255699229233,0.6373526461725703,1.610427279669765,1.5017576461373083,0,1.2732395447351628,0.0,0,0.0,0.0,[],[],0,1.9731192061649465,0.43254196397023326,0.0005660717909918811,0.19891630391703824,0.0,0.19948237570803012,0.0022030068075918233,0.0012438310030752522,0.008147189520209338,0.004353562552438342,False
grid_growth_rate=0_contact_stiffness=5_diameter=0.2_bending_stiffness=0.1,0.0055000000000000005,6,7,1.9772318589307387,1.9727493073617275,0.5371721533874232,0.4782060665623669,0.6376144188992438,1.6213497895524975,1.4998071708775367,0,1.2732395447351628,0.0,0,0.0,0.0,[],[],0,0.9863746536808637,0.42020058598334903,0.0006162003043342905,0.198395602892189,0.0,0.19901180319652328,0.0009723194811238876,0.0005017469696170483,0.009119509001333227,0.00485530952205539,False
grid_growth_rate=0_contact_stiffness=5_diameter=0.2_bending_stiffness=0.1,0.006500000000000001,7,7,1.9772318589307387,1.972353661648945,0.5369293357399307,0.4779537888760931,0.6381800950819062,1.622012215660341,1.4966196231852957,0,1.2732395447351628,0.0,0,0.0,0.0,[],[],0,1.972353661648945,0.4533824720600846,0.001252087625698145,0.197527448364805,0.0,0.19877953599050313,0.0015377214179840518,0.0013054542119638982,0.010657230419317279,0.006160763734019288,False
grid_growth_rate=0_contact_stiffness=5_diameter=0.2_bending_stiffness=0.1,0.007000000000000001,8,7,1.9772318589307387,1.972297745203681,0.5369193482156744,0.4778811623281637,0.6382684235102601,1.6299091878016903,1.4962670951556372,0,1.2732395447351628,0.0,0,0.0,0.0,[],[],0,1.972297745203681,0.4345820826515287,0.0006303117978961702,0.19744633691378005,0.0,0.1980766487116762,0.0015649508577768847,0.0008620635789499656,0.012222181277094164,0.0070228273129692535,False
grid_growth_rate=0_contact_stiffness=5_diameter=0.2_bending_stiffness=0.1,0.008,9,7,1.9772318589307387,1.972052060398179,0.5367371292369675,0.47767147146231254,0.638803891212117,1.6326595062934022,1.4937632607174627,0,1.2732395447351628,0.0,0,0.0,0.0,[],[],0,1.972052060398179,0.45349721360490086,0.0008903629447912941,0.196777206346273,0.0,0.1976675692910643,0.0007571789373187846,0.00034809951670687156,0.012979360214412948,0.007370926829676125,False
grid_growth_rate=0_contact_stiffness=5_diameter=0.2_bending_stiffness=0.1,0.009000000000000001,10,7,1.9772318589307387,1.971965976625173,0.5366738239785388,0.47751955834281884,0.6391465335288691,1.643079944501564,1.4925596477333143,0,1.2732395447351628,0.0,0,0.0,0.0,[],[],0,1.971965976625173,0.4415329933228726,0.0009439307637453271,0.196477888255664,0.0,0.19742181901940933,0.0011582105929323864,0.000912460321277421,0.014137570807345335,0.008283387150953546,False
grid_growth_rate=0_contact_stiffness=5_diameter=0.2_bending_stiffness=0.1,0.009500000000000001,11,7,1.9772318589307387,1.97185986852801,0.5365593571107948,0.477413385197364,0.6395038410216148,1.6413764345990574,1.491068522584346,0,1.2732395447351628,0.0,0,0.0,0.0,[],[],0,1.97185986852801,0.4591259681908379,0.000809365736178939,0.19607766511219538,0.0,0.1968870308483743,0.001138466536402278,0.0006036783653672502,0.015276037343747613,0.008887065516320796,False
grid_growth_rate=0_contact_stiffness=5_diameter=0.2_bending_stiffness=0.1,0.010500000000000002,12,7,1.9772318589307387,1.971803369069446,0.5364776538768204,0.4772635935841456,0.6399375044047463,1.6486972262972799,1.4896728683845228,0,1.2732395447351628,0.0,0,0.0,0.0,[],[],0,1.971803369069446,0.4571800956330975,0.0007891021539390864,0.19572639288748453,0.0,0.19651549504142363,0.0006168017942422051,0.00024526598729152603,0.01589283913798982,0.009132331503612322,False
grid_growth_rate=0_contact_stiffness=5_diameter=0.2_bending_stiffness=0.1,0.011500000000000003,13,7,1.9772318589307387,1.9716933292113024,0.5363124996047108,0.4770863795363927,0.6405652750304416,1.648805557511466,1.4874259218740045,0,1.2732395447351628,0.0,0,0.0,0.0,[],[],0,1.9716933292113024,0.4756636311652227,0.0011215483618142045,0.19513778854243494,0.0,0.19625933690424915,0.0008999592838683758,0.0006438011466939033,0.016792798421858195,0.009776132650306225,False
grid_growth_rate=0_contact_stiffness=5_diameter=0.2_bending_stiffness=0.1,0.012000000000000004,14,7,1.9772318589307387,1.9717175363365658,0.5363069032687062,0.4770302612175089,0.6407343940836954,1.6542376500551659,1.4871032523076735,0,1.2732395447351628,0.0,0,0.0,0.0,[],[],0,1.9717175363365658,0.4691419877178818,0.0007734167871803474,0.1950679070780555,0.0,0.19584132386523584,0.0008451732526451835,0.00042716021363186827,0.01763797167450338,0.010203292863938094,False
grid_growth_rate=0_contact_stiffness=5_diameter=0.2_bending_stiffness=0.1,0.013000000000000005,15,7,1.9772318589307387,1.9716662802526808,0.5361770790153351,0.4768740990135405,0.6413192672752638,1.6558505692474463,1.485263892824729,0,1.2732395447351628,0.0,0,0.0,0.0,[],[],0,1.9716662802526808,0.4808754551640145,0.0009034422871639296,0.1945956201005553,0.0,0.19549906238771925,0.000517074062177028,0.00017481258466043583,0.018155045736680406,0.01037810544859853,False
grid_growth_rate=0_contact_stiffness=5_diameter=0.2_bending_stiffness=0.1,0.014000000000000005,16,7,1.9772318589307387,1.9717001430284444,0.5361289054309677,0.4767527903754455,0.6417546355245249,1.662939125333314,1.4842647414673016,0,1.2732395447351628,0.0,0,0.0,0.0,[],[],0,1.9717001430284444,0.477963815158378,0.0008832445786752059,0.19435842105837178,0.0,0.19524166563704698,0.0007171107113076337,0.00045971396063536633,0.01887215644798804,0.010837819409233897,False
grid_growth_rate=0_contact_stiffness=5_diameter=0.2_bending_stiffness=0.1,0.015000000000000006,17,7,1.9772318589307387,1.9716369507471743,0.5359584520028594,0.47658918266737416,0.6424451126652455,1.6603068109494976,1.4820909922520051,0,1.2732395447351628,0.0,0,0.0,0.0,[],[],0,1.9716369507471743,0.4970864037230979,0.0013864712002521309,0.19379612862138726,0.0,0.19518259982163938,0.0012801745270404155,0.0012211087116328159,0.020152330975028457,0.012058928120866712,False
grid_growth_rate=0_contact_stiffness=5_diameter=0.2_bending_stiffness=0.1,0.015500000000000007,18,7,1.9772318589307387,1.971698627366426,0.5359781001841638,0.4765477019852998,0.6425837054031984,1.6665291819031165,1.4820302986839744,0,1.2732395447351628,0.0,0,0.0,0.0,[],[],0,1.971698627366426,0.4893857208908832,0.0007922199348577762,0.1937990718515416,0.0,0.1945912917863994,0.001406343977199798,0.0008150359419598079,0.021558674952228254,0.01287396406282652,False
grid_growth_rate=0_contact_stiffness=5_diameter=0.2_bending_stiffness=0.1,0.016500000000000008,19,7,1.9772318589307387,1.9716823668522803,0.5358497129157602,0.4764044805737048,0.643199925219385,1.666280491337842,1.4803162348487484,0,1.2732395447351628,0.0,0,0.0,0.0,[],[],0,1.9716823668522803,0.5013097752524577,0.0009733427832606693,0.19336574635670534,0.0,0.194339089139966,0.000584440599350548,0.00033223795291716205,0.0221431155515788,0.013206202015743683,False
grid_growth_rate=0_contact_stiffness=5_diameter=0.2_bending_stiffness=0.1,0.01750000000000001,20,7,1.9772318589307387,1.9717627749394309,0.5358320550483328,0.47630367899278364,0.6435992498564233,1.6738589790275178,1.4796685153594074,0,1.2732395447351628,0.0,0,0.0,0.0,[],[],0,1.9717627749394309,0.49670885891957217,0.001006848165665729,0.19322662665915835,0.0,0.1942334748248241,0.0009897737819208811,0.0008841594667789647,0.023132889333499683,0.014090361482522648,False
grid_growth_rate=0_contact_stiffness=5_diameter=0.2_bending_stiffness=0.1,0.01800000000000001,21,7,1.9772318589307387,1.971731900300728,0.5357357229117449,0.47622335746700545,0.6439746128790752,1.6708865642870936,1.4785434252820002,0,1.2732395447351628,0.0,0,0.0,0.0,[],[],0,1.971731900300728,0.5074168815576492,0.0008377148170268131,0.19293693321573532,0.0,0.19377464803276215,0.0010495437387094719,0.0005907169466475325,0.024182433072209155,0.01468107842917018,False
grid_growth_rate=0_contact_stiffness=5_diameter=0.2_bending_stiffness=0.1,0.01900000000000001,22,7,1.9772318589307387,1.971792019621637,0.5356895061979096,0.47611551583935446,0.6444343591950336,1.6757290549429553,1.4776582256636963,0,1.2732395447351628,0.0,0,0.0,0.0,[],[],0,1.971792019621637,0.5077864857812524,0.0007996239624216834,0.1927328043008835,0.0,0.1935324282633052,0.0004847350973994478,0.00024251532794248947,0.0246671681696086,0.01492359375711267,False
grid_growth_rate=0_contact_stiffness=5_diameter=0.2_bending_stiffness=0.1,0.02,23,7,1.9772318589307387,1.9717819385900772,0.5355525594620043,0.47597824215672346,0.6450756326188979,1.6735077621139596,1.4759838225371162,0,1.2732395447351628,0.0,0,0.0,0.0,[],[],0,1.9717819385900772,0.5203817467575115,0.001085035204208432,0.1923142173821521,0.0,0.19339925258636054,0.0007786735233126107,0.0006454978463679583,0.02544584169292121,0.015569091603480628,False
grid_growth_rate=0_contact_stiffness=5_diameter=0.35_bending_stiffness=0.05,0.0,0,7,1.9772318589307387,1.9772318589307387,0.5385934789856612,0.4799822910880073,0.6366197723675813,1.5707963267948981,1.5172727398911934,0,1.2732395447351628,1.318154572620492,4,0.020461356844877043,0.05846101955679155,"[[0, 2], [1, 3], [2, 4], [3, 5]]",[],2,,0.0,0.0,0.10163800133790056,0.00418667123933391,0.10582467257723446,0.0,0.0,0.0,0.0,False
grid_growth_rate=0_contact_stiffness=5_diameter=0.35_bending_stiffness=0.05,0.001,1,7,1.9772318589307387,1.9768686658273684,0.5385067911640659,0.4798159341320045,0.6367804754884472,1.5777651168639821,1.5155498470868378,0,1.2732395447351628,1.3176250074039721,4,0.020457726217754824,0.058450646336442355,"[[0, 2], [1, 3], [2, 4], [3, 5]]",[],2,0.9884343329136842,0.4243510434097809,2.3966465854803786e-05,0.1013903795489891,0.004168942033389047,0.10558328804823296,0.0002677602674584362,2.6375738456929643e-05,0.0002677602674584362,2.6375738456929643e-05,False
grid_growth_rate=0_contact_stiffness=5_diameter=0.35_bending_stiffness=0.05,0.002,2,7,1.9772318589307387,1.9765353534092576,0.538385812553075,0.4796641481758095,0.6369062608427805,1.5827614716379714,1.5138685216701953,0,1.2732395447351628,1.3173001408262068,4,0.02060500355103917,0.058871438717254775,"[[0, 2], [1, 3], [2, 4], [3, 5]]",[],2,0.9882676767046288,0.4262953427927567,3.2554919249513566e-05,0.10115028148221182,0.004200040723127999,0.10538287712458934,0.00020894177774823976,8.530854104621746e-06,0.00047670204520667593,3.490659256155139e-05,False
grid_growth_rate=0_contact_stiffness=5_diameter=0.35_bending_stiffness=0.05,0.003,3,7,1.9772318589307387,1.976287960444516,0.5382896681413363,0.4795328629759136,0.6370386566544395,1.5884121148208108,1.5124458868061552,0,1.2732395447351628,1.3172669767566418,4,0.020502966424567726,0.058579904070193506,"[[0, 2], [1, 3], [2, 4], [3, 5]]",[],2,0.988143980222258,0.44134391572216297,4.9851308041995036e-05,0.10094873000324263,0.004200957883421575,0.1051995391947062,0.00019769812868970443,1.4360198806569966e-05,0.0006744001738963804,4.9266791368121355e-05,False
grid_growth_rate=0_contact_stiffness=5_diameter=0.35_bending_stiffness=0.05,0.004,4,7,1.9772318589307387,1.9760782861513995,0.5381858387984378,0.47940437953744214,0.6372349285249783,1.5924107714006683,1.5108907951154826,0,1.2732395447351628,1.3168854358880275,4,0.02078086822694164,0.05937390921983326,"[[0, 2], [1, 3], [2, 4], [3, 5]]",[],2,0.9880391430756997,0.42687833432690636,6.211325670260224e-05,0.10072927698683175,0.004240751758362004,0.10503214200189635,0.0002004583188387537,3.306112602890259e-05,0.0008748584927351341,8.232791739702395e-05,False
grid_growth_rate=0_contact_stiffness=5_diameter=0.35_bending_stiffness=0.05,0.005,5,7,1.9772318589307387,1.9759481502610572,0.5381217264943646,0.4793003860874372,0.6373860711430073,1.598626203929868,1.5097978891026833,0,1.2732395447351628,1.3166956958473974,4,0.02064665552719752,0.0589904443634215,"[[0, 2], [1, 3], [2, 4], [3, 5]]",[],2,0.9879740751305286,0.4449872017214835,0.00010259633961670076,0.10057719865346909,0.004206875011432262,0.10488667000451805,0.0002319274722698786,8.645547489157941e-05,0.0011067859650050126,0.00016878339228860336,False
grid_growth_rate=0_contact_stiffness=5_diameter=0.35_bending_stiffness=0.05,0.006,6,7,1.9772318589307387,1.9757983637597079,0.5380129251086496,0.47917940878742454,0.6376610475867932,1.6006583960040244,1.5081448185980717,0,1.2732395447351628,1.316407158088116,4,0.021107982378091028,0.06030852108026009,"[[0, 2], [1, 3], [2, 4], [3, 5]]",[],2,1.9757983637597079,0.42150625710022893,0.00015000578696264106,0.1003456391879741,0.0042890773213774755,0.10478472229631422,0.0003365036592149842,0.00023455595101115026,0.0014432896242199968,0.0004033393432997536,False
grid_growth_rate=0_contact_stiffness=5_diameter=0.35_bending_stiffness=0.05,0.006500000000000001,7,7,1.9772318589307387,1.9757835977918052,0.5380042324771863,0.47914228775786916,0.6377157088759636,1.604900865888307,1.5078651364710178,0,1.2732395447351628,1.31682446137057,4,0.020611834880648106,0.05889095680185173,"[[0, 2], [1, 3], [2, 4], [3, 5]]",[],2,0.9878917988959026,0.435430796346343,8.828208456212514e-05,0.10030851938489732,0.0042296792898487996,0.10462648075930825,0.0003192533893713944,0.00016101185236542354,0.0017625430135913911,0.0005643511956651771,False
grid_growth_rate=0_contact_stiffness=5_diameter=0.35_bending_stiffness=0.05,0.007500000000000001,8,7,1.9772318589307387,1.975689296650446,0.5379176506542864,0.4790369978189145,0.6379786877888848,1.6077876570099372,1.5064732258887885,0,1.2732395447351628,1.3165436850488286,4,0.020924905340248656,0.05978544382928188,"[[0, 2], [1, 3], [2, 4], [3, 5]]",[],2,0.987844648325223,0.420953572552669,0.00010103115081507758,0.10011558544000673,0.00427560963174889,0.1044922262225707,0.00020556043968791206,7.130590295036844e-05,0.001968103453279303,0.0006356570986155456,False
grid_growth_rate=0_contact_stiffness=5_diameter=0.35_bending_stiffness=0.05,0.0085,9,7,1.9772318589307387,1.9756654389307176,0.5378824726034117,0.4789581644306984,0.6381535905415033,1.6141666586197492,1.505692692992972,0,1.2732395447351628,1.316227850786315,4,0.02076584880856347,0.05933099659589563,"[[0, 2], [1, 3], [2, 4], [3, 5]]",[],2,0.9878327194653588,0.435700428278293,0.000169715454697463,0.10001084672839941,0.004212738953128466,0.10439330113622533,0.0002934929314072916,0.00019456784506191658,0.0022615963846865945,0.0008302249436774622,False
grid_growth_rate=0_contact_stiffness=5_diameter=0.35_bending_stiffness=0.05,0.009500000000000001,10,7,1.9772318589307387,1.9755742389730921,0.537771744973055,0.47884692539798507,0.6384986981870854,1.6143186346719332,1.5040196565618718,0,1.2732395447351628,1.3160306324275,4,0.02137061543149249,0.06105890123283569,"[[0, 2], [1, 3], [2, 4], [3, 5]]",[],2,1.9755742389730921,0.43114801687901033,0.0002744551031665225,0.0997791029877008,0.004329415733774296,0.10438297382464162,0.0005450959926487271,0.0005347686810650194,0.0028066923773353214,0.0013649936247424816,False
grid_growth_rate=0_contact_stiffness=5_diameter=0.35_bending_stiffness=0.05,0.010000000000000002,11,7,1.9772318589307387,1.975603474926629,0.5377832454185224,0.4788226444695766,0.6385396455433587,1.6193418512163427,1.503970536789394,0,1.2732395447351628,1.3165484259504048,4,0.020683703253784103,0.05909629501081173,"[[0, 2], [1, 3], [2, 4], [3, 5]]",[],2,0.9878017374633145,0.42558977512719376,0.00011737783142872788,0.09977589176303418,0.004234689169375817,0.10412795876383873,0.0006237689690077787,0.00036875390820489083,0.0034304613463431,0.0017337475329473723,False
grid_growth_rate=0_contact_stiffness=5_diameter=0.35_bending_stiffness=0.05,0.011000000000000003,12,7,1.9772318589307387,1.9755530402610502,0.5376982346334179,0.47872599936415033,0.6388482796323102,1.6209523088139106,1.5026128116419044,0,1.2732395447351628,1.3163320238949634,4,0.021071248540822818,0.060203567259493766,"[[0, 2], [1, 3], [2, 4], [3, 5]]",[],2,1.9755530402610502,0.4279140364983846,0.00014200579646517957,0.09959007165888767,0.0042986444581118635,0.10403072191346471,0.00025945274723607344,0.0001622158968620517,0.003689914093579174,0.001895963429809424,False
grid_growth_rate=0_contact_stiffness=5_diameter=0.35_bending_stiffness=0.05,0.012000000000000004,13,7,1.9772318589307387,1.97558661151077,0.5376876770319045,0.47866400338260057,0.6390137626474361,1.6279902259159684,1.5021258536201256,0,1.2732395447351628,1.315752495378835,4,0.02089018672480919,0.059686247785169115,"[[0, 2], [1, 3], [2, 4], [3, 5]]",[],2,0.987793305755385,0.425873868950471,0.00028020970207725214,0.09952898455015835,0.0041986222906078546,0.10400781654284345,0.00046954941937218806,0.00044664404875092853,0.0041594635129513615,0.0023426074785603524,False
grid_growth_rate=0_contact_stiffness=5_diameter=0.35_bending_stiffness=0.05,0.012500000000000004,14,7,1.9772318589307387,1.97554409147225,0.5376228306137087,0.47860730221071646,0.6392213950205837,1.6267790350596627,1.501198566983612,0,1.2732395447351628,1.3165015441538228,4,0.02090607077621598,0.059731630789188514,"[[0, 2], [1, 3], [2, 4], [3, 5]]",[],2,1.97554409147225,0.4290454307617835,0.00010434091960353553,0.09940103492543642,0.004282210139201319,0.10378758598424129,0.0005282900458295659,0.00030805948722739955,0.004687753558780927,0.002650666965787752,False
grid_growth_rate=0_contact_stiffness=5_diameter=0.35_bending_stiffness=0.05,0.013500000000000005,15,7,1.9772318589307387,1.9755659730657826,0.5375943351665226,0.4785389502996908,0.6394342666349612,1.632035492660428,1.5005128804689607,0,1.2732395447351628,1.3162884199890375,4,0.020753964875623032,0.0592970425017801,"[[0, 2], [1, 3], [2, 4], [3, 5]]",[],2,1.9755659730657826,0.42287469699208097,0.00015350120197103352,0.09931217384652008,0.004226532394553575,0.10369220744304469,0.00023125842139941748,0.00013587988020282286,0.004919011980180345,0.002786546845990575,False
grid_growth_rate=0_contact_stiffness=5_diameter=0.35_bending_stiffness=0.05,0.014500000000000006,16,7,1.9772318589307387,1.9755246634977843,0.5375004387450255,0.47844317676963855,0.6397853291973509,1.6320626479208842,1.4990936373060646,0,1.2732395447351628,1.3161271939993529,4,0.02126663327684314,0.06076180936240897,"[[0, 2], [1, 3], [2, 4], [3, 5]]",[],2,1.9755246634977843,0.44096314150490673,0.0002177393738630924,0.0991193348445627,0.00432205530855364,0.10365912952697943,0.000407224133678402,0.0003741462176131442,0.005326236113858747,0.003160693063603719,False
grid_growth_rate=0_contact_stiffness=5_diameter=0.35_bending_stiffness=0.05,0.015000000000000006,17,7,1.9772318589307387,1.9755618840926343,0.537509456943606,0.4784199300764831,0.6398494741169177,1.6362377379995774,1.4990202898550569,0,1.2732395447351628,1.3165870670940012,4,0.020679002294917093,0.05908286369976313,"[[0, 2], [1, 3], [2, 4], [3, 5]]",[],2,1.9755618840926343,0.4308270058046889,0.00011242141997348513,0.09911346311132499,0.004241937729919798,0.10346782226121827,0.0004497428466953874,0.00025843558093422266,0.005775978960554135,0.0034191286445379417,False
grid_growth_rate=0_contact_stiffness=5_diameter=0.35_bending_stiffness=0.05,0.016000000000000007,18,7,1.9772318589307387,1.9755447953108747,0.5374356175219647,0.4783343223066939,0.6401660524358852,1.6374886770832393,1.4978470745602448,0,1.2732395447351628,1.3164039450823062,4,0.021010791173012078,0.06003083192289165,"[[0, 2], [1, 3], [2, 4], [3, 5]]",[],2,1.9755447953108747,0.4416431375975434,0.00012413888093000297,0.09895618771716015,0.004294104378608738,0.10337443097669889,0.0002076685093239077,0.00011427722480452919,0.005983647469878043,0.0035334058693424707,False
grid_growth_rate=0_contact_stiffness=5_diameter=0.35_bending_stiffness=0.05,0.017000000000000008,19,7,1.9772318589307387,1.9755917724232392,0.5374240786531636,0.4782759307820316,0.6403602919138826,1.6433126941991518,1.4973781211594135,0,1.2732395447351628,1.3159469137312894,4,0.02084560485903425,0.05955887102581215,"[[0, 2], [1, 3], [2, 4], [3, 5]]",[],2,1.9755917724232392,0.4332707926656465,0.00022637059091483054,0.09889918664861222,0.004208367997104774,0.10333392523663183,0.0003556068094632352,0.0003151010693961758,0.006339254279341278,0.0038485069387386465,False
grid_growth_rate=0_contact_stiffness=5_diameter=0.35_bending_stiffness=0.05,0.01750000000000001,20,7,1.9772318589307387,1.9755649345702733,0.5373674544321656,0.47822566449774273,0.640561323085094,1.642241108546869,1.4965849970724316,0,1.2732395447351628,1.316564722072028,4,0.020868039947282147,0.059622971277948994,"[[0, 2], [1, 3], [2, 4], [3, 5]]",[],2,1.9755649345702733,0.44453418083171453,9.637965970953329e-05,0.09879151396552845,0.004278603675155939,0.10316649730039391,0.00038514412654881214,0.00021771619031089385,0.00672439840589009,0.00406622312904954,False
grid_growth_rate=0_contact_stiffness=5_diameter=0.35_bending_stiffness=0.05,0.01850000000000001,21,7,1.9772318589307387,1.9755972841402645,0.5373398734395205,0.4781613814735363,0.6407923478087713,1.6465731022596561,1.4959503059429353,0,1.2732395447351628,1.3164103202600403,4,0.020728983236345866,0.059225666389559624,"[[0, 2], [1, 3], [2, 4], [3, 5]]",[],2,1.9755972841402645,0.44189912499340883,0.0001335355297085278,0.09871136238980673,0.004230583626591019,0.10307548154610628,0.00018758849755912938,9.657274327149718e-05,0.006911986903449219,0.004162795872321037,False
grid_growth_rate=0_contact_stiffness=5_diameter=0.35_bending_stiffness=0.05,0.01950000000000001,22,7,1.9772318589307387,1.9755752434431533,0.5372561967968668,0.47807444683996886,0.6411383653452967,1.6464831636622774,1.4947144670815686,0,1.2732395447351628,1.3162689878425362,4,0.021168045054333895,0.060480128726668275,"[[0, 2], [1, 3], [2, 4], [3, 5]]",[],2,1.9755752434431533,0.4547674742799317,0.00017244112455398817,0.09854642994084217,0.00431040669847118,0.10302927776386735,0.0003124853519080416,0.00026628156966910664,0.0072244722553572605,0.004429077441990143,False
grid_growth_rate=0_contact_stiffness=5_diameter=0.35_bending_stiffness=0.05,0.02,23,7,1.9772318589307387,1.9756106111635516,0.5372618541743085,0.47805086514772954,0.6412166535255585,1.6499654231606447,1.4946157691034356,0,1.2732395447351628,1.316671983261557,4,0.02066408059537511,0.05904023027250032,"[[0, 2], [1, 3], [2, 4], [3, 5]]",[],2,1.9756106111635516,0.44873276095440906,0.00010194922829306655,0.09853740411805942,0.004242566482310606,0.1028819198286631,0.000331599496477755,0.00018424156127350687,0.007556071751835015,0.00461331900326365,False
grid_growth_rate=0_contact_stiffness=5_diameter=0.35_bending_stiffness=0.1,0.0,0,7,1.9772318589307387,1.9772318589307387,0.5385934789856612,0.4799822910880073,0.6366197723675813,1.5707963267948981,1.5172727398911934,0,1.2732395447351628,1.318154572620492,4,0.020461356844877043,0.05846101955679155,"[[0, 2], [1, 3], [2, 4], [3, 5]]",[],2,,0.0,0.0,0.20327600267580112,0.00418667123933391,0.20746267391513504,0.0,0.0,0.0,0.0,False
grid_growth_rate=0_contact_stiffness=5_diameter=0.35_bending_stiffness=0.1,0.001,1,7,1.9772318589307387,1.9761777738341342,0.5383117178204467,0.4795925284348508,0.6367804754884472,1.5823276771019286,1.5133515530932662,0,1.2732395447351628,1.3169341154107381,4,0.02080506608607685,0.05944304596021958,"[[0, 2], [1, 3], [2, 4], [3, 5]]",[],2,1.9761777738341342,0.42461543828204495,5.950395736055721e-05,0.20215245185236325,0.004240603097616107,0.20645255890733993,0.0010897579857515377,7.964297795643393e-05,0.0010897579857515377,7.964297795643393e-05,False
grid_growth_rate=0_contact_stiffness=5_diameter=0.35_bending_stiffness=0.1,0.002,2,7,1.9772318589307387,1.9753500826491635,0.5380571832241159,0.47926565564528884,0.6369202333001324,1.5933683650687178,1.5101308013916728,0,1.2732395447351628,1.316626780076143,4,0.020670272961253566,0.059057922746438764,"[[0, 2], [1, 3], [2, 4], [3, 5]]",[],2,0.9876750413245817,0.4366285667996577,0.00011621551721520808,0.20124289646644977,0.00426600810956163,0.20562512009322662,0.0009011963086537277,7.375749454040952e-05,0.0019909542944052654,0.00015340047249684345,False
grid_growth_rate=0_contact_stiffness=5_diameter=0.35_bending_stiffness=0.1,0.003,3,7,1.9772318589307387,1.9746815344850148,0.5378044980078756,0.4789627137912386,0.6372233800181469,1.6007287407190254,1.5068262169007527,0,1.2732395447351628,1.3157296183681915,4,0.02124259037874826,0.06069311536785218,"[[0, 2], [1, 3], [2, 4], [3, 5]]",[],2,1.9746815344850148,0.42373504682718083,0.00024283230762094958,0.20031882870856532,0.004362419718096806,0.2049240807342831,0.0008378260404217914,0.0001367866814782632,0.002828780334827057,0.00029018715397510666,False
grid_growth_rate=0_contact_stiffness=5_diameter=0.35_bending_stiffness=0.1,0.004,4,7,1.9772318589307387,1.9742317023238547,0.537642025096596,0.4787210628649027,0.6374660684731555,1.612002164937795,1.5045388115482783,0,1.2732395447351628,1.3152037876883402,4,0.021028093832268502,0.06008026809219572,"[[0, 2], [1, 3], [2, 4], [3, 5]]",[],2,0.9871158511619273,0.4325508284024377,0.0003482004330059366,0.19969315086079475,0.004309293374986696,0.20435064466878738,0.0009065359621052362,0.0003330998966095335,0.0037353162969322932,0.0006232870505846401,False
grid_growth_rate=0_contact_stiffness=5_diameter=0.35_bending_stiffness=0.1,0.005,5,7,1.9772318589307387,1.9737955099257625,0.5374021870312032,0.47845891930799395,0.6379747206288735,1.614798370517258,1.5012952286623287,0,1.2732395447351628,1.3145815793533175,4,0.021932061703221706,0.06266303343777631,"[[0, 2], [1, 3], [2, 4], [3, 5]]",[],2,1.9737955099257625,0.4424834958334515,0.0006880422634376308,0.19880027648282933,0.00448445597695612,0.2039727747232231,0.0012666210507867438,0.0008887511052224474,0.005001937347719037,0.0015120381558070876,False
grid_growth_rate=0_contact_stiffness=5_diameter=0.35_bending_stiffness=0.1,0.0055,6,7,1.9772318589307387,1.9737110344097368,0.5373759159433698,0.47837648095044666,0.6380732859457978,1.6223426550250295,1.50075014703577,0,1.2732395447351628,1.3153082766652207,4,0.02099840384002588,0.059995439542931094,"[[0, 2], [1, 3], [2, 4], [3, 5]]",[],2,1.9737110344097368,0.42234431115815824,0.0003603042153999601,0.19866203330769333,0.004367578023220691,0.20338991554631397,0.0011926935904173147,0.0006098344135081974,0.006194630938136352,0.002121872569315285,False
grid_growth_rate=0_contact_stiffness=5_diameter=0.35_bending_stiffness=0.1,0.0065,7,7,1.9772318589307387,1.9734349305888785,0.537190104341594,0.4781570020925336,0.6385809642503076,1.6263648918547624,1.4981253972950366,0,1.2732395447351628,1.314748563688216,4,0.02160332629561318,0.06172378941603766,"[[0, 2], [1, 3], [2, 4], [3, 5]]",[],2,1.9734349305888785,0.44215474372338465,0.0005028420931920856,0.19795223649490593,0.004467038885006782,0.2029221174731048,0.0007447360313023125,0.0002769379580931323,0.0069393669694386645,0.002398810527408417,False
grid_growth_rate=0_contact_stiffness=5_diameter=0.35_bending_stiffness=0.1,0.0075,8,7,1.9772318589307387,1.9733194194476331,0.5371120796814508,0.47799386349904055,0.6389230418073392,1.6370723475644495,1.4967198524310381,0,1.2732395447351628,1.3140212106682636,4,0.021331200494889013,0.060946287128254326,"[[0, 2], [1, 3], [2, 4], [3, 5]]",[],2,1.9733194194476331,0.4288354287681523,0.0006679790946169925,0.19759182826708183,0.004345895333474924,0.20260570269517375,0.0010683595861088878,0.0007519448081778478,0.008007726555547552,0.0031507553355862652,False
grid_growth_rate=0_contact_stiffness=5_diameter=0.35_bending_stiffness=0.1,0.008,9,7,1.9772318589307387,1.9732067358137615,0.5369996396289501,0.4778846828501471,0.6392677277694649,1.6361024996097535,1.4951967311410777,0,1.2732395447351628,1.3148279921412664,4,0.021425365777661964,0.0612153307933199,"[[0, 2], [1, 3], [2, 4], [3, 5]]",[],2,1.9732067358137615,0.4477464243134483,0.00046741044024738566,0.19717971147290062,0.004460642716382597,0.20210776462953062,0.00101604843072869,0.0005181103650855568,0.009023774986276243,0.003668865700671822,False
grid_growth_rate=0_contact_stiffness=5_diameter=0.35_bending_stiffness=0.1,0.009000000000000001,10,7,1.9772318589307387,1.973134845685262,0.5369109483662449,0.4777274815597052,0.6396958852868488,1.6440579810097737,1.4936746895047999,0,1.2732395447351628,1.3145953571157234,4,0.02118752397982987,0.06053578279951392,"[[0, 2], [1, 3], [2, 4], [3, 5]]",[],2,1.973134845685262,0.4448920550723562,0.000518713808023991,0.1967895359170418,0.004393273372072754,0.20170152309713854,0.0006416800188050972,0.00023543848641302068,0.00966545500508134,0.0039043041870848428,False
grid_growth_rate=0_contact_stiffness=5_diameter=0.35_bending_stiffness=0.1,0.010000000000000002,11,7,1.9772318589307387,1.973012330267843,0.5367422423839546,0.4775430977728378,0.6403194538592079,1.6448867174522652,1.4913038022740126,0,1.2732395447351628,1.314237614870096,4,0.021922659898867713,0.06263617113962204,"[[0, 2], [1, 3], [2, 4], [3, 5]]",[],2,1.973012330267843,0.4652750871651949,0.0007299531487492996,0.19616199794198438,0.004527420198376686,0.20141937128911036,0.0009250537380009217,0.0006429019299727413,0.010590508743082261,0.004547206117057584,False
grid_growth_rate=0_contact_stiffness=5_diameter=0.35_bending_stiffness=0.1,0.010500000000000002,12,7,1.9772318589307387,1.9730347569732802,0.5367346248298639,0.4774849370900132,0.6404863016423703,1.6506560671163635,1.4909471064578246,0,1.2732395447351628,1.3149113066893836,4,0.02111141259430499,0.06031832169801426,"[[0, 2], [1, 3], [2, 4], [3, 5]]",[],2,1.9730347569732802,0.45736427952792014,0.0004837021662445634,0.19608184985717225,0.004420515478790318,0.20098606750220716,0.000878107247284393,0.0004448034603811877,0.011468615990366655,0.004992009577438772,False
grid_growth_rate=0_contact_stiffness=5_diameter=0.35_bending_stiffness=0.1,0.011500000000000003,13,7,1.9772318589307387,1.9729742517823428,0.5365993098328254,0.47732202498979653,0.641075457025516,1.6527175048005547,1.4889780409683453,0,1.2732395447351628,1.3145609712941035,4,0.02160036588352726,0.06171533109579218,"[[0, 2], [1, 3], [2, 4], [3, 5]]",[],2,1.9729742517823428,0.4705301672335497,0.0005584344605945165,0.195570188216746,0.0044946980811966675,0.20062332075853717,0.0005652563384379336,0.00020250959476794976,0.012033872328804589,0.005194519172206721,False
grid_growth_rate=0_contact_stiffness=5_diameter=0.35_bending_stiffness=0.1,0.012500000000000004,14,7,1.9772318589307387,1.9730096279403233,0.5365515115837848,0.4771980089881753,0.6415035518916233,1.6606685175185698,1.4879426890287828,0,1.2732395447351628,1.3140094552616093,4,0.021349330502262398,0.06099808714932114,"[[0, 2], [1, 3], [2, 4], [3, 5]]",[],2,1.9730096279403233,0.4658997782754696,0.000665544258406238,0.1953214391317914,0.004380201864937371,0.200367185255135,0.0008120115349278575,0.0005558760315256858,0.012845883863732446,0.005750395203732407,False
grid_growth_rate=0_contact_stiffness=5_diameter=0.35_bending_stiffness=0.1,0.013000000000000005,15,7,1.9772318589307387,1.9729700091165758,0.5364605998102698,0.4771115140871988,0.641860079675565,1.659224173662552,1.4867484032544707,0,1.2732395447351628,1.31475951406293,4,0.021417103360411083,0.06119172388688881,"[[0, 2], [1, 3], [2, 4], [3, 5]]",[],2,1.9729700091165758,0.4777093626106328,0.0005011627239275959,0.1950079747348843,0.004476414986326643,0.19998555244513852,0.0007668735136226068,0.00038524070362612743,0.013612757377355053,0.006135635907358534,False
grid_growth_rate=0_contact_stiffness=5_diameter=0.35_bending_stiffness=0.1,0.014000000000000005,16,7,1.9772318589307387,1.9730039399320005,0.5363961776928394,0.4769858225343563,0.6423402574426671,1.6649556385767603,1.4855725843241727,0,1.2732395447351628,1.3146007714779626,4,0.02120506736854605,0.060585906767274426,"[[0, 2], [1, 3], [2, 4], [3, 5]]",[],2,1.9730039399320005,0.478213177663513,0.0005262495839336904,0.1947210754081475,0.004411144903843502,0.1996584698959247,0.0005034157009157031,0.00017633315170188346,0.014116173078270755,0.006311969059060418,False
grid_growth_rate=0_contact_stiffness=5_diameter=0.35_bending_stiffness=0.1,0.015000000000000006,17,7,1.9772318589307387,1.972978475752159,0.5362574855834109,0.4768347885712851,0.6429792361306168,1.6645625790525558,1.4836868597034512,0,1.2732395447351628,1.3143716317243035,4,0.021820730129317956,0.062344943226622734,"[[0, 2], [1, 3], [2, 4], [3, 5]]",[],2,1.972978475752159,0.4924761557911022,0.0006634584891913882,0.19423784913500558,0.0045224630185364875,0.19942377064273345,0.000719535389076317,0.00048483613588506643,0.014835708467347072,0.006796805194945485,False
grid_growth_rate=0_contact_stiffness=5_diameter=0.35_bending_stiffness=0.1,0.016000000000000007,18,7,1.9772318589307387,1.9730743109582423,0.5362515808528712,0.4767363853867406,0.6433545557151154,1.6736827645569252,1.4831261218267033,0,1.2732395447351628,1.3132683747675087,4,0.02155192729440092,0.06157693512685977,"[[0, 2], [1, 3], [2, 4], [3, 5]]",[],2,1.9730743109582423,0.48467770786120906,0.0009563096510925535,0.19412253688903655,0.004341881307352054,0.19942072784748116,0.0013512761725562002,0.0013482333773039109,0.01618698463990327,0.008145038572249396,False
grid_growth_rate=0_contact_stiffness=5_diameter=0.35_bending_stiffness=0.1,0.016500000000000008,19,7,1.9772318589307387,1.973029851167298,0.5361408452827809,0.47664842309030936,0.6437620601008102,1.6698629532590858,1.4818172643946346,0,1.2732395447351628,1.3147083018923444,4,0.021528993366056404,0.061511409617304016,"[[0, 2], [1, 3], [2, 4], [3, 5]]",[],2,1.973029851167298,0.49851343378004925,0.0005196085881008813,0.1937804057111116,0.004488854345308999,0.19878886864452147,0.0015721263602750195,0.0009402671573153303,0.01775911100017829,0.009085305729564726,False
grid_growth_rate=0_contact_stiffness=5_diameter=0.35_bending_stiffness=0.1,0.01750000000000001,20,7,1.9772318589307387,1.973101437865101,0.5361030779121966,0.4765412975235799,0.6442074775211474,1.6759072456753863,1.4809751380916332,0,1.2732395447351628,1.31421457772404,4,0.021318346367266316,0.06090956104933234,"[[0, 2], [1, 3], [2, 4], [3, 5]]",[],2,1.973101437865101,0.4970378819822516,0.0006015328573013949,0.19358749655189142,0.004385222295439279,0.19857425170463208,0.0006423470212075839,0.00042773008131819455,0.01840145802138587,0.009513035810882921,False
grid_growth_rate=0_contact_stiffness=5_diameter=0.35_bending_stiffness=0.1,0.01850000000000001,21,7,1.9772318589307387,1.9730741637254767,0.5359445851180924,0.4763925560364783,0.6448987234383393,1.6725688453809882,1.4790332071665688,0,1.2732395447351628,1.3141069832150847,4,0.02216221033069582,0.0633206009448452,"[[0, 2], [1, 3], [2, 4], [3, 5]]",[],2,1.9730741637254767,0.513342564224734,0.0009104317483269472,0.19309351435519292,0.004560433177690087,0.19856437928120996,0.001201050248932793,0.0011911778255106681,0.019602508270318664,0.01070421363639359,False
grid_growth_rate=0_contact_stiffness=5_diameter=0.35_bending_stiffness=0.1,0.01900000000000001,22,7,1.9772318589307387,1.9731458049203772,0.5359690313523964,0.47635648974570666,0.6450335398685018,1.6784233502482608,1.4790287327376896,0,1.2732395447351628,1.314760313087072,4,0.021186513075127755,0.06053289450036502,"[[0, 2], [1, 3], [2, 4], [3, 5]]",[],2,1.9731458049203772,0.5069940896242426,0.00048256222651240835,0.19311083457174705,0.004409050793772852,0.1980024475920323,0.0013951534725166045,0.0008332217833389574,0.02099766174283527,0.011537435419732546,False
grid_growth_rate=0_contact_stiffness=5_diameter=0.35_bending_stiffness=0.1,0.02,23,7,1.9772318589307387,1.9731503929381873,0.5358465118968663,0.4762240359077871,0.6456516445599766,1.6772483465224832,1.4774702647055646,0,1.2732395447351628,1.3146177243626869,4,0.021709158941206785,0.06202616840344796,"[[0, 2], [1, 3], [2, 4], [3, 5]]",[],2,1.9731503929381873,0.5178972393261929,0.0005772341211577361,0.1927232578676997,0.004505862378865642,0.19780635436772306,0.0005773688987346526,0.0003812756744254065,0.021575030641569924,0.011918711094157953,False
grid_growth_rate=0_contact_stiffness=20_diameter=0.2_bending_stiffness=0.05,0.0,0,7,1.9772318589307387,1.9772318589307387,0.5385934789856612,0.4799822910880073,0.6366197723675813,1.5707963267948981,1.5172727398911934,0,1.2732395447351628,0.0,0,0.0,0.0,[],[],0,,0.0,0.0,0.10163800133790056,0.0,0.10163800133790056,0.0,0.0,0.0,0.0,False
grid_growth_rate=0_contact_stiffness=20_diameter=0.2_bending_stiffness=0.05,0.001,1,7,1.9772318589307387,1.9765358639980897,0.5383982405715647,0.4797585468459249,0.6366197723675813,1.5753516565192884,1.5150542872764325,0,1.2732395447351628,0.0,0,0.0,0.0,[],[],0,1.9765358639980897,0.43629885371082694,3.69057457203764e-05,0.10131885915080682,0.0,0.1013557648965272,0.000321646083039802,3.9409641666442326e-05,0.000321646083039802,3.9409641666442326e-05,False
grid_growth_rate=0_contact_stiffness=20_diameter=0.2_bending_stiffness=0.05,0.002,2,7,1.9772318589307387,1.9760199543735235,0.538260821731873,0.47957769088603625,0.6366240660505664,1.5819274147688782,1.5133961973009822,0,1.2732395447351628,0.0,0,0.0,0.0,[],[],0,0.9880099771867618,0.45576902573450373,4.752345636825034e-05,0.10108226493278559,0.0,0.10112978838915385,0.00030163975061332245,7.566324323996805e-05,0.0006232858336531245,0.00011507288490641038,False
grid_growth_rate=0_contact_stiffness=20_diameter=0.2_bending_stiffness=0.05,0.003,3,7,1.9772318589307387,1.9755705713209337,0.5380995972338662,0.47939783450545786,0.636769022997024,1.5847728618398509,1.5113493514722904,0,1.2732395447351628,0.0,0,0.0,0.0,[],[],0,1.9755705713209337,0.4292695621999742,0.00016890140482979837,0.10079125973979715,0.0,0.10096016114462694,0.0003505766770275945,0.00018094943250069023,0.000973862510680719,0.0002960223174071006,False
grid_growth_rate=0_contact_stiffness=20_diameter=0.2_bending_stiffness=0.05,0.004,4,7,1.9772318589307387,1.9752914654238072,0.5380292634319893,0.47927173842634896,0.6367971942143817,1.5931559778442619,1.510345756040709,0,1.2732395447351628,0.0,0,0.0,0.0,[],[],0,0.9876457327119036,0.46346940695959865,0.0002280761379242401,0.10065138957167599,0.0,0.10087946570960023,0.0005455972133658918,0.00046490177833917706,0.0015194597240466108,0.0007609240957462777,False
grid_growth_rate=0_contact_stiffness=20_diameter=0.2_bending_stiffness=0.05,0.0045000000000000005,5,7,1.9772318589307387,1.9751232875948086,0.5379406778376736,0.4791874628228202,0.6369502549975287,1.5925682999205022,1.5091675704472858,0,1.2732395447351628,0.0,0,0.0,0.0,[],[],0,0.9875616437974043,0.42222880385734773,0.0001469525646807271,0.1004846872756966,0.0,0.10063163984037732,0.0005520102495789988,0.0003041843803560897,0.0020714699736256097,0.0010651084761023675,False
grid_growth_rate=0_contact_stiffness=20_diameter=0.2_bending_stiffness=0.05,0.0055000000000000005,6,7,1.9772318589307387,1.974920582476392,0.5378668350077157,0.47907090918388917,0.6370670353407063,1.5989139854758914,1.5080465159389138,0,1.2732395447351628,0.0,0,0.0,0.0,[],[],0,0.987460291238196,0.44070182003956415,0.00016023324721987648,0.10032937776688199,0.0,0.10048961101410187,0.00026272759257153875,0.00012069876629608553,0.0023341975661971483,0.001185807242398453,False
grid_growth_rate=0_contact_stiffness=20_diameter=0.2_bending_stiffness=0.05,0.006500000000000001,7,7,1.9772318589307387,1.9747045734835447,0.5377415080585525,0.47893649830679724,0.6373307077706502,1.6003711986305695,1.5062787183268254,0,1.2732395447351628,0.0,0,0.0,0.0,[],[],0,1.9747045734835447,0.42754692460775146,0.0003204097003849665,0.10008228540686324,0.0,0.10040269510724821,0.00040013797761179627,0.0003132220707581417,0.0027343355438089446,0.0014990293131565947,False
grid_growth_rate=0_contact_stiffness=20_diameter=0.2_bending_stiffness=0.05,0.007000000000000001,8,7,1.9772318589307387,1.9746685685835,0.5377324517982205,0.47889642162665236,0.6373693561471322,1.604834275315903,1.5060212930741603,0,1.2732395447351628,0.0,0,0.0,0.0,[],[],0,0.98733428429175,0.42998492573390773,0.00016919919490459315,0.10004865158550766,0.0,0.10021785078041225,0.00039058742674457524,0.00020574309990861072,0.00312492297055352,0.0017047724130652053,False
grid_growth_rate=0_contact_stiffness=20_diameter=0.2_bending_stiffness=0.05,0.008,9,7,1.9772318589307387,1.9745287056759608,0.5376365256789424,0.4787826738519831,0.6376190955383878,1.6074674179772468,1.5045804339923012,0,1.2732395447351628,0.0,0,0.0,0.0,[],[],0,1.9745287056759608,0.4222249597573903,0.00023663592825521208,0.09984950279056469,0.0,0.1000861387188199,0.00021320284035188127,8.149077875953289e-05,0.0033381258109054014,0.0017862631918247381,False
grid_growth_rate=0_contact_stiffness=20_diameter=0.2_bending_stiffness=0.05,0.009000000000000001,10,7,1.9772318589307387,1.9744700745886146,0.5375969704542756,0.4786979952471181,0.6377785444437419,1.6138413938477751,1.503791263400802,0,1.2732395447351628,0.0,0,0.0,0.0,[],[],0,0.9872350372943073,0.42980545232187095,0.00024699154270484044,0.09974413135376907,0.0,0.09999112289647391,0.0003076678632594621,0.00021265204091347527,0.0036457936741648633,0.0019989152327382132,False
grid_growth_rate=0_contact_stiffness=20_diameter=0.2_bending_stiffness=0.05,0.010000000000000002,11,7,1.9772318589307387,1.9743494216703223,0.5374793749942035,0.47858153459727415,0.6381156919087485,1.613737092846884,1.5020886268520324,0,1.2732395447351628,0.0,0,0.0,0.0,[],[],0,1.9743494216703223,0.4359120250662762,0.00047422196955973305,0.0995089475724273,0.0,0.09998316954198704,0.000567225873633,0.0005592725191461246,0.004213019547797864,0.0025581877518843377,False
grid_growth_rate=0_contact_stiffness=20_diameter=0.2_bending_stiffness=0.05,0.010500000000000002,12,7,1.9772318589307387,1.9743665303385587,0.5374895971736354,0.4785551158217091,0.6381524534711442,1.6187341182147934,1.5020341697353592,0,1.2732395447351628,0.0,0,0.0,0.0,[],[],0,0.9871832651692793,0.4196042479761173,0.00021638038120094373,0.09950515234923285,0.0,0.0997215327304338,0.0006306953927822796,0.00036905858122904267,0.004843714940580143,0.0029272463331133803,False
grid_growth_rate=0_contact_stiffness=20_diameter=0.2_bending_stiffness=0.05,0.011500000000000003,13,7,1.9772318589307387,1.9742968777849121,0.5374021432875364,0.4784558057745743,0.6384505566171859,1.6203171634674136,1.5006856404138762,0,1.2732395447351628,0.0,0,0.0,0.0,[],[],0,1.9742968777849121,0.43242723707857056,0.00029966440608070996,0.09932129712068177,0.0,0.09962096152676249,0.0002458157070227268,0.00014524450335141713,0.00508953064760287,0.0030724908364647974,False
grid_growth_rate=0_contact_stiffness=20_diameter=0.2_bending_stiffness=0.05,0.012500000000000004,14,7,1.9772318589307387,1.9743094220740958,0.5373861230374767,0.47838943014717644,0.6386168092622594,1.6270153048640559,1.5001553698236603,0,1.2732395447351628,0.0,0,0.0,0.0,[],[],0,0.9871547110370479,0.4190918468117645,0.00032618414330355964,0.09925443981385212,0.0,0.09958062395715568,0.00042288658469192625,0.0003825490150851187,0.005512417232294796,0.003455039851549916,False
grid_growth_rate=0_contact_stiffness=20_diameter=0.2_bending_stiffness=0.05,0.013000000000000005,15,7,1.9772318589307387,1.974264141722539,0.5373232262410321,0.47833344736797734,0.6388146782051374,1.6259992610264757,1.499269379100162,0,1.2732395447351628,0.0,0,0.0,0.0,[],[],0,1.974264141722539,0.4335881177826293,0.000251631145069331,0.09913273597287832,0.0,0.09938436711794765,0.0004487383290620272,0.00025248148985399893,0.005961155561356823,0.003707521341403915,False
grid_growth_rate=0_contact_stiffness=20_diameter=0.2_bending_stiffness=0.05,0.014000000000000005,16,7,1.9772318589307387,1.9742696322296986,0.5372895567591208,0.47826162625904206,0.6390302553858516,1.6308916876410562,1.4985433010179585,0,1.2732395447351628,0.0,0,0.0,0.0,[],[],0,1.9742696322296986,0.4290362928854025,0.00024291388633841882,0.09903853880751663,0.0,0.09928145269385505,0.00020268192122888977,9.97674971362859e-05,0.006163837482585713,0.003807288838540201,False
grid_growth_rate=0_contact_stiffness=20_diameter=0.2_bending_stiffness=0.05,0.015000000000000006,17,7,1.9772318589307387,1.974225541738399,0.5372003828267572,0.47816762032055793,0.6393637878550016,1.6313046531018116,1.4972043870862362,0,1.2732395447351628,0.0,0,0.0,0.0,[],[],0,1.974225541738399,0.4440967323884784,0.0003627008443433978,0.09885767138142065,0.0,0.09922037222576405,0.00032368215396905403,0.0002626016858780525,0.006487519636554767,0.004069890524418253,False
grid_growth_rate=0_contact_stiffness=20_diameter=0.2_bending_stiffness=0.05,0.015500000000000007,18,7,1.9772318589307387,1.974252014032282,0.5372030383802062,0.47814105182554595,0.6394390458268718,1.6349800543218032,1.4970628732108529,0,1.2732395447351628,0.0,0,0.0,0.0,[],[],0,1.974252014032282,0.43643039955794294,0.00022706338633441745,0.09884224368344689,0.0,0.09906930706978131,0.00032459024378178586,0.00017352508779905335,0.006812109880336553,0.004243415612217307,False
grid_growth_rate=0_contact_stiffness=20_diameter=0.2_bending_stiffness=0.05,0.016500000000000008,19,7,1.9772318589307387,1.9742329847665956,0.5371331203477653,0.47805692774272696,0.6397421752628903,1.6365186307989,1.4959538800310332,0,1.2732395447351628,0.0,0,0.0,0.0,[],[],0,1.9742329847665956,0.4452332286673976,0.000271752008547229,0.09869454369662055,0.0,0.09896629570516778,0.00017187010504902782,6.885874043549393e-05,0.006983979985385581,0.004312274352652801,False
grid_growth_rate=0_contact_stiffness=20_diameter=0.2_bending_stiffness=0.05,0.01750000000000001,20,7,1.9772318589307387,1.974264343202162,0.5371120223459568,0.47799391753750997,0.6399526342427061,1.6415637601913176,1.495388520286629,0,1.2732395447351628,0.0,0,0.0,0.0,[],[],0,1.974264343202162,0.4399127936276068,0.0002687647550479781,0.09862415108390436,0.0,0.09889291583895234,0.00025469252726802757,0.00018131266105258256,0.007238672512653609,0.0044935870137053835,False
grid_growth_rate=0_contact_stiffness=20_diameter=0.2_bending_stiffness=0.05,0.01800000000000001,21,7,1.9772318589307387,1.9742436196029607,0.537063035561653,0.47794706454765945,0.6401359420947379,1.6410670619975984,1.4946912971722353,0,1.2732395447351628,0.0,0,0.0,0.0,[],[],0,1.9742436196029607,0.44840135825602206,0.00024295380181345582,0.09853033606181048,0.0,0.09877328986362394,0.0002394326163867794,0.00011980664105837983,0.007478105129040388,0.0046133936547637635,False
grid_growth_rate=0_contact_stiffness=20_diameter=0.2_bending_stiffness=0.05,0.01900000000000001,22,7,1.9772318589307387,1.9742651157766165,0.5370288971281446,0.47787981473488983,0.6403776312130884,1.644842629391718,1.4939953781151578,0,1.2732395447351628,0.0,0,0.0,0.0,[],[],0,1.9742651157766165,0.44758600797619724,0.00023007009848779826,0.09844181114406414,0.0,0.09867188124255194,0.00014924087013399074,4.783224906199408e-05,0.007627345999174379,0.004661225903825758,False
grid_growth_rate=0_contact_stiffness=20_diameter=0.2_bending_stiffness=0.05,0.02,23,7,1.9772318589307387,1.974250642226766,0.5369556526297479,0.47779749652075215,0.6406994518389325,1.6454945364347373,1.4928898728141535,0,1.2732395447351628,0.0,0,0.0,0.0,[],[],0,1.974250642226766,0.45716453921514516,0.00029584878874360177,0.0982956949665752,0.0,0.0985915437553188,0.0002060673812548046,0.0001257298940216621,0.007833413380429184,0.00478695579784742,False
grid_growth_rate=0_contact_stiffness=20_diameter=0.2_bending_stiffness=0.1,0.0,0,7,1.9772318589307387,1.9772318589307387,0.5385934789856612,0.4799822910880073,0.6366197723675813,1.5707963267948981,1.5172727398911934,0,1.2732395447351628,0.0,0,0.0,0.0,[],[],0,,0.0,0.0,0.20327600267580112,0.0,0.20327600267580112,0.0,0.0,0.0,0.0,False
grid_growth_rate=0_contact_stiffness=20_diameter=0.2_bending_stiffness=0.1,0.001,1,7,1.9772318589307387,1.9758450593776082,0.5382031854506127,0.4795352458868058,0.6366197723675813,1.579920044839605,1.5128560714274064,0,1.2732395447351628,0.0,0,0.0,0.0,[],[],0,1.9758450593776082,0.4362354841411908,0.00014715369589861954,0.2020094882509086,0.0,0.20215664194680721,0.001286584332159208,0.00016722360316530132,0.001286584332159208,0.00016722360316530132,False
grid_growth_rate=0_contact_stiffness=20_diameter=0.2_bending_stiffness=0.1,0.002,2,7,1.9772318589307387,1.9748330946217252,0.5379317078491407,0.4791788621029019,0.6366369561095387,1.5925238656392444,1.5096516217401033,0,1.2732395447351628,0.0,0,0.0,0.0,[],[],0,0.9874165473108626,0.45143145817768887,0.00018827533910324135,0.20110525153572562,0.0,0.20129352687482885,0.0011742434390766153,0.00031112836709824994,0.002460827771235823,0.00047835197026355127,False
grid_growth_rate=0_contact_stiffness=20_diameter=0.2_bending_stiffness=0.1,0.003,3,7,1.9772318589307387,1.973963438072834,0.5376142963661394,0.4788283356477278,0.6369498089306626,1.5971372452097043,1.505746821558177,0,1.2732395447351628,0.0,0,0.0,0.0,[],[],0,1.973963438072834,0.4393805401198878,0.0006679727443972015,0.20001044193114267,0.0,0.20067841467553987,0.0013519347506920827,0.0007368225514031075,0.0038127625219279058,0.0012151745216666587,False
grid_growth_rate=0_contact_stiffness=20_diameter=0.2_bending_stiffness=0.1,0.004,4,7,1.9772318589307387,1.9734382911361457,0.5374831550740187,0.47858668281012534,0.6370273411773887,1.612623419101112,1.503965333485474,0,1.2732395447351628,0.0,0,0.0,0.0,[],[],0,0.9867191455680728,0.4501423739647215,0.0009108762166759137,0.1995306752958708,0.0,0.2004415515125467,0.002131420190689609,0.0018945570276964305,0.005944182712617515,0.003109731549363089,False
grid_growth_rate=0_contact_stiffness=20_diameter=0.2_bending_stiffness=0.1,0.0045000000000000005,5,7,1.9772318589307387,1.9731192061649465,0.5373086374970338,0.4784255699229233,0.6373526461725703,1.610427279669765,1.5017576461373083,0,1.2732395447351628,0.0,0,0.0,0.0,[],[],0,1.9731192061649465,0.43254196397023326,0.0005660717909918811,0.19891630391703824,0.0,0.19948237570803012,0.0022030068075918233,0.0012438310030752522,0.008147189520209338,0.004353562552438342,False
grid_growth_rate=0_contact_stiffness=20_diameter=0.2_bending_stiffness=0.1,0.0055000000000000005,6,7,1.9772318589307387,1.9727493073617275,0.5371721533874232,0.4782060665623669,0.6376144188992438,1.6213497895524975,1.4998071708775367,0,1.2732395447351628,0.0,0,0.0,0.0,[],[],0,0.9863746536808637,0.42020058598334903,0.0006162003043342905,0.198395602892189,0.0,0.19901180319652328,0.0009723194811238876,0.0005017469696170483,0.009119509001333227,0.00485530952205539,False
grid_growth_rate=0_contact_stiffness=20_diameter=0.2_bending_stiffness=0.1,0.006500000000000001,7,7,1.9772318589307387,1.972353661648945,0.5369293357399307,0.4779537888760931,0.6381800950819062,1.622012215660341,1.4966196231852957,0,1.2732395447351628,0.0,0,0.0,0.0,[],[],0,1.972353661648945,0.4533824720600846,0.001252087625698145,0.197527448364805,0.0,0.19877953599050313,0.0015377214179840518,0.0013054542119638982,0.010657230419317279,0.006160763734019288,False
grid_growth_rate=0_contact_stiffness=20_diameter=0.2_bending_stiffness=0.1,0.007000000000000001,8,7,1.9772318589307387,1.972297745203681,0.5369193482156744,0.4778811623281637,0.6382684235102601,1.6299091878016903,1.4962670951556372,0,1.2732395447351628,0.0,0,0.0,0.0,[],[],0,1.972297745203681,0.4345820826515287,0.0006303117978961702,0.19744633691378005,0.0,0.1980766487116762,0.0015649508577768847,0.0008620635789499656,0.012222181277094164,0.0070228273129692535,False
grid_growth_rate=0_contact_stiffness=20_diameter=0.2_bending_stiffness=0.1,0.008,9,7,1.9772318589307387,1.972052060398179,0.5367371292369675,0.47767147146231254,0.638803891212117,1.6326595062934022,1.4937632607174627,0,1.2732395447351628,0.0,0,0.0,0.0,[],[],0,1.972052060398179,0.45349721360490086,0.0008903629447912941,0.196777206346273,0.0,0.1976675692910643,0.0007571789373187846,0.00034809951670687156,0.012979360214412948,0.007370926829676125,False
grid_growth_rate=0_contact_stiffness=20_diameter=0.2_bending_stiffness=0.1,0.009000000000000001,10,7,1.9772318589307387,1.971965976625173,0.5366738239785388,0.47751955834281884,0.6391465335288691,1.643079944501564,1.4925596477333143,0,1.2732395447351628,0.0,0,0.0,0.0,[],[],0,1.971965976625173,0.4415329933228726,0.0009439307637453271,0.196477888255664,0.0,0.19742181901940933,0.0011582105929323864,0.000912460321277421,0.014137570807345335,0.008283387150953546,False
grid_growth_rate=0_contact_stiffness=20_diameter=0.2_bending_stiffness=0.1,0.009500000000000001,11,7,1.9772318589307387,1.97185986852801,0.5365593571107948,0.477413385197364,0.6395038410216148,1.6413764345990574,1.491068522584346,0,1.2732395447351628,0.0,0,0.0,0.0,[],[],0,1.97185986852801,0.4591259681908379,0.000809365736178939,0.19607766511219538,0.0,0.1968870308483743,0.001138466536402278,0.0006036783653672502,0.015276037343747613,0.008887065516320796,False
grid_growth_rate=0_contact_stiffness=20_diameter=0.2_bending_stiffness=0.1,0.010500000000000002,12,7,1.9772318589307387,1.971803369069446,0.5364776538768204,0.4772635935841456,0.6399375044047463,1.6486972262972799,1.4896728683845228,0,1.2732395447351628,0.0,0,0.0,0.0,[],[],0,1.971803369069446,0.4571800956330975,0.0007891021539390864,0.19572639288748453,0.0,0.19651549504142363,0.0006168017942422051,0.00024526598729152603,0.01589283913798982,0.009132331503612322,False
grid_growth_rate=0_contact_stiffness=20_diameter=0.2_bending_stiffness=0.1,0.011500000000000003,13,7,1.9772318589307387,1.9716933292113024,0.5363124996047108,0.4770863795363927,0.6405652750304416,1.648805557511466,1.4874259218740045,0,1.2732395447351628,0.0,0,0.0,0.0,[],[],0,1.9716933292113024,0.4756636311652227,0.0011215483618142045,0.19513778854243494,0.0,0.19625933690424915,0.0008999592838683758,0.0006438011466939033,0.016792798421858195,0.009776132650306225,False
grid_growth_rate=0_contact_stiffness=20_diameter=0.2_bending_stiffness=0.1,0.012000000000000004,14,7,1.9772318589307387,1.9717175363365658,0.5363069032687062,0.4770302612175089,0.6407343940836954,1.6542376500551659,1.4871032523076735,0,1.2732395447351628,0.0,0,0.0,0.0,[],[],0,1.9717175363365658,0.4691419877178818,0.0007734167871803474,0.1950679070780555,0.0,0.19584132386523584,0.0008451732526451835,0.00042716021363186827,0.01763797167450338,0.010203292863938094,False
grid_growth_rate=0_contact_stiffness=20_diameter=0.2_bending_stiffness=0.1,0.013000000000000005,15,7,1.9772318589307387,1.9716662802526808,0.5361770790153351,0.4768740990135405,0.6413192672752638,1.6558505692474463,1.485263892824729,0,1.2732395447351628,0.0,0,0.0,0.0,[],[],0,1.9716662802526808,0.4808754551640145,0.0009034422871639296,0.1945956201005553,0.0,0.19549906238771925,0.000517074062177028,0.00017481258466043583,0.018155045736680406,0.01037810544859853,False
grid_growth_rate=0_contact_stiffness=20_diameter=0.2_bending_stiffness=0.1,0.014000000000000005,16,7,1.9772318589307387,1.9717001430284444,0.5361289054309677,0.4767527903754455,0.6417546355245249,1.662939125333314,1.4842647414673016,0,1.2732395447351628,0.0,0,0.0,0.0,[],[],0,1.9717001430284444,0.477963815158378,0.0008832445786752059,0.19435842105837178,0.0,0.19524166563704698,0.0007171107113076337,0.00045971396063536633,0.01887215644798804,0.010837819409233897,False
grid_growth_rate=0_contact_stiffness=20_diameter=0.2_bending_stiffness=0.1,0.015000000000000006,17,7,1.9772318589307387,1.9716369507471743,0.5359584520028594,0.47658918266737416,0.6424451126652455,1.6603068109494976,1.4820909922520051,0,1.2732395447351628,0.0,0,0.0,0.0,[],[],0,1.9716369507471743,0.4970864037230979,0.0013864712002521309,0.19379612862138726,0.0,0.19518259982163938,0.0012801745270404155,0.0012211087116328159,0.020152330975028457,0.012058928120866712,False
grid_growth_rate=0_contact_stiffness=20_diameter=0.2_bending_stiffness=0.1,0.015500000000000007,18,7,1.9772318589307387,1.971698627366426,0.5359781001841638,0.4765477019852998,0.6425837054031984,1.6665291819031165,1.4820302986839744,0,1.2732395447351628,0.0,0,0.0,0.0,[],[],0,1.971698627366426,0.4893857208908832,0.0007922199348577762,0.1937990718515416,0.0,0.1945912917863994,0.001406343977199798,0.0008150359419598079,0.021558674952228254,0.01287396406282652,False
grid_growth_rate=0_contact_stiffness=20_diameter=0.2_bending_stiffness=0.1,0.016500000000000008,19,7,1.9772318589307387,1.9716823668522803,0.5358497129157602,0.4764044805737048,0.643199925219385,1.666280491337842,1.4803162348487484,0,1.2732395447351628,0.0,0,0.0,0.0,[],[],0,1.9716823668522803,0.5013097752524577,0.0009733427832606693,0.19336574635670534,0.0,0.194339089139966,0.000584440599350548,0.00033223795291716205,0.0221431155515788,0.013206202015743683,False
grid_growth_rate=0_contact_stiffness=20_diameter=0.2_bending_stiffness=0.1,0.01750000000000001,20,7,1.9772318589307387,1.9717627749394309,0.5358320550483328,0.47630367899278364,0.6435992498564233,1.6738589790275178,1.4796685153594074,0,1.2732395447351628,0.0,0,0.0,0.0,[],[],0,1.9717627749394309,0.49670885891957217,0.001006848165665729,0.19322662665915835,0.0,0.1942334748248241,0.0009897737819208811,0.0008841594667789647,0.023132889333499683,0.014090361482522648,False
grid_growth_rate=0_contact_stiffness=20_diameter=0.2_bending_stiffness=0.1,0.01800000000000001,21,7,1.9772318589307387,1.971731900300728,0.5357357229117449,0.47622335746700545,0.6439746128790752,1.6708865642870936,1.4785434252820002,0,1.2732395447351628,0.0,0,0.0,0.0,[],[],0,1.971731900300728,0.5074168815576492,0.0008377148170268131,0.19293693321573532,0.0,0.19377464803276215,0.0010495437387094719,0.0005907169466475325,0.024182433072209155,0.01468107842917018,False
grid_growth_rate=0_contact_stiffness=20_diameter=0.2_bending_stiffness=0.1,0.01900000000000001,22,7,1.9772318589307387,1.971792019621637,0.5356895061979096,0.47611551583935446,0.6444343591950336,1.6757290549429553,1.4776582256636963,0,1.2732395447351628,0.0,0,0.0,0.0,[],[],0,1.971792019621637,0.5077864857812524,0.0007996239624216834,0.1927328043008835,0.0,0.1935324282633052,0.0004847350973994478,0.00024251532794248947,0.0246671681696086,0.01492359375711267,False
grid_growth_rate=0_contact_stiffness=20_diameter=0.2_bending_stiffness=0.1,0.02,23,7,1.9772318589307387,1.9717819385900772,0.5355525594620043,0.47597824215672346,0.6450756326188979,1.6735077621139596,1.4759838225371162,0,1.2732395447351628,0.0,0,0.0,0.0,[],[],0,1.9717819385900772,0.5203817467575115,0.001085035204208432,0.1923142173821521,0.0,0.19339925258636054,0.0007786735233126107,0.0006454978463679583,0.02544584169292121,0.015569091603480628,False
grid_growth_rate=0_contact_stiffness=20_diameter=0.35_bending_stiffness=0.05,0.0,0,7,1.9772318589307387,1.9772318589307387,0.5385934789856612,0.4799822910880073,0.6366197723675813,1.5707963267948981,1.5172727398911934,0,1.2732395447351628,1.318154572620492,4,0.020461356844877043,0.05846101955679155,"[[0, 2], [1, 3], [2, 4], [3, 5]]",[],2,,0.0,0.0,0.10163800133790056,0.01674668495733564,0.1183846862952362,0.0,0.0,0.0,0.0,False
grid_growth_rate=0_contact_stiffness=20_diameter=0.35_bending_stiffness=0.05,0.001,1,7,1.9772318589307387,1.9778688122788461,0.5388327416157801,0.47998845047448224,0.6372625848510447,1.5850210498769308,1.5170419195518048,0,1.2732395447351628,1.3166691869527134,4,0.020128612618576958,0.05751032176736274,"[[0, 2], [1, 3], [2, 4], [3, 5]]",[],2,0.9889344061394231,0.4795131126394235,0.0007262772864021936,0.1016059708309423,0.015630566293137044,0.11796281441048154,0.001174759403651316,0.0007528875188966533,0.001174759403651316,0.0007528875188966533,False
grid_growth_rate=0_contact_stiffness=20_diameter=0.35_bending_stiffness=0.05,0.0015,2,7,1.9772318589307387,1.9779549754939199,0.5387900617190333,0.4799518251364661,0.6375037854441383,1.5849039841348849,1.5161125500495736,0,1.2732395447351628,1.3173497067260356,4,0.020199029055341045,0.057711511586688705,"[[0, 2], [1, 3], [2, 4], [3, 5]]",[],2,1.9779549754939199,0.4467811786722211,0.0003321022668358975,0.10147272702031407,0.01591973973982343,0.1177245690269734,0.0005565193590722589,0.00031827397556411896,0.001731278762723575,0.0010711614944607724,False
grid_growth_rate=0_contact_stiffness=20_diameter=0.35_bending_stiffness=0.05,0.0025,3,7,1.9772318589307387,1.9782221569122584,0.5388016123408955,0.4799260093178008,0.6377655557698592,1.5924560032292485,1.5155177428826876,0,1.2732395447351628,1.3172855878665408,4,0.01999382866058924,0.057125224744540695,"[[0, 2], [1, 3], [2, 4], [3, 5]]",[],2,0.9891110784561292,0.46758596637877403,0.0005754884314912723,0.10138922058582793,0.015624821879779864,0.11758953089709906,0.0003256212395275493,0.00019058310965321178,0.002056900002251124,0.001261744604113984,False
grid_growth_rate=0_contact_stiffness=20_diameter=0.35_bending_stiffness=0.05,0.0035,4,7,1.9772318589307387,1.978358386945656,0.5387310444757539,0.47985259504787037,0.6381857561934532,1.5938595079131304,1.5139195278581314,0,1.2732395447351628,1.3171481358691732,4,0.020615463878848383,0.05890132536813824,"[[0, 2], [1, 3], [2, 4], [3, 5]]",[],2,1.978358386945656,0.43606391911302705,0.0003893359419194063,0.10116208019831666,0.016023170126549465,0.11757458626678553,0.0006053282864345977,0.0005903836561210713,0.002662228288685722,0.0018521282602350555,False
grid_growth_rate=0_contact_stiffness=20_diameter=0.35_bending_stiffness=0.05,0.004,5,7,1.9772318589307387,1.9784870985176413,0.5387603081878682,0.47984753258856905,0.6382430615869543,1.5997417120631938,1.5139707109696618,0,1.2732395447351628,1.317719916842015,4,0.0198886745439959,0.056824784411416855,"[[0, 2], [1, 3], [2, 4], [3, 5]]",[],2,0.9892435492588206,0.4593216874010296,0.0005055606495091861,0.1011712412371388,0.015607257670706327,0.11728405955735431,0.0007517247593446819,0.00046119804991346053,0.003413953048030404,0.002313326310148516,False
grid_growth_rate=0_contact_stiffness=20_diameter=0.35_bending_stiffness=0.05,0.005,6,7,1.9772318589307387,1.9785920094172083,0.538696560166456,0.4797736534918492,0.6386158180203955,1.6020355933994017,1.5125515269236138,0,1.2732395447351628,1.3175529443334826,4,0.020352469736947487,0.058149913534135685,"[[0, 2], [1, 3], [2, 4], [3, 5]]",[],2,0.9892960047086041,0.42405930501106376,0.0003465012466477356,0.10097119337999974,0.01587423273561804,0.11719192736226551,0.00036655220684297967,0.0002744200117541787,0.0037805052548733837,0.0025877463219026947,False
grid_growth_rate=0_contact_stiffness=20_diameter=0.35_bending_stiffness=0.05,0.0055,7,7,1.9772318589307387,1.978685055480697,0.5387088465235015,0.47975798053105256,0.6386986273779771,1.6066991639816193,1.5124200812502502,0,1.2732395447351628,1.318027191816444,4,0.019815641158729025,0.05661611759636865,"[[0, 2], [1, 3], [2, 4], [3, 5]]",[],2,0.9893425277403485,0.45248508014502764,0.00046876503571268216,0.10095463962976439,0.015592211147932734,0.1170156158134098,0.0003903978490956218,0.00021408630023991246,0.004170903103969005,0.002801832622142607,False
grid_growth_rate=0_contact_stiffness=20_diameter=0.35_bending_stiffness=0.05,0.0065,8,7,1.9772318589307387,1.9787673493593967,0.538649799495072,0.47968376265001034,0.6390398452446618,1.6095234609202305,1.5111310066021215,0,1.2732395447351628,1.3178411161173489,4,0.020170652265665612,0.05763043504475889,"[[0, 2], [1, 3], [2, 4], [3, 5]]",[],2,0.9893836746796983,0.4316109842517365,0.0003457429055006386,0.1007745204789485,0.015770900499722053,0.1168911638841712,0.0002523457234192061,0.00012789379418060574,0.004423248827388211,0.002929726416323213,False
grid_growth_rate=0_contact_stiffness=20_diameter=0.35_bending_stiffness=0.05,0.0075,9,7,1.9772318589307387,1.978904202916679,0.5386512258709512,0.47963814705616237,0.6392405409935024,1.6171246906513181,1.5106319284912904,0,1.2732395447351628,1.3173848062195477,4,0.01999182999583038,0.05711951427380109,"[[0, 2], [1, 3], [2, 4], [3, 5]]",[],2,0.9894521014583395,0.4589603604714024,0.0007408684325318775,0.10070869864148543,0.015397249484406631,0.11684681655842394,0.0004424474395095944,0.0003981001137623318,0.004865696266897805,0.0033278265300855448,False
grid_growth_rate=0_contact_stiffness=20_diameter=0.35_bending_stiffness=0.05,0.008,10,7,1.9772318589307387,1.9789011826407787,0.5385946014770074,0.479586615437796,0.6394602988270676,1.616417652381392,1.509688303129045,0,1.2732395447351628,1.3180490020230025,4,0.020044460767365047,0.05726988790675728,"[[0, 2], [1, 3], [2, 4], [3, 5]]",[],2,0.9894505913203894,0.4325401301951186,0.0003586727717445734,0.10057625317594478,0.015698366961004323,0.11663329290869368,0.0005246830696356988,0.0003111594199054359,0.005390379336533504,0.003638985949990981,False
grid_growth_rate=0_contact_stiffness=20_diameter=0.35_bending_stiffness=0.05,0.009000000000000001,11,7,1.9772318589307387,1.9790033493556596,0.5385802037963087,0.47953156077458015,0.6396853330139995,1.6227405373916222,1.5090359143412253,0,1.2732395447351628,1.317820358924513,4,0.019882596481709203,0.05680741851916916,"[[0, 2], [1, 3], [2, 4], [3, 5]]",[],2,0.9895016746778298,0.44640581727933276,0.0006068420069666426,0.10048931286948377,0.015440154016430252,0.11653630889288068,0.0002825649639333139,0.0001855809481203158,0.005672944300466818,0.0038245668981112964,False
grid_growth_rate=0_contact_stiffness=20_diameter=0.35_bending_stiffness=0.05,0.009500000000000001,12,7,1.9772318589307387,1.9790056188499572,0.5385337687227203,0.4794847163937639,0.6398792876562145,1.6228042118053971,1.5082426524602721,0,1.2732395447351628,1.3182007752974103,4,0.019956208882363713,0.057017739663896325,"[[0, 2], [1, 3], [2, 4], [3, 5]]",[],2,0.9895028094249786,0.43025510498178626,0.00037435880245791374,0.10037900299970012,0.01564630690383151,0.11639966870598954,0.0002814876405631053,0.0001448474536719704,0.005954431941029924,0.003969414351783267,False
grid_growth_rate=0_contact_stiffness=20_diameter=0.35_bending_stiffness=0.05,0.010500000000000002,13,7,1.9772318589307387,1.9790834004962332,0.5385085630567756,0.4794234591782069,0.6401211369424725,1.6281862518463044,1.5074948998313873,0,1.2732395447351628,1.3181249772940284,4,0.019807195301752012,0.05659198657643432,"[[0, 2], [1, 3], [2, 4], [3, 5]]",[],2,0.9895417002481166,0.43676251071545097,0.0005341111831382133,0.10027920482972597,0.01546772330872315,0.11628103932158733,0.00020550466792156267,8.687528351934918e-05,0.006159936608951486,0.0040562896353026155,False
grid_growth_rate=0_contact_stiffness=20_diameter=0.35_bending_stiffness=0.05,0.011500000000000003,14,7,1.9772318589307387,1.9790951693835739,0.538429743932869,0.4793363258336399,0.6404743010916311,1.6293163030534867,1.5061234907446484,0,1.2732395447351628,1.3179309548331992,4,0.020266913586038604,0.05790546738868173,"[[0, 2], [1, 3], [2, 4], [3, 5]]",[],2,1.9790951693835739,0.4209918614005517,0.0003703407648922603,0.10009060746450388,0.015756046883521172,0.1162169951129173,0.00033436725498069977,0.00027032304631067485,0.006494303863932186,0.004326612681613291,False
grid_growth_rate=0_contact_stiffness=20_diameter=0.35_bending_stiffness=0.05,0.012000000000000004,15,7,1.9772318589307387,1.9791495892974043,0.5384366378610415,0.4793145884093131,0.6405511922637892,1.6334246049297352,1.5060028128647376,0,1.2732395447351628,1.3183399649362588,4,0.019754739897475004,0.05644211399278573,"[[0, 2], [1, 3], [2, 4], [3, 5]]",[],2,0.9895747946487021,0.4287153597494881,0.0004935551749711731,0.10007734483185052,0.01548442268190606,0.11605532268872774,0.000373269560944896,0.00021159713675533595,0.006867573424877082,0.004538209818368627,False
grid_growth_rate=0_contact_stiffness=20_diameter=0.35_bending_stiffness=0.05,0.013000000000000005,16,7,1.9772318589307387,1.9791650082537127,0.538367420636591,0.47923200634016294,0.6408809295225942,1.6351482853880597,1.5047814792449812,0,1.2732395447351628,1.3181423315183303,4,0.020103560664039788,0.0574387447543994,"[[0, 2], [1, 3], [2, 4], [3, 5]]",[],2,1.9791650082537127,0.42275676699144005,0.0003661450626264251,0.09991101231966629,0.01567922167181921,0.11595637905411194,0.0002254868344971084,0.00012654319988129995,0.0070930602593741905,0.0046647530182499265,False
grid_growth_rate=0_contact_stiffness=20_diameter=0.35_bending_stiffness=0.05,0.014000000000000005,17,7,1.9772318589307387,1.9792462463559903,0.5383618667088435,0.4791790049521887,0.6410747708023592,1.641709094624248,1.5043319702720916,0,1.2732395447351628,1.3176148781041983,4,0.019947784305560434,0.05699366944445839,"[[0, 2], [1, 3], [2, 4], [3, 5]]",[],2,0.9896231231779952,0.4276238378413034,0.0007611662624147202,0.09985544099805786,0.015319041485144921,0.1159356487456175,0.0004162870008596178,0.0003955566923651829,0.007509347260233808,0.005060309710615109,False
grid_growth_rate=0_contact_stiffness=20_diameter=0.35_bending_stiffness=0.05,0.014500000000000006,18,7,1.9772318589307387,1.9792228227622035,0.5383020812234186,0.4791262625013731,0.6412917667102405,1.6404859668089307,1.5034441585948923,0,1.2732395447351628,1.318295147344195,4,0.01999032330369549,0.057115209439129976,"[[0, 2], [1, 3], [2, 4], [3, 5]]",[],2,1.9792228227622035,0.42614232524406975,0.0003758148203405524,0.09973304253987852,0.01562549325691448,0.11573435061713355,0.0005112455946563792,0.00030994746617243093,0.008020592854890186,0.00537025717678754,False
grid_growth_rate=0_contact_stiffness=20_diameter=0.35_bending_stiffness=0.05,0.015500000000000007,19,7,1.9772318589307387,1.9792847536149871,0.5382833651238049,0.47906712710094784,0.6415131209916225,1.6458324463650948,1.5028599044451294,0,1.2732395447351628,1.3180056710051957,4,0.019849100372650696,0.05671171535043056,"[[0, 2], [1, 3], [2, 4], [3, 5]]",[],2,1.9792847536149871,0.4197770864042366,0.0006246313308287682,0.09965872641688686,0.01537628292972324,0.11565964067743886,0.0002600878700535509,0.0001853779303588616,0.008280680724943737,0.005555635107146402,False
grid_growth_rate=0_contact_stiffness=20_diameter=0.35_bending_stiffness=0.05,0.016000000000000007,20,7,1.9772318589307387,1.9792720826464576,0.5382349280091316,0.47901988330877204,0.6417059273642262,1.6454083940920916,1.502120719831684,0,1.2732395447351628,1.318407237291304,4,0.019911229020559418,0.056889225773026915,"[[0, 2], [1, 3], [2, 4], [3, 5]]",[],2,1.9792720826464576,0.43043448004247215,0.0003887510921504806,0.09955791554085956,0.015586942467540776,0.11553360910055081,0.00027116387588360885,0.00014513229899555896,0.008551844600827346,0.005700767406141961,False
grid_growth_rate=0_contact_stiffness=20_diameter=0.35_bending_stiffness=0.05,0.017000000000000008,21,7,1.9772318589307387,1.9793205251971426,0.5382072831026548,0.47895685072410354,0.6419460286727682,1.6498726009065094,1.5014525306515298,0,1.2732395447351628,1.31827838571716,4,0.019781099303144367,0.056517426580412485,"[[0, 2], [1, 3], [2, 4], [3, 5]]",[],2,1.9793205251971426,0.4278263810827002,0.000549334746206168,0.09947209345308045,0.01541441227422654,0.11543584047351316,0.0001849864057174983,8.721777867984231e-05,0.008736831006544843,0.0057879851848218035,False
grid_growth_rate=0_contact_stiffness=20_diameter=0.35_bending_stiffness=0.05,0.01800000000000001,22,7,1.9772318589307387,1.9793101391508272,0.5381261322933484,0.4788701029894134,0.6422986400112479,1.6500839832273746,1.500185878956517,0,1.2732395447351628,1.3181010268441085,4,0.02023189799859948,0.05780542285314137,"[[0, 2], [1, 3], [2, 4], [3, 5]]",[],2,1.9793101391508272,0.44219081394627985,0.00038067662470318186,0.0993014640028794,0.01571025877254314,0.11539239940012572,0.000315936339085686,0.00027249526569824583,0.00905276734563053,0.006060480450520049,False
grid_growth_rate=0_contact_stiffness=20_diameter=0.35_bending_stiffness=0.05,0.01850000000000001,23,7,1.9772318589307387,1.9793540660960418,0.5381330755164232,0.47884801612675887,0.6423750722774191,1.6537875583379689,1.5000992146947731,0,1.2732395447351628,1.3184703120875005,4,0.01973392580950495,0.056382645170014144,"[[0, 2], [1, 3], [2, 4], [3, 5]]",[],2,1.9793540660960418,0.4348804783476019,0.0005065831911234191,0.09929391862360144,0.015438960059292725,0.11523946187401758,0.0003667898933280837,0.00021385236721994867,0.009419557238958614,0.006274332817739998,False
grid_growth_rate=0_contact_stiffness=20_diameter=0.35_bending_stiffness=0.05,0.01950000000000001,24,7,1.9772318589307387,1.9793528954032737,0.5380627402933542,0.4787666909324358,0.6427050510194106,1.6546478244543588,1.4989795115143978,0,1.2732395447351628,1.318291911914399,4,0.020073182799062672,0.05735195085446478,"[[0, 2], [1, 3], [2, 4], [3, 5]]",[],2,1.9793528954032737,0.4453236193270786,0.00037522937019620847,0.09914467778922022,0.01563988838773086,0.11515979554714728,0.0002080324569582309,0.00012836613008793016,0.009627589695916844,0.006402698947827928,False
grid_growth_rate=0_contact_stiffness=20_diameter=0.35_bending_stiffness=0.05,0.02,25,7,1.9772318589307387,1.9793855672373375,0.5380603021647522,0.4787405444631678,0.6428015501686412,1.657535764899031,1.4987928190686604,0,1.2732395447351628,1.3186069697529414,4,0.01970117570194485,0.05628907343412815,"[[0, 2], [1, 3], [2, 4], [3, 5]]",[],2,1.9793855672373375,0.44131011988069063,0.0004814693887350605,0.09912306644658996,0.015454318557012056,0.11505885439233707,0.00020155677666471042,0.00010061562185449693,0.009829146472581554,0.006503314569682425,False
grid_growth_rate=0_contact_stiffness=20_diameter=0.35_bending_stiffness=0.1,0.0,0,7,1.9772318589307387,1.9772318589307387,0.5385934789856612,0.4799822910880073,0.6366197723675813,1.5707963267948981,1.5172727398911934,0,1.2732395447351628,1.318154572620492,4,0.020461356844877043,0.05846101955679155,"[[0, 2], [1, 3], [2, 4], [3, 5]]",[],2,,0.0,0.0,0.20327600267580112,0.01674668495733564,0.22002268763313676,0.0,0.0,0.0,0.0,False
grid_growth_rate=0_contact_stiffness=20_diameter=0.35_bending_stiffness=0.1,0.001,1,7,1.9772318589307387,1.9771776453579608,0.5386376137564225,0.47976472988292074,0.6372625848510447,1.589566187457797,1.5148433018303729,0,1.2732395447351628,1.3166710031518551,4,0.020128612618576958,0.05751032176736274,"[[0, 2], [1, 3], [2, 4], [3, 5]]",[],2,0.9885888226789804,0.4443379645384997,0.0005389643410546233,0.20258336639320496,0.01590184746815733,0.21902417820241693,0.0015679355294659838,0.0005694260987461543,0.0015679355294659838,0.0005694260987461543,False
grid_growth_rate=0_contact_stiffness=20_diameter=0.35_bending_stiffness=0.1,0.002,2,7,1.9772318589307387,1.976861951257212,0.5384203778730301,0.4795178831505517,0.6377621867206853,1.5955102395074534,1.5114729682592574,0,1.2732395447351628,1.315995630328478,4,0.02100353653415815,0.06001010438330901,"[[0, 2], [1, 3], [2, 4], [3, 5]]",[],2,1.976861951257212,0.44751008439549805,0.0004196175987850721,0.20162902093489096,0.01648019512709853,0.21852883366077455,0.0012095329486028058,0.0007141884069604273,0.0027774684780687894,0.0012836145057065816,False
grid_growth_rate=0_contact_stiffness=20_diameter=0.35_bending_stiffness=0.1,0.003,3,7,1.9772318589307387,1.9767986608094232,0.5383715507416026,0.479364080977865,0.6379817575278656,1.612458328159938,1.5101768105214666,0,1.2732395447351628,1.3145435445247111,4,0.020702432173197893,0.05914980620913684,"[[0, 2], [1, 3], [2, 4], [3, 5]]",[],2,0.9883993304047116,0.47490541185619745,0.0015264481912367228,0.20127845639895953,0.0156951951911202,0.21850009978131646,0.0022449463172221165,0.0022162124377640238,0.005022414795290905,0.0034998269434706056,False
grid_growth_rate=0_contact_stiffness=20_diameter=0.35_bending_stiffness=0.1,0.0035,4,7,1.9772318589307387,1.9766425789342068,0.5382203636069568,0.479227883472691,0.6383985767444587,1.6100367866883998,1.507956460710492,0,1.2732395447351628,1.3161197379774023,4,0.020793205419102068,0.059409158340291625,"[[0, 2], [1, 3], [2, 4], [3, 5]]",[],2,1.9766425789342068,0.4279178465157067,0.00033456927297121584,0.20065393218450106,0.01643937826262831,0.21742787972010058,0.002806506826742669,0.0017342867655267906,0.007828921622033575,0.005234113708997396,False
grid_growth_rate=0_contact_stiffness=20_diameter=0.35_bending_stiffness=0.1,0.0045000000000000005,5,7,1.9772318589307387,1.9766231193375494,0.5381587208057714,0.47907740686415123,0.638730816333523,1.6234926214149676,1.5065081200822865,0,1.2732395447351628,1.3152800485897442,4,0.020511537344305275,0.05860439241230079,"[[0, 2], [1, 3], [2, 4], [3, 5]]",[],2,0.9883115596687747,0.444154233205173,0.0009740763520295306,0.20026785556091503,0.015886254180582444,0.21712818609352702,0.0013435301840694588,0.0010438365574958982,0.009172451806103033,0.006277950266493294,False
grid_growth_rate=0_contact_stiffness=20_diameter=0.35_bending_stiffness=0.1,0.005000000000000001,6,7,1.9772318589307387,1.9765287462779866,0.5380404646981107,0.478962970778884,0.6391069539235974,1.62268463507792,1.5047337101622287,0,1.2732395447351628,1.3162325244898574,4,0.02064290586256995,0.05897973103591415,"[[0, 2], [1, 3], [2, 4], [3, 5]]",[],2,1.9765287462779866,0.4272946593061923,0.00030709367217621983,0.1997757887399032,0.016404541270505658,0.21648742368258508,0.0014564905933197466,0.0008157281823778103,0.01062894239942278,0.007093678448871104,False
grid_growth_rate=0_contact_stiffness=20_diameter=0.35_bending_stiffness=0.1,0.006000000000000001,7,7,1.9772318589307387,1.9765380659921428,0.5379702657148603,0.4788161089810408,0.6395162390780617,1.6335374740791881,1.5032124695220417,0,1.2732395447351628,1.3158047358729696,4,0.020379250636239132,0.058226430389254666,"[[0, 2], [1, 3], [2, 4], [3, 5]]",[],2,0.9882690329960714,0.4248138713568952,0.0006895921166534863,0.19937499026212832,0.016015633947542136,0.21608021632632393,0.0009019293299341819,0.0004947219736730296,0.011530871729356962,0.007588400422544134,False
grid_growth_rate=0_contact_stiffness=20_diameter=0.35_bending_stiffness=0.1,0.007000000000000001,8,7,1.9772318589307387,1.9764354782608808,0.5377798910194943,0.47861782626543764,0.6402136611457356,1.6340320581357364,1.5003089183941425,0,1.2732395447351628,1.3153830315074875,4,0.021433494659028163,0.0612385561686519,"[[0, 2], [1, 3], [2, 4], [3, 5]]",[],2,1.9764354782608808,0.449651594091971,0.0006346626451046205,0.19858410546696095,0.016772453385457645,0.2159912214975232,0.0016300246514607613,0.00154102982266003,0.013160896380817723,0.009129430245204163,False
grid_growth_rate=0_contact_stiffness=20_diameter=0.35_bending_stiffness=0.1,0.0075000000000000015,9,7,1.9772318589307387,1.9765136785320259,0.5377994884662425,0.4785735722987535,0.6403261088171652,1.642646441520015,1.5002084368120396,0,1.2732395447351628,1.3161840652836716,4,0.020286253406734345,0.05796072401924099,"[[0, 2], [1, 3], [2, 4], [3, 5]]",[],2,1.9765136785320259,0.42769321085150663,0.0005368628400655687,0.1985736914708458,0.016099339470770187,0.21520989378168157,0.001992247085456761,0.0012109193696151267,0.015153143466274483,0.01034034961481929,False
grid_growth_rate=0_contact_stiffness=20_diameter=0.35_bending_stiffness=0.1,0.0085,10,7,1.9772318589307387,1.9764653947121333,0.5376409242677628,0.47839659387528044,0.6409857261102984,1.644253467711019,1.4977497390479724,0,1.2732395447351628,1.3157927035130805,4,0.021069837205953512,0.060199534874152895,"[[0, 2], [1, 3], [2, 4], [3, 5]]",[],2,1.9764653947121333,0.45176495060682254,0.0004048937415978153,0.19791416894785674,0.016611946885332275,0.21493100957478684,0.001011174225507482,0.0007322900186127513,0.016164317691781966,0.011072639633432042,False
grid_growth_rate=0_contact_stiffness=20_diameter=0.35_bending_stiffness=0.1,0.009000000000000001,11,7,1.9772318589307387,1.9765285850159926,0.5376413895368526,0.47834538834263396,0.6411528857992026,1.6507979757601106,1.4974407486226784,0,1.2732395447351628,1.3164637816740443,4,0.020221104024819025,0.05777458292805436,"[[0, 2], [1, 3], [2, 4], [3, 5]]",[],2,1.9765285850159926,0.44032839764521,0.0004491585848803412,0.19784584693384058,0.016151960620236612,0.21444696613895753,0.0010585597470676095,0.0005745163112383029,0.017222877438849576,0.011647155944670345,False
grid_growth_rate=0_contact_stiffness=20_diameter=0.35_bending_stiffness=0.1,0.010000000000000002,12,7,1.9772318589307387,1.976516621888087,0.5375055119841203,0.47818381303840124,0.6417860485794086,1.6530252787275015,1.4953069648804764,0,1.2732395447351628,1.316099557844633,4,0.020814374854408957,0.05946964244116845,"[[0, 2], [1, 3], [2, 4], [3, 5]]",[],2,1.976516621888087,0.45732212569576686,0.00031204496091277105,0.19728216903239712,0.016498808106295948,0.21409302209960585,0.0007040162545203835,0.0003500722151687,0.017926893693369958,0.011997228159839045,False
grid_growth_rate=0_contact_stiffness=20_diameter=0.35_bending_stiffness=0.1,0.011000000000000003,13,7,1.9772318589307387,1.9766229746048598,0.5374807512056851,0.4780731042983467,0.6421939795187779,1.663160993209257,1.4944354985549904,0,1.2732395447351628,1.3152039075202469,4,0.020557387884836298,0.05873539395667514,"[[0, 2], [1, 3], [2, 4], [3, 5]]",[],2,1.9766229746048598,0.44656752420121815,0.0009961438464260641,0.1970765824974088,0.015894565856056246,0.21396729219989113,0.001220578376731403,0.0010948484770166925,0.01914747207010136,0.013092076636855738,False
grid_growth_rate=0_contact_stiffness=20_diameter=0.35_bending_stiffness=0.1,0.011500000000000003,14,7,1.9772318589307387,1.9765807516982377,0.5373732642843119,0.47797839777070844,0.6426033748538649,1.6605674544710518,1.4929782734454478,0,1.2732395447351628,1.3163356555614971,4,0.02063348512787405,0.058952814651068726,"[[0, 2], [1, 3], [2, 4], [3, 5]]",[],2,1.9765807516982377,0.4645899430288509,0.0002774269436737071,0.19668616489800572,0.016417076076326923,0.21338066791800636,0.0014483105968946517,0.0008616863150098784,0.020595782666996014,0.013953762951865616,False
grid_growth_rate=0_contact_stiffness=20_diameter=0.35_bending_stiffness=0.1,0.012500000000000004,15,7,1.9772318589307387,1.9766722932152678,0.5373311541815821,0.47786331546906224,0.6430602429188226,1.668471362945388,1.491954829555974,0,1.2732395447351628,1.315825942626745,4,0.020404218425107035,0.05829776692887725,"[[0, 2], [1, 3], [2, 4], [3, 5]]",[],2,1.9766722932152678,0.46031831069108553,0.0006911512202113089,0.19643921988814572,0.015991683901967032,0.21312205501032408,0.0007834122063005376,0.0005247992986182557,0.02137919487329655,0.014478562250483872,False
grid_growth_rate=0_contact_stiffness=20_diameter=0.35_bending_stiffness=0.1,0.013000000000000005,16,7,1.9772318589307387,1.9766530651009129,0.5372441927387972,0.4777794173986723,0.6434301993831439,1.6670930259327743,1.4907584763992534,0,1.2732395447351628,1.3165214290962315,4,0.020503505080522066,0.058581443087205906,"[[0, 2], [1, 3], [2, 4], [3, 5]]",[],2,1.9766530651009129,0.47263744220679377,0.0002668644815876427,0.19612387793652256,0.01635530665005247,0.21274604906816266,0.0007884217036873115,0.0004124157615258945,0.02216761657698386,0.014890978012009766,False
grid_growth_rate=0_contact_stiffness=20_diameter=0.35_bending_stiffness=0.1,0.014000000000000005,17,7,1.9772318589307387,1.976733671482256,0.5371904861388195,0.4776623766816618,0.6439183830518308,1.6733454539403767,1.489653383332491,0,1.2732395447351628,1.316270509031481,4,0.02029734531406202,0.05799241518303435,"[[0, 2], [1, 3], [2, 4], [3, 5]]",[],2,1.976733671482256,0.47214929580300946,0.000525096168515191,0.1958552606174288,0.016055452152922964,0.212435808938867,0.0005636989120469698,0.0002534587827512951,0.02273131548903083,0.015144436794761061,False
grid_growth_rate=0_contact_stiffness=20_diameter=0.35_bending_stiffness=0.1,0.015000000000000006,18,7,1.9772318589307387,1.976727699785675,0.5370456298009322,0.47751031659366183,0.644601590726055,1.6722120135269904,1.4876441151583404,0,1.2732395447351628,1.316018661076288,4,0.021048485104327108,0.060138528869506026,"[[0, 2], [1, 3], [2, 4], [3, 5]]",[],2,1.976727699785675,0.4890876997793986,0.0003767596574110056,0.19533569736149892,0.01657967269942275,0.2122921297183327,0.0009372583893456299,0.000793579168811337,0.02366857387837646,0.0159380159635724,False
grid_growth_rate=0_contact_stiffness=20_diameter=0.35_bending_stiffness=0.1,0.015500000000000007,19,7,1.9772318589307387,1.9768022984626032,0.537056816595829,0.477468818032253,0.6447667458698384,1.6777844730305027,1.4875022258223771,0,1.2732395447351628,1.3165923336708751,4,0.02022205943317268,0.057777312666207656,"[[0, 2], [1, 3], [2, 4], [3, 5]]",[],2,1.9768022984626032,0.48265640498847373,0.0004306790838260068,0.19531586522588815,0.016094868263733353,0.21184141257344752,0.0010775457192787848,0.0006268285743936083,0.024746119597655245,0.016564844537966007,False
grid_growth_rate=0_contact_stiffness=20_diameter=0.35_bending_stiffness=0.1,0.016500000000000008,20,7,1.9772318589307387,1.9768154688063615,0.5369323285213402,0.47732814540864454,0.6454081575321376,1.6775957878194496,1.4857601390718038,0,1.2732395447351628,1.3163534306415665,4,0.02078083185258911,0.059373805293111745,"[[0, 2], [1, 3], [2, 4], [3, 5]]",[],2,1.9768154688063615,0.4954055083083688,0.0002789115220147527,0.1948724792105279,0.016453111580086992,0.21160450231262964,0.0006215101387517283,0.0003845998779338542,0.025367629736406973,0.01694944441589986,False
grid_growth_rate=0_contact_stiffness=20_diameter=0.35_bending_stiffness=0.1,0.017000000000000008,21,7,1.9772318589307387,1.976874325742392,0.5369286130996457,0.47728164819315094,0.6456050607475379,1.6817545532964842,1.485480691690234,0,1.2732395447351628,1.3168295754138362,4,0.02016889264712496,0.05762540756321417,"[[0, 2], [1, 3], [2, 4], [3, 5]]",[],2,1.976874325742392,0.4922769712851677,0.0003737000017377948,0.1948144926802246,0.01611779449372887,0.21130598717569127,0.0006017241068991385,0.000303208969960762,0.025969353843306113,0.01725265338586062,False
grid_growth_rate=0_contact_stiffness=20_diameter=0.35_bending_stiffness=0.1,0.01800000000000001,22,7,1.9772318589307387,1.9768998736927228,0.5368188566022529,0.47714960622746466,0.6462148117357259,1.6821437616802448,1.4839375303784765,0,1.2732395447351628,1.3166057909278484,4,0.020590782643107985,0.058830807551737106,"[[0, 2], [1, 3], [2, 4], [3, 5]]",[],2,1.9768998736927228,0.5022908381215813,0.0002436373913216391,0.19442767937436337,0.01636240591446818,0.2110337226801532,0.0004600457326958634,0.00018778123715778634,0.026429399576001978,0.01744043462301841,False
grid_growth_rate=0_contact_stiffness=20_diameter=0.35_bending_stiffness=0.1,0.01900000000000001,23,7,1.9772318589307387,1.9769961778532184,0.5367913326517386,0.4770506681480655,0.6466496848757893,1.6884462765392934,1.483211505664486,0,1.2732395447351628,1.3159344463573275,4,0.020408592684758864,0.05831026481359676,"[[0, 2], [1, 3], [2, 4], [3, 5]]",[],2,1.9769961778532184,0.5000630180473948,0.0007099188789539502,0.19426606232251045,0.015911156877742534,0.21088713807920692,0.0007361802295371538,0.0005895956285908837,0.02716557980553913,0.01803003025160929,False
grid_growth_rate=0_contact_stiffness=20_diameter=0.35_bending_stiffness=0.1,0.019500000000000003,24,7,1.9772318589307387,1.9769806964284664,0.5367059588129094,0.47697488143553984,0.6470169994465914,1.6859897247148818,1.48218219682945,0,1.2732395447351628,1.31680068221117,4,0.02045463007893311,0.05844180022552318,"[[0, 2], [1, 3], [2, 4], [3, 5]]",[],2,1.9769806964284664,0.5094076854285395,0.00023410147435232376,0.19400261633515126,0.01629599417189333,0.21053271198139692,0.0008210836229287541,0.00046665752511875294,0.027986663428467885,0.018496687776728044,False
grid_growth_rate=0_contact_stiffness=20_diameter=0.35_bending_stiffness=0.1,0.02,25,7,1.9772318589307387,1.9770208215532747,0.5366853605932248,0.4769238672860358,0.6472471878684661,1.6883856600980145,1.481768890973258,0,1.2732395447351628,1.3171444888926542,4,0.020103286743046345,0.05743796212298956,"[[0, 2], [1, 3], [2, 4], [3, 5]]",[],2,1.9770208215532747,0.5095103229133735,0.0003134064099913472,0.19390798474025717,0.016132386161173323,0.21035377731142182,0.00025107289215889014,7.213822218379525e-05,0.028237736320626775,0.01856882599891184,False
grid_growth_rate=0.1_contact_stiffness=5_diameter=0.2_bending_stiffness=0.05,0.0,0,7,1.9772318589307387,1.9772318589307387,0.5385934789856612,0.4799822910880073,0.6366197723675813,1.5707963267948981,1.5172727398911934,0,1.2732395447351628,0.0,0,0.0,0.0,[],[],0,,0.0,0.0,0.10163800133790056,0.0,0.10163800133790056,0.0,0.0,0.0,0.0,False
grid_growth_rate=0.1_contact_stiffness=5_diameter=0.2_bending_stiffness=0.05,0.001,1,7,1.9774295920031206,1.9765765881141348,0.5384062609523709,0.47976630507623425,0.636635477974838,1.5750744497128109,1.5149514932156483,0,1.2732395447351628,0.0,0,0.0,0.0,[],[],0,1.9765765881141348,0.4351783586580456,4.275499727249547e-05,0.10131573132957292,0.0,0.10135848632684541,0.0003079878120413013,2.8472800986150434e-05,0.0003079878120413013,2.8472800986150434e-05,False
grid_growth_rate=0.1_contact_stiffness=5_diameter=0.2_bending_stiffness=0.05,0.002,2,7,1.9776273448497985,1.9761327110140487,0.5382824980019612,0.47959920916433846,0.6366673017198933,1.5813779075267613,1.5132262077616656,0,1.2732395447351628,0.0,0,0.0,0.0,[],[],0,0.9880663555070244,0.45812798125401105,6.68610776251623e-05,0.10108106516793894,0.0,0.1011479262455641,0.000283263700919271,7.270361963795745e-05,0.0005912515129605723,0.00010117642062410789,False
grid_growth_rate=0.1_contact_stiffness=5_diameter=0.2_bending_stiffness=0.05,0.003,3,7,1.97782511747275,1.9757804321633983,0.5381397049553103,0.4794379890677684,0.6368484208492411,1.5839868316285164,1.5111436008866697,0,1.2732395447351628,0.0,0,0.0,0.0,[],[],0,1.9757804321633983,0.42668630785729156,0.00020330963335642738,0.10079638793069162,0.0,0.10099969756404804,0.00033080115639319975,0.00018257247487714757,0.0009220526693537721,0.00028374889550125546,False
grid_growth_rate=0.1_contact_stiffness=5_diameter=0.2_bending_stiffness=0.05,0.004,4,7,1.9780229098739526,1.9756177334074965,0.538090912911041,0.47933410086020567,0.6369210586018643,1.592108849185377,1.510120966538785,0,1.2732395447351628,0.0,0,0.0,0.0,[],[],0,0.9878088667037482,0.46771742771162667,0.00027764764351754514,0.10066517450470729,0.0,0.10094282214822484,0.0005255532259812329,0.00046867781015802576,0.001447605895335005,0.0007524267056592813,False
grid_growth_rate=0.1_contact_stiffness=5_diameter=0.2_bending_stiffness=0.05,0.005,5,7,1.9782207220553842,1.975415830473288,0.5379392968118161,0.47919127657801563,0.6372754202173133,1.590860928231748,1.5077810127602798,0,1.2732395447351628,0.0,0,0.0,0.0,[],[],0,1.975415830473288,0.44401769799260155,0.0007298457785682457,0.10034581215091083,0.0,0.10107565792947908,0.0010760697724019022,0.001208905553656142,0.002523675667736907,0.001961332259315423,False
grid_growth_rate=0.1_contact_stiffness=5_diameter=0.2_bending_stiffness=0.05,0.006,6,7,1.9784185540190231,1.9754891209725938,0.5379947366326242,0.4791533171234022,0.6372588553472003,1.6044774959476746,1.5078867804664469,0,1.2732395447351628,0.0,0,0.0,0.0,[],[],0,0.9877445604862969,0.4922611075417097,0.0013025197158140454,0.10037817573685037,0.0,0.10168069545266442,0.0025512862322190637,0.0031563237554044087,0.00507496189995597,0.005117656014719831,False
grid_growth_rate=0.1_contact_stiffness=5_diameter=0.2_bending_stiffness=0.05,0.007,7,7,1.9786164057668476,1.9752870508389468,0.5377460499920842,0.478980880608505,0.6379094643910912,1.5938569199351043,1.504320336093852,0,1.2732395447351628,0.0,0,0.0,0.0,[],[],0,1.9752870508389468,0.4834120092835541,0.003610310245818688,0.09988518412975705,0.0,0.10349549437557574,0.006431414111229721,0.008246213034141043,0.01150637601118569,0.013363869048860874,False
grid_growth_rate=0.1_contact_stiffness=5_diameter=0.2_bending_stiffness=0.05,0.008,8,7,1.9788142773008361,1.975667038248867,0.538018424722056,0.47905186804427957,0.6375312612712116,1.6228873799209642,1.5069165119282149,0,1.2732395447351628,0.0,0,0.0,0.0,[],[],0,0.9878335191244335,0.551287395573619,0.008212468217398473,0.10027628347605717,0.0,0.10848875169345565,0.01664454820092573,0.021637805518805633,0.02815092421211142,0.03500167456766651,False
grid_growth_rate=0.1_contact_stiffness=5_diameter=0.2_bending_stiffness=0.05,0.009000000000000001,9,7,1.9790121686229674,1.9752240101492142,0.5374696946282623,0.478754356203182,0.6388495076569133,1.6140411539760282,1.4998291221668025,0,1.2732395447351628,0.0,0,0.0,0.0,[],[],0,1.9752240101492142,0.560321186110041,0.022472215766771116,0.09928385460136192,0.0,0.12175607036813305,0.04338727915172686,0.05665459782640426,0.07153820336383829,0.09165627239407076,False
grid_growth_rate=0.1_contact_stiffness=5_diameter=0.2_bending_stiffness=0.05,0.010000000000000002,10,7,1.9792100797352206,1.976226193169464,0.538282749269922,0.4790683641378763,0.6374255001403284,1.6619234861507586,1.508699707806839,0,1.2732395447351628,0.0,0,0.0,0.0,[],[],0,0.988113096584732,0.668592315018146,0.05628444754902246,0.10058137133820869,0.0,0.15686581888723114,0.11373179808164295,0.14884154660074106,0.18527000144548122,0.24049781899481182,False
grid_growth_rate=0.1_contact_stiffness=5_diameter=0.2_bending_stiffness=0.05,0.011000000000000003,11,7,1.9794080106395744,1.9750348009517222,0.5369316847638707,0.4784190880069134,0.64037396947361,1.6924494908614307,1.4924271889770406,0,1.2732395447351628,0.0,0,0.0,0.0,[],[],0,1.9750348009517222,0.69275992344133,0.1502550787543476,0.09829430807955442,0.0,0.24854938683390201,0.2973080063563212,0.3889915743029921,0.48257800780180243,0.6294893932978038,False
grid_growth_rate=0.1_contact_stiffness=5_diameter=0.2_bending_stiffness=0.05,0.012000000000000004,12,7,1.9796059613380084,1.977687044676925,0.539188893378996,0.47934065967282574,0.636048614257504,1.7793678598558462,1.5183523129441268,0,1.2732395447351628,0.0,0,0.0,0.0,[],[],0,0.9888435223384625,0.5445464140610665,0.38856264580199024,0.10210348236887896,0.0,0.4906661281708692,0.7814429377645067,1.0235596791014738,1.2640209455663092,1.6530490723992777,False
grid_growth_rate=0.1_contact_stiffness=5_diameter=0.2_bending_stiffness=0.05,0.013000000000000005,13,7,1.979803931832502,1.9745809228522828,0.5358255960989458,0.47778197317522825,0.6428206008533335,1.8817733936696115,1.4788282385384695,0,1.2732395447351628,0.0,0,0.0,0.0,[],[],0,1.9745809228522828,0.8083185692087471,1.017835606067073,0.09655642214584417,0.0,1.1143920282129172,2.03357904150764,2.657304941549688,3.297599987073949,4.310354013948966,False
grid_growth_rate=0.1_contact_stiffness=5_diameter=0.2_bending_stiffness=0.05,0.014000000000000005,14,7,1.980001922125035,1.983002980171209,0.5421717119799486,0.4802737910872526,0.6302902000567012,2.2228677328746738,1.5597072441746098,0,1.2732395447351628,0.0,0,0.0,0.0,[],[],0,0.9915014900856045,0.41066320323073563,2.658500711806248,0.10903241544428093,0.0,2.7675331272505286,5.355532927469351,7.008674026506963,8.653132914543301,11.31902804045593,False
grid_growth_rate=0.1_contact_stiffness=5_diameter=0.2_bending_stiffness=0.05,0.014500000000000006,15,7,1.9801009246961847,1.9761388133329518,0.5368716928071053,0.47861347004743204,0.6369024433781768,1.6483530060514544,1.490312020198795,0,1.2732395447351628,0.0,0,0.0,0.0,[],[],0,0.9880694066664759,0.4478732241211958,0.22662694479622048,0.09809523426095777,0.0,0.32472217905717826,6.847180651193541,4.4043697030001905,15.500313565736842,15.72339774345612,False
grid_growth_rate=0.1_contact_stiffness=5_diameter=0.2_bending_stiffness=0.05,0.015500000000000007,16,7,1.980298944689489,1.980142471465966,0.5398274365796304,0.4796967075896464,0.6322487965604475,1.9052075686619088,1.525995250339221,0,1.2732395447351628,0.0,0,0.0,0.0,[],[],0,0.990071235732983,0.49714593643646365,0.5790231287037407,0.1036144612218987,0.0,0.6826375899256394,1.1759844277757667,1.5338998386442277,16.67629799351261,17.25729758210035,False
grid_growth_rate=0.1_contact_stiffness=5_diameter=0.2_bending_stiffness=0.05,0.016500000000000008,17,7,1.9804969844857832,1.975180658113651,0.5356728326303735,0.4778473912313813,0.6395954752182705,1.8306854339557057,1.474350310859791,0,1.2732395447351628,0.0,0,0.0,0.0,[],[],0,1.975180658113651,0.5990681380186121,1.4932338721144827,0.09597652914466703,0.0,1.5892104012591497,3.014247289623687,3.9208201009571972,19.690545283136295,21.178117683057547,False
grid_growth_rate=0.1_contact_stiffness=5_diameter=0.2_bending_stiffness=0.05,0.01750000000000001,18,7,1.9806950440870468,1.987846714774834,0.5436212071775092,0.4807359264953835,0.6252976103890168,2.4649724832755675,1.5872207934227494,0,1.2732395447351628,0.0,0,0.0,0.0,[],[],0,0.993923357387417,0.4013250433921141,3.8499676345159375,0.11428889752782723,0.0,3.964256532043765,7.838938684043592,10.213984814828208,27.529483967179885,31.392102497885755,False
grid_growth_rate=0.1_contact_stiffness=5_diameter=0.2_bending_stiffness=0.05,0.01800000000000001,19,7,1.9807940813151612,1.977554195285511,0.5369606531950085,0.47891280663020275,0.6315222826514837,1.743515902481723,1.4921275855586917,0,1.2732395447351628,0.0,0,0.0,0.0,[],[],0,0.9887770976427555,0.6879009321538588,0.3060871907423707,0.0986448444231277,0.0,0.4047320351654984,9.830321847285882,6.270797350407616,37.359805814465766,37.66289984829337,False
grid_growth_rate=0.1_contact_stiffness=5_diameter=0.2_bending_stiffness=0.05,0.01900000000000001,20,7,1.9809921706275933,1.9831286674307926,0.5404846076980085,0.48009622736232793,0.6268318745784858,2.0462248918736434,1.539123886178393,0,1.2732395447351628,0.0,0,0.0,0.0,[],[],0,0.9915643337153963,0.4805066651000257,0.7685179289088072,0.10626640740473826,0.0,0.8747843363135455,1.5809226008611537,2.0509749020092007,38.940728415326916,39.71387475030257,False
grid_growth_rate=0.1_contact_stiffness=5_diameter=0.2_bending_stiffness=0.05,0.02,21,7,1.981190279749947,1.975634578629831,0.535601755036661,0.4780148593345054,0.6340778322848465,1.8181726343861957,1.473165248307991,0,1.2732395447351628,0.0,0,0.0,0.0,[],[],0,0.9878172893149155,0.39191340894894705,1.9450250299942198,0.09596170636230551,0.0,2.0409867363565253,3.976403191221312,5.142605591264292,42.917131606548224,44.856480341566865,False
grid_growth_rate=0.1_contact_stiffness=5_diameter=0.2_bending_stiffness=0.1,0.0,0,7,1.9772318589307387,1.9772318589307387,0.5385934789856612,0.4799822910880073,0.6366197723675813,1.5707963267948981,1.5172727398911934,0,1.2732395447351628,0.0,0,0.0,0.0,[],[],0,,0.0,0.0,0.20327600267580112,0.0,0.20327600267580112,0.0,0.0,0.0,0.0,False
grid_growth_rate=0.1_contact_stiffness=5_diameter=0.2_bending_stiffness=0.1,0.001,1,7,1.9774295920031206,1.975885855640696,0.5382112428542029,0.4795430408891298,0.636635477974838,1.5796410066658473,1.512753799797942,0,1.2732395447351628,0.0,0,0.0,0.0,[],[],0,1.975885855640696,0.4356778764192903,0.0001581456149777787,0.2020033290434403,0.0,0.20216147465841808,0.0012586683607540346,0.00014414034337099165,0.0012586683607540346,0.00014414034337099165,False
grid_growth_rate=0.1_contact_stiffness=5_diameter=0.2_bending_stiffness=0.1,0.002,2,7,1.9776273448497985,1.9749456876902345,0.5379534026828778,0.47920037780538716,0.6366801834080265,1.5919713459410887,1.509481768712085,0,1.2732395447351628,0.0,0,0.0,0.0,[],[],0,0.9874728438451172,0.45260415043115587,0.00022445718873407008,0.2011026319683119,0.0,0.20132708915704597,0.0011365159822344813,0.00030213048086237776,0.002395184342988516,0.0004462708242333694,False
grid_growth_rate=0.1_contact_stiffness=5_diameter=0.2_bending_stiffness=0.1,0.003,3,7,1.97782511747275,1.974172501050605,0.5376543977580932,0.47886835091643687,0.6370289164713414,1.5963602815991897,1.5055400279967823,0,1.2732395447351628,0.0,0,0.0,0.0,[],[],0,1.974172501050605,0.438050478184571,0.000731338098991709,0.20001970539740282,0.0,0.20075104349639453,0.0013104480249178318,0.0007344023642663843,0.0037056323679063477,0.0011806731884997537,False
grid_growth_rate=0.1_contact_stiffness=5_diameter=0.2_bending_stiffness=0.1,0.004,4,7,1.9780229098739526,1.9737625804369388,0.5375444640833372,0.47864857631577373,0.6371510744998303,1.6115846919300625,1.5037346560221403,0,1.2732395447351628,0.0,0,0.0,0.0,[],[],0,0.9868812902184694,0.4522478155630391,0.0010002421628568414,0.19955533406027642,0.0,0.20055557622313328,0.0020858501862703873,0.0018903829130091357,0.005791482554176735,0.0030710561015088894,False
grid_growth_rate=0.1_contact_stiffness=5_diameter=0.2_bending_stiffness=0.1,0.005,5,7,1.9782207220553842,1.9732621025240937,0.5372217129971947,0.4783522050818993,0.6378488805877264,1.6074553718842233,1.4993576073918582,0,1.2732395447351628,0.0,0,0.0,0.0,[],[],0,1.9732621025240937,0.4654677313240811,0.0027899948022109427,0.1983627470408999,0.0,0.20115274184311085,0.004331558878055623,0.004928724498033203,0.010123041432232357,0.007999780599542093,False
grid_growth_rate=0.1_contact_stiffness=5_diameter=0.2_bending_stiffness=0.1,0.006,6,7,1.9784185540190231,1.973296101917457,0.5373233632038087,0.47825969540038943,0.6377763473497996,1.6335783207526973,1.4998181983228596,0,1.2732395447351628,0.0,0,0.0,0.0,[],[],0,0.9866480509587285,0.46864781853920906,0.005168783968419013,0.1985532602006902,0.0,0.20372204416910922,0.01040709473190821,0.012976397057906573,0.020530136164140567,0.020976177657448664,False
grid_growth_rate=0.1_contact_stiffness=5_diameter=0.2_bending_stiffness=0.1,0.007,7,7,1.9786164057668476,1.9727799893784237,0.5367952364004013,0.47790710170817363,0.6390769634093485,1.6101742303259363,1.4931259053424217,0,1.2732395447351628,0.0,0,0.0,0.0,[],[],0,1.9727799893784237,0.5135724091376003,0.014650725429975073,0.19671662255576466,0.0,0.21136734798573975,0.02651703291806851,0.03416233673469904,0.04704716908220907,0.0551385143921477,False
grid_growth_rate=0.1_contact_stiffness=5_diameter=0.2_bending_stiffness=0.1,0.008,8,7,1.9788142773008361,1.9734060070274269,0.5373507293765879,0.47802396368320926,0.6382315947448319,1.6690662973323684,1.4985077463313912,0,1.2732395447351628,0.0,0,0.0,0.0,[],[],0,0.9867030035137134,0.5243121616487058,0.03412882619859883,0.19831517249849842,0.0,0.23244399869709725,0.06923478665772254,0.09031143736908004,0.11628195573993161,0.14544995176122774,False
grid_growth_rate=0.1_contact_stiffness=5_diameter=0.2_bending_stiffness=0.1,0.009000000000000001,9,7,1.9790121686229674,1.9724283016337558,0.536196811327076,0.4774346534202862,0.6408981579327708,1.6748099354393982,1.4851901371252756,0,1.2732395447351628,0.0,0,0.0,0.0,[],[],0,1.9724283016337558,0.5942793560363581,0.09398402918577027,0.1946377525787456,0.0,0.28862178176451586,0.18173445919753273,0.23791224226495133,0.29801641493746434,0.3833621940261791,False
grid_growth_rate=0.1_contact_stiffness=5_diameter=0.2_bending_stiffness=0.1,0.010000000000000002,10,7,1.9792100797352206,1.9743233110151444,0.5379158271349135,0.4780169822377908,0.6377846131723637,1.7589776171017883,1.5031542045245694,0,1.2732395447351628,0.0,0,0.0,0.0,[],[],0,0.9871616555075722,0.6390601204940581,0.23876237892201999,0.1998725896890823,0.0,0.4386349686111023,0.4804753292945822,0.6304885161411686,0.7784917442320465,1.0138507101673477,False
grid_growth_rate=0.1_contact_stiffness=5_diameter=0.2_bending_stiffness=0.1,0.011000000000000003,11,7,1.9794080106395744,1.9719855895322662,0.5351133371788686,0.4767677202859888,0.6437117166485312,1.837934642909632,1.4728514824532142,0,1.2732395447351628,0.0,0,0.0,0.0,[],[],0,1.9719855895322662,0.7122803093950474,0.6393443060903763,0.19153293845802966,0.0,0.830877244548406,1.2623878751239548,1.6546301510612584,2.0408796193560015,2.6684808612286064,False
grid_growth_rate=0.1_contact_stiffness=5_diameter=0.2_bending_stiffness=0.1,0.012000000000000004,12,7,1.9796059613380084,1.9778042253223043,0.5400735701526999,0.47850859208844976,0.6341026203273137,2.079714920730737,1.5286880346454128,0,1.2732395447351628,0.0,0,0.0,0.0,[],[],0,0.9889021126611521,0.49652230022789373,1.6711747162961432,0.20832456272672423,0.0,1.8794992790228675,3.3512344350985677,4.399856469573029,5.392114054454569,7.0683373308016355,False
grid_growth_rate=0.1_contact_stiffness=5_diameter=0.2_bending_stiffness=0.1,0.013000000000000005,13,7,1.979803931832502,1.9716605444562643,0.5333395866468839,0.4755912066679068,0.6466014899492296,2.1872463501164017,1.453680204825265,0,1.2732395447351628,0.0,0,0.0,0.0,[],[],0,1.9716605444562643,0.743284780537026,4.351713846206158,0.18730205530082517,0.0,4.539015901506983,8.708050937798216,11.367567560282332,14.100164992252786,18.43590489108397,False
grid_growth_rate=0.1_contact_stiffness=5_diameter=0.2_bending_stiffness=0.1,0.013500000000000005,14,7,1.9799029245038897,1.9775144792825796,0.538520286060496,0.4783007954940741,0.6325412012377981,1.935844309067649,1.5119367462685624,0,1.2732395447351628,0.0,0,0.0,0.0,[],[],0,0.9887572396412898,0.5921814384537046,0.44435369367125854,0.2036948814138989,0.0,0.6480485750851575,11.550131152219034,7.659163825797209,25.65029614447182,26.095068716881176,False
grid_growth_rate=0.1_contact_stiffness=5_diameter=0.2_bending_stiffness=0.1,0.014500000000000006,15,7,1.980100924696185,1.9729139429046638,0.5347448817261709,0.4767171611469915,0.6397689406594822,1.768640163692194,1.4672532741694815,0,1.2732395447351628,0.0,0,0.0,0.0,[],[],0,1.9729139429046638,0.4757555227798047,1.1652864857861571,0.19032534454462915,0.0,1.3556118303307862,2.334680402531312,3.0422436577769405,27.984976547003132,29.137312374658116,False
grid_growth_rate=0.1_contact_stiffness=5_diameter=0.2_bending_stiffness=0.1,0.015500000000000007,16,7,1.9802989446894894,1.9835345752283202,0.5418111643231989,0.4789164134856717,0.6279239504868337,2.392865375214898,1.5583764013123156,0,1.2732395447351628,0.0,0,0.0,0.0,[],[],0,0.9917672876141601,0.4624106340435558,3.002132449451694,0.2198985103098868,0.0,3.222030959761581,6.098694602176476,7.96511373160727,34.08367114917961,37.10242610626538,False
grid_growth_rate=0.1_contact_stiffness=5_diameter=0.2_bending_stiffness=0.1,0.016000000000000007,17,7,1.9803979621121388,1.9747432601076245,0.5358035684803656,0.4773923894679644,0.6343981897376368,1.771516315586926,1.4805997879110966,0,1.2732395447351628,0.0,0,0.0,0.0,[],[],0,0.9873716300538122,0.5713073979557413,0.25418980966326665,0.19445151685943013,0.0,0.4486413265226968,7.742182394110689,4.968792760871804,41.82585354329029,42.07121886713719,False
grid_growth_rate=0.1_contact_stiffness=5_diameter=0.2_bending_stiffness=0.1,0.017000000000000008,18,7,1.9805960118106702,1.9793765118507347,0.5390131592057554,0.47830503265345703,0.6305438031569055,2.0372655863941924,1.5182392139054854,0,1.2732395447351628,0.0,0,0.0,0.0,[],[],0,0.9896882559253674,0.563147920158378,0.6362143640903858,0.20657243008215675,0.0,0.8427867941725425,1.304982255178505,1.6991277228283508,43.1308357984688,43.77034658996554,False
grid_growth_rate=0.1_contact_stiffness=5_diameter=0.2_bending_stiffness=0.1,0.01800000000000001,19,7,1.9807940813151614,1.9730516175344301,0.5343595230720982,0.4765187784032623,0.6383298813568933,1.8074934787053536,1.4635694449349423,0,1.2732395447351628,0.0,0,0.0,0.0,[],[],0,1.9730516175344301,0.41865188643968587,1.649720968664621,0.18966549497619328,0.0,1.8393864636408144,3.3286592281097076,4.32525889757798,46.45949502657851,48.09560548754352,False
grid_growth_rate=0.1_contact_stiffness=5_diameter=0.2_bending_stiffness=0.1,0.01900000000000001,20,7,1.9809921706275935,1.9876387040058423,0.5430519271306484,0.47905315480444083,0.6246410205869659,2.6042153572618894,1.583275784112534,0,1.2732395447351628,0.0,0,0.0,0.0,[],[],0,0.9938193520029212,0.43697102656187226,4.2193603771738255,0.2297469229771156,0.0,4.449107300150941,8.630942953901581,11.240663790411707,55.09043798048009,59.33626927795523,False
grid_growth_rate=0.1_contact_stiffness=5_diameter=0.2_bending_stiffness=0.1,0.019500000000000003,21,7,1.9810912227124065,1.9757188739586566,0.5356803697627045,0.4774364464723861,0.630959432115545,1.8378530857914095,1.4822196127279312,0,1.2732395447351628,0.0,0,0.0,0.0,[],[],0,0.9878594369793283,0.6444184311938015,0.338169839659004,0.1956950260427783,0.0,0.5338648657017823,10.805151370246362,6.889908935797203,65.89558935072645,66.22617821375243,False
grid_growth_rate=0.1_contact_stiffness=5_diameter=0.2_bending_stiffness=0.1,0.02,22,7,1.9811902797499474,1.9783845537371403,0.53742040349898,0.47798589343830294,0.6289951645707236,1.9365351429228823,1.5026867576876977,0,1.2732395447351628,0.0,0,0.0,0.0,[],[],0,0.9891922768685701,0.6819620378170266,0.028745928305427573,0.20231692161608486,0.0,0.23106284992151244,0.8663754363398662,0.5635734205595964,66.76196478706632,66.78975163431203,False
grid_growth_rate=0.1_contact_stiffness=5_diameter=0.35_bending_stiffness=0.05,0.0,0,7,1.9772318589307387,1.9772318589307387,0.5385934789856612,0.4799822910880073,0.6366197723675813,1.5707963267948981,1.5172727398911934,0,1.2732395447351628,1.318154572620492,4,0.020461356844877043,0.05846101955679155,"[[0, 2], [1, 3], [2, 4], [3, 5]]",[],2,,0.0,0.0,0.10163800133790056,0.00418667123933391,0.10582467257723446,0.0,0.0,0.0,0.0,False
grid_growth_rate=0.1_contact_stiffness=5_diameter=0.35_bending_stiffness=0.05,0.001,1,7,1.9774295920031206,1.976909370909338,0.5385148017607655,0.47982369087000043,0.6367961650261953,1.5774871872761465,1.5154469714388379,0,1.2732395447351628,1.3176494694812293,4,0.020449562085022577,0.05842732024292165,"[[0, 2], [1, 3], [2, 4], [3, 5]]",[],2,0.988454685454669,0.4256183268353583,2.7988189567756573e-05,0.10138724221236847,0.004165617486905235,0.10558084788884146,0.0002607755630521339,1.6950874659134947e-05,0.0002607755630521339,1.6950874659134947e-05,False
grid_growth_rate=0.1_contact_stiffness=5_diameter=0.35_bending_stiffness=0.05,0.002,2,7,1.9776273448497985,1.9766480249610943,0.5384074736344682,0.4796856546851597,0.6369494038842403,1.5822124792436008,1.513698345036394,0,1.2732395447351628,1.3173678421761559,4,0.020586006073946506,0.05881716021127573,"[[0, 2], [1, 3], [2, 4], [3, 5]]",[],2,0.9883240124805471,0.4282227339512072,4.537393929036804e-05,0.10114906079452042,0.004191547622917831,0.10538598235672862,0.00019836389839983305,3.498366286990755e-06,0.000459139461451967,2.0449240946125702e-05,False
grid_growth_rate=0.1_contact_stiffness=5_diameter=0.35_bending_stiffness=0.05,0.003,3,7,1.97782511747275,1.9764975405043093,0.5383296475733869,0.47957296474917865,0.6371179618707093,1.5876196166971055,1.512239056261033,0,1.2732395447351628,1.3174012212888007,4,0.02046423619520521,0.05846924627201489,"[[0, 2], [1, 3], [2, 4], [3, 5]]",[],2,0.9882487702521546,0.44456253221810027,7.334085047242957e-05,0.10095374187905176,0.004185313692415144,0.10521239642193934,0.00018788686803838966,1.4300933249112018e-05,0.0006470263294903566,3.475017419523772e-05,False
grid_growth_rate=0.1_contact_stiffness=5_diameter=0.35_bending_stiffness=0.05,0.004,4,7,1.9780229098739526,1.976404063330592,0.5382474383488491,0.4794666905165388,0.637358137684924,1.59137066228063,1.5106659515318108,0,1.2732395447351628,1.3170891783461514,4,0.020727243263340023,0.059220695038114356,"[[0, 2], [1, 3], [2, 4], [3, 5]]",[],2,0.988202031665296,0.4304287165839625,9.624207363682871e-05,0.10074307664402352,0.004217191296274974,0.10505651001393532,0.00019285545742374992,3.6969049419722605e-05,0.0008398817869141066,7.171922361496032e-05,False
grid_growth_rate=0.1_contact_stiffness=5_diameter=0.35_bending_stiffness=0.05,0.005,5,7,1.9782207220553842,1.9764061567463351,0.5382081424192371,0.47938807077859524,0.637558127018585,1.5973814885179545,1.5095769404723796,0,1.2732395447351628,1.3169919562655579,4,0.02056538598815838,0.05875824568045252,"[[0, 2], [1, 3], [2, 4], [3, 5]]",[],2,0.9882030783731676,0.450058062934775,0.0001469705741899177,0.10060284414234591,0.0041736844074777854,0.10492349912401361,0.0002280809615531502,9.507007163144158e-05,0.0010679627484672567,0.0001667892952464019,False
grid_growth_rate=0.1_contact_stiffness=5_diameter=0.35_bending_stiffness=0.05,0.006,6,7,1.9784185540190231,1.9764002118852162,0.5381258526999674,0.47929449180690126,0.6378876331976867,1.5991849216197607,1.5079333375335913,0,1.2732395447351628,1.3167894370170594,4,0.021010347635468496,0.060029564672767134,"[[0, 2], [1, 3], [2, 4], [3, 5]]",[],2,0.9882001059426081,0.4209234521629784,0.00020386744607987336,0.10038374442638519,0.0042462854222544855,0.10483389729471955,0.0003370008778556592,0.0002473990485616005,0.0014049636263229158,0.0004141883438080024,False
grid_growth_rate=0.1_contact_stiffness=5_diameter=0.35_bending_stiffness=0.05,0.007,7,7,1.9786164057668476,1.9765260267400295,0.5381375610195822,0.47924986754111126,0.6380537055621807,1.6075408947701246,1.507406566332406,0,1.2732395447351628,1.316126185203471,4,0.020787849576803574,0.0593938559337245,"[[0, 2], [1, 3], [2, 4], [3, 5]]",[],2,0.9882630133700148,0.4593507354343472,0.0004061753448968799,0.10032557665631597,0.00412088913805086,0.10485264113926372,0.0006465548120834738,0.0006652986566276462,0.0020515184384063898,0.0010794870004356485,False
grid_growth_rate=0.1_contact_stiffness=5_diameter=0.35_bending_stiffness=0.05,0.008,8,7,1.9788142773008361,1.976528181341446,0.5380113203388116,0.47914442086199466,0.6385311108596681,1.6046686273995399,1.5052099240707635,0,1.2732395447351628,1.3160706309688601,4,0.021767913451729237,0.06219403843351211,"[[0, 2], [1, 3], [2, 4], [3, 5]]",[],2,1.976528181341446,0.4385140560306853,0.0008027941081896938,0.100028635331839,0.004323716933380118,0.10515514637340881,0.0014990986812330766,0.0018016039153781634,0.0035506171196394666,0.002881090915813812,False
grid_growth_rate=0.1_contact_stiffness=5_diameter=0.35_bending_stiffness=0.05,0.009000000000000001,9,7,1.9790121686229674,1.9768094957699616,0.5381289204423704,0.4791547518161649,0.6385259376989686,1.620174234387661,1.5059139731897422,0,1.2732395447351628,1.3137286008086004,4,0.021406728930778274,0.0611620826593665,"[[0, 2], [1, 3], [2, 4], [3, 5]]",[],2,0.9884047478849808,0.48425866834423803,0.002091116547810936,0.10014805252967633,0.0039950156136451895,0.10623418469113247,0.003848024830299049,0.004927063148022706,0.007398641949938516,0.007808154063836518,False
grid_growth_rate=0.1_contact_stiffness=5_diameter=0.35_bending_stiffness=0.05,0.010000000000000002,10,7,1.9792100797352206,1.976691408307254,0.5378545893150679,0.47898782655480443,0.6393434501085871,1.6053263058938907,1.501978146478614,0,1.2732395447351628,1.313981834637567,4,0.02387818608369957,0.0682233888105702,"[[0, 2], [1, 3], [2, 4], [3, 5]]",[],2,1.976691408307254,0.4829430987483755,0.0052286089686260605,0.09960407357970262,0.004589058723106927,0.10942174127143561,0.010279128612944907,0.013466685193248054,0.017677770562883423,0.021274839257084573,False
grid_growth_rate=0.1_contact_stiffness=5_diameter=0.35_bending_stiffness=0.05,0.011000000000000003,11,7,1.9794080106395744,1.9772867021925455,0.5382431156949007,0.4791229766733221,0.6388138828586917,1.6417306215993044,1.5058397022303087,0,1.2732395447351628,1.306962941250433,4,0.023148987038265956,0.06613996296647416,"[[0, 2], [1, 3], [2, 4], [3, 5]]",[],2,0.9886433510962728,0.5493625533456052,0.014451727499513673,0.10017794952543543,0.003780226960257281,0.1184099039852064,0.027942154908149667,0.03693031762192045,0.04561992547103309,0.05820515687900502,False
grid_growth_rate=0.1_contact_stiffness=5_diameter=0.35_bending_stiffness=0.05,0.012000000000000004,12,7,1.9796059613380084,1.9767625583449706,0.5375485187426338,0.47877154484470996,0.6405071242132598,1.6339407413632414,1.4970787316128689,0,1.2732395447351628,1.3080211356504896,4,0.02972068616956941,0.08491624619876975,"[[0, 2], [1, 3], [2, 4], [3, 5]]",[],2,1.9767625583449706,0.5702725139136654,0.03858872184351841,0.09895058922670082,0.005637969250890083,0.1431772803211093,0.07620913899162077,0.10097651532752366,0.12182906446265386,0.15918167220652868,False
grid_growth_rate=0.1_contact_stiffness=5_diameter=0.35_bending_stiffness=0.05,0.013000000000000005,13,7,1.979803931832502,1.9781780105223974,0.5386804803431006,0.4792294736255427,0.6384757040893678,1.6959304651014884,1.5095819630317497,0,1.2732395447351628,1.288086810998709,4,0.02797829725049511,0.07993799214427175,"[[0, 2], [1, 3], [2, 4], [3, 5]]",[],2,0.9890890052611987,0.6859792675816478,0.1066609659424872,0.1007774222828259,0.004038466420411747,0.21147685464572483,0.2088594095963489,0.27715898392096444,0.33068847405900276,0.4363406561274931,False
grid_growth_rate=0.1_contact_stiffness=5_diameter=0.35_bending_stiffness=0.05,0.014000000000000005,14,7,1.980001922125035,1.976558640775148,0.5368550005684627,0.47837220056424634,0.6424307364213387,1.7457053552663355,1.4880018960003347,0,1.2732395447351628,1.2915029027136944,4,0.04575576714570834,0.1307307632734524,"[[0, 2], [1, 3], [2, 4], [3, 5]]",[],2,1.976558640775148,0.7183734551653596,0.2887040300745167,0.09775157700909323,0.010747114841442949,0.3972027219250529,0.569713339640623,0.755439206919951,0.9004018136996257,1.191779863047444,False
grid_growth_rate=0.1_contact_stiffness=5_diameter=0.35_bending_stiffness=0.05,0.015000000000000006,15,7,1.980199932217587,1.980518958485679,0.5401165588703254,0.4796988054963064,0.6360499773397015,1.8874126395378117,1.5261725371841497,0,1.2732395447351628,0.6177037363451454,2,0.04114813182829874,0.1175660909379964,"[[1, 3], [2, 4]]",[],2,0.9902594792428395,0.4969037220143118,0.7954156274123242,0.10342310470802737,0.008465843764436666,0.9073045758847883,1.5652884252400683,2.075390279199804,2.465690238939694,3.267170142247248,False
grid_growth_rate=0.1_contact_stiffness=5_diameter=0.35_bending_stiffness=0.05,0.016000000000000007,16,7,1.9803979621121386,1.9762088045609405,0.5354834413068607,0.4775465778867597,0.6452456406316611,2.0103722206930583,1.4710843877975037,0,1.2732395447351628,0.7249924952731384,2,0.08860668773199532,0.2531619649485581,"[[0, 2], [3, 5]]",[],2,1.9762088045609405,0.8158799943672299,2.1007304409617693,0.09567688509339985,0.03925572555294826,2.2356630516081175,4.1880013646305665,5.516359840353896,6.653691603570261,8.783529982601145,False
grid_growth_rate=0.1_contact_stiffness=5_diameter=0.35_bending_stiffness=0.05,0.016500000000000008,17,7,1.9804969844857832,1.980425703041667,0.5392396765698719,0.47954876318025225,0.6357245345016554,1.8034301965829878,1.514833984576857,0,1.2732395447351628,0.6370874665156268,2,0.031456266743314865,0.08987504783804248,"[[1, 3], [2, 4]]",[],2,0.9902128515208335,0.5981179495781925,0.23425231352754358,0.10179800304063615,0.0049474835867779655,0.34099780015495773,5.7076479679805665,3.8129827165274066,12.361339571550827,12.596512699128551,False
grid_growth_rate=0.1_contact_stiffness=5_diameter=0.35_bending_stiffness=0.05,0.01750000000000001,18,7,1.9806950440870468,1.9774071937901663,0.5365612688524581,0.4783193969541681,0.6410454554255344,1.742922464439022,1.4819252221958295,0,1.2732395447351628,1.2803655570249173,4,0.05753972566150217,0.1643992161757205,"[[0, 2], [1, 3], [2, 4], [3, 5]]",[],2,1.9774071937901663,0.5584696274418052,0.6260467463947431,0.09699871836432104,0.016565040036204286,0.7396105047952685,1.2459153143779504,1.6445280190182612,13.607254885928779,14.241040718146813,False
grid_growth_rate=0.1_contact_stiffness=5_diameter=0.35_bending_stiffness=0.05,0.01850000000000001,19,7,1.9808931234952607,1.9843935984519676,0.541546026831189,0.4802008540607795,0.6318506006368155,2.1220940173496485,1.5456784719791687,0,1.2732395447351628,0.5999565346412322,2,0.05002173268518162,0.14291923624337607,"[[1, 3], [2, 4]]",[],2,0.9921967992259838,0.4493213874632254,1.7056267549489375,0.1069655539146529,0.0125108687012387,1.825103177564829,3.3871308207404085,4.472623493509969,16.99438570666919,18.713664211656784,False
grid_growth_rate=0.1_contact_stiffness=5_diameter=0.35_bending_stiffness=0.05,0.01950000000000001,20,7,1.9810912227124062,1.9765918335730368,0.5349230564196665,0.4771974960794599,0.6430382290404981,2.0822398655563075,1.4611138838603397,0,1.2732395447351628,0.7565834567781171,2,0.11893403774358716,0.339811536410249,"[[0, 2], [3, 5]]",[],2,1.9765918335730368,0.6601910739087574,4.3962752666193765,0.09445950518226108,0.07072652665914043,4.561461298460778,8.882257696296813,11.618615817192762,25.876643402966003,30.332280028849546,False
grid_growth_rate=0.1_contact_stiffness=5_diameter=0.35_bending_stiffness=0.05,0.02,21,7,1.981190279749947,1.9843512651705184,0.5401776532229932,0.4801208333413547,0.6295678759305862,1.9854650109928038,1.5301883213510703,0,1.2732395447351628,0.6289580250642499,2,0.035520987475134214,0.10148853564324062,"[[1, 3], [2, 4]]",[],2,0.9921756325852592,0.51134339225896,0.4787708767939374,0.10480150411711872,0.006308702753464671,0.5898810836645207,11.923964668165597,7.95238445336934,37.8006080711316,38.284664482218886,False
grid_growth_rate=0.1_contact_stiffness=5_diameter=0.35_bending_stiffness=0.1,0.0,0,7,1.9772318589307387,1.9772318589307387,0.5385934789856612,0.4799822910880073,0.6366197723675813,1.5707963267948981,1.5172727398911934,0,1.2732395447351628,1.318154572620492,4,0.020461356844877043,0.05846101955679155,"[[0, 2], [1, 3], [2, 4], [3, 5]]",[],2,,0.0,0.0,0.20327600267580112,0.00418667123933391,0.20746267391513504,0.0,0.0,0.0,0.0,False
grid_growth_rate=0.1_contact_stiffness=5_diameter=0.35_bending_stiffness=0.1,0.001,1,7,1.9774295920031206,1.9762185510304195,0.5383197654464564,0.47960032197194674,0.6367961650261953,1.582047919198527,1.513249199847087,0,1.2732395447351628,1.316958649602311,4,0.02079683290350609,0.05941952258144598,"[[0, 2], [1, 3], [2, 4], [3, 5]]",[],2,1.9762185510304195,0.42402206847532986,6.870499366764156e-05,0.20214627356731496,0.004237235833641038,0.20645221439462366,0.0010685441661863139,5.808464567493856e-05,0.0010685441661863139,5.808464567493856e-05,False
grid_growth_rate=0.1_contact_stiffness=5_diameter=0.35_bending_stiffness=0.1,0.002,2,7,1.9776273448497985,1.9754625906553722,0.5380788627498581,0.4792871595863882,0.6369633673803621,1.5928163624557738,1.5099607603004235,0,1.2732395447351628,1.3167019477799453,4,0.020647538624846917,0.05899296749956263,"[[0, 2], [1, 3], [2, 4], [3, 5]]",[],2,0.9877312953276861,0.4376943224889611,0.00014597029281065041,0.20124023535179064,0.004257459976382773,0.20564366562098407,0.0008714874218611879,6.293864822159881e-05,0.0019400315880475018,0.00012102329389653737,False
grid_growth_rate=0.1_contact_stiffness=5_diameter=0.35_bending_stiffness=0.1,0.003,3,7,1.97782511747275,1.974890318113598,0.5378444723690571,0.4790026776879106,0.6373023922254625,1.599945446251331,1.5066183886847972,0,1.2732395447351628,1.315861415630179,4,0.021204269232418915,0.060583626378339764,"[[0, 2], [1, 3], [2, 4], [3, 5]]",[],2,1.974890318113598,0.42227168345558586,0.0002961747847354979,0.20032787049558934,0.004346393708046037,0.2049704389883709,0.0008072584865442618,0.0001340318539310788,0.0027472900745917636,0.00025505514782761616,False
grid_growth_rate=0.1_contact_stiffness=5_diameter=0.35_bending_stiffness=0.1,0.004,4,7,1.9780229098739526,1.9745554979287765,0.5377032814457947,0.47878290390264683,0.6375891522289211,1.6109703192942113,1.5043080155999076,0,1.2732395447351628,1.3154259391599177,4,0.02096565311846116,0.059901866052746174,"[[0, 2], [1, 3], [2, 4], [3, 5]]",[],2,0.9872777489643882,0.4345152522526959,0.0004245560943875593,0.19971782157480378,0.004285784261453356,0.20442816193064467,0.0008777706770222756,0.00033549361929605527,0.0036250607516140395,0.0005905487671236714,False
grid_growth_rate=0.1_contact_stiffness=5_diameter=0.35_bending_stiffness=0.1,0.005,5,7,1.9782207220553842,1.9742502661389298,0.5374884017281762,0.4785458321030557,0.6381455609520424,1.6136192450142985,1.501066601299039,0,1.2732395447351628,1.314879100719537,4,0.021846082572745562,0.06241737877927304,"[[0, 2], [1, 3], [2, 4], [3, 5]]",[],2,1.9742502661389298,0.4402579658772673,0.0007812948582044431,0.19884719395464534,0.004449634368098996,0.20407812318094878,0.00123386880362035,0.0008838300539244642,0.004858929555234389,0.0014743788210481357,False
grid_growth_rate=0.1_contact_stiffness=5_diameter=0.35_bending_stiffness=0.1,0.006,6,7,1.9784185540190231,1.9742247274812483,0.5374615117759179,0.4784072855094161,0.638399161923739,1.6285625686569636,1.4999793791343436,0,1.2732395447351628,1.3133880713734276,4,0.021486754346234205,0.061390726703526306,"[[0, 2], [1, 3], [2, 4], [3, 5]]",[],2,0.9871123637406242,0.4357662037677614,0.0013286862192980636,0.19859491831809262,0.004225612442698378,0.20414921698008906,0.002331213033344578,0.002402306832484854,0.007190142588578967,0.0038766856535329894,False
grid_growth_rate=0.1_contact_stiffness=5_diameter=0.35_bending_stiffness=0.1,0.007,7,7,1.9786164057668476,1.9739967109491297,0.5371729147186205,0.4781641180098542,0.6392678189585823,1.6217315229701068,1.49587985894925,0,1.2732395447351628,1.3131849088524992,4,0.023380803708179188,0.0668022963090834,"[[0, 2], [1, 3], [2, 4], [3, 5]]",[],2,1.9739967109491297,0.47041824592323317,0.0031447670816194292,0.19748960316373917,0.004652953478844035,0.20528732372420264,0.005434697207505173,0.006572803951618749,0.01262483979608414,0.010449489605151739,False
grid_growth_rate=0.1_contact_stiffness=5_diameter=0.35_bending_stiffness=0.1,0.008,8,7,1.9788142773008361,1.974305931105356,0.5373636382647495,0.4781376364819693,0.6392013657480792,1.6503566019718297,1.4971771585602462,0,1.2732395447351628,1.3084501054323725,4,0.022753270981463347,0.06500934566132385,"[[0, 2], [1, 3], [2, 4], [3, 5]]",[],2,0.987152965552678,0.45463333376507825,0.007360650173256572,0.1979203677160094,0.004045837502371409,0.2093268553916374,0.014076673703559587,0.018116205370994346,0.026701513499643725,0.028565694976146083,False
grid_growth_rate=0.1_contact_stiffness=5_diameter=0.35_bending_stiffness=0.1,0.009000000000000001,9,7,1.9790121686229674,1.9738994771041738,0.536792248116582,0.477793907804898,0.6407468847554024,1.6225111107108807,1.4900480759130874,0,1.2732395447351628,1.3089099165292923,4,0.02752864509446723,0.0786532716984778,"[[0, 2], [1, 3], [2, 4], [3, 5]]",[],2,1.9738994771041738,0.5220114293692625,0.019984529216967147,0.1959704712857644,0.0053212950896102465,0.22127629559234177,0.03793666521765982,0.0498861054183642,0.06463817871730354,0.07845180039451027,False
grid_growth_rate=0.1_contact_stiffness=5_diameter=0.35_bending_stiffness=0.1,0.010000000000000002,10,7,1.9792100797352206,1.9748226641274145,0.5375304604124785,0.4780010852055957,0.6396379744907821,1.6916445754940683,1.4972461108935147,0,1.2732395447351628,1.2950264149212547,4,0.026183821717378375,0.07481091919250965,"[[0, 2], [1, 3], [2, 4], [3, 5]]",[],2,0.9874113320637072,0.5222497727269892,0.05314554995949417,0.1980853695481945,0.0039382020313107734,0.25516912153899945,0.10402446986380742,0.1379172958104651,0.16866264858111096,0.21636909620497538,False
grid_growth_rate=0.1_contact_stiffness=5_diameter=0.35_bending_stiffness=0.1,0.011000000000000003,11,7,1.9794080106395744,1.9737320108578715,0.5361399303118396,0.4773339787684026,0.6428938551855369,1.7103316735283418,1.4816662167699024,0,1.2732395447351628,1.2971915162489869,4,0.0389669939522152,0.11133426843490059,"[[0, 2], [1, 3], [2, 4], [3, 5]]",[],2,1.9737320108578715,0.6096707918710792,0.14693782390417678,0.19380106932793156,0.008280068579852336,0.34901896181196074,0.2857592724889041,0.3796091127618654,0.45442192107001506,0.5959782089668407,False
grid_growth_rate=0.1_contact_stiffness=5_diameter=0.35_bending_stiffness=0.1,0.012000000000000004,12,7,1.9796059613380084,1.9762859570019073,0.5384072237955961,0.4781284765291505,0.638697992976363,1.815627003248133,1.5053597909495269,0,1.2732395447351628,0.6287876669328771,2,0.03560616653357984,0.10173190438165669,"[[1, 3], [2, 4]]",[],2,0.9881429785009537,0.6447282224202637,0.40309687350071133,0.20071531935389453,0.006338995476078553,0.6101511883306844,0.7906677775259304,1.051800004044654,1.2450896985959454,1.6477782130114949,False
grid_growth_rate=0.1_contact_stiffness=5_diameter=0.35_bending_stiffness=0.1,0.013000000000000005,13,7,1.979803931832502,1.9734282116899418,0.534862317789253,0.47658537127351186,0.6461933015128093,1.9247072093821984,1.4677550656755112,0,1.2732395447351628,0.7057558436467177,2,0.07015044339309129,0.20042983826597513,"[[0, 2], [3, 5]]",[],2,1.9734282116899418,0.7263821826315152,1.0951426956731316,0.19042459895340094,0.024605423541216143,1.3101727181677487,2.153139020765471,2.8531605506025355,3.3982287193614162,4.50093876361403,False
grid_growth_rate=0.1_contact_stiffness=5_diameter=0.35_bending_stiffness=0.1,0.014000000000000005,14,7,1.980001922125035,1.982098199201003,0.5416858125352262,0.47892048797686976,0.6328369109562128,2.3081698633738648,1.5482356427714932,0,1.2732395447351628,0.5787914820226061,2,0.060604258988785686,0.17315502568224483,"[[1, 3], [2, 4]]",[],2,0.9910490996005015,0.46117715220770256,3.0191873163495297,0.21526353612668703,0.01836438103784526,3.252815233514062,5.950469635004129,7.893112150350443,9.348698354365546,12.394050913964474,False
grid_growth_rate=0.1_contact_stiffness=5_diameter=0.35_bending_stiffness=0.1,0.014500000000000006,15,7,1.9801009246961847,1.9750513604924527,0.5358626531553691,0.47733543733974526,0.6402927210551637,1.6875431382303974,1.4775312142865675,0,1.2732395447351628,1.2914593268860592,4,0.045328290143202776,0.1295094004091508,"[[0, 2], [1, 3], [2, 4], [3, 5]]",[],2,1.9750513604924527,0.41609967147140725,0.27363172524856416,0.19300825267742489,0.010673070406848412,0.47731304833283744,7.873700406616456,5.098198221435232,17.222398760982003,17.492249135399707,False
grid_growth_rate=0.1_contact_stiffness=5_diameter=0.35_bending_stiffness=0.1,0.015500000000000007,16,7,1.980298944689489,1.9794007935586748,0.5392179568210131,0.47838311642187814,0.6352524372021517,1.9797576729459836,1.5143867587750064,0,1.2732395447351628,0.6196741878083868,2,0.040162906095931095,0.11475116027408885,"[[1, 3], [2, 4]]",[],2,0.9897003967793374,0.588328415783719,0.7415325055821227,0.20443152419572114,0.008065295130302887,0.9540293249081466,1.4700420353553445,1.9467583119306537,18.692440796337348,19.43900744733036,False
grid_growth_rate=0.1_contact_stiffness=5_diameter=0.35_bending_stiffness=0.1,0.016500000000000008,17,7,1.9804969844857832,1.9742454260237552,0.534406610701354,0.4764252031609796,0.6442144710665804,1.9259800746378046,1.4613435610098624,0,1.2732395447351628,0.7238020296409594,2,0.08681535890651182,0.2480438825900338,"[[0, 2], [3, 5]]",[],2,1.9742454260237552,0.5814947835940963,1.9718799622385228,0.18896177302938594,0.03768453271016563,2.1985262679780746,3.9251357679329963,5.169632711002924,22.617576564270344,24.608640158333287,False
grid_growth_rate=0.1_contact_stiffness=5_diameter=0.35_bending_stiffness=0.1,0.017000000000000008,18,7,1.98059601181067,1.9788266907065695,0.538197416867146,0.4781122145944588,0.6356337846508874,1.891490414287654,1.5024993023392834,0,1.2732395447351628,0.6378252527044099,2,0.031087373647952332,0.0888210675655781,"[[1, 3], [2, 4]]",[],2,0.9894133453532847,0.7092377542982191,0.21691126011484535,0.20100334422128166,0.004832124001588107,0.42274672833771515,5.343420702169154,3.5676411625287945,27.9609972664395,28.17628132086208,False
grid_growth_rate=0.1_contact_stiffness=5_diameter=0.35_bending_stiffness=0.1,0.01800000000000001,19,7,1.9807940813151612,1.975447662963121,0.5354229224973736,0.47697957238667943,0.6411656921942985,1.7262347134757159,1.4710800220380453,0,1.2732395447351628,1.2809424137202607,4,0.05672944825061177,0.16208413785889078,"[[0, 2], [1, 3], [2, 4], [3, 5]]",[],2,1.975447662963121,0.4283613508489892,0.5886193868574344,0.1915695142727088,0.016130333152998097,0.7963192342831413,1.1648831544139242,1.5384556603593504,29.125880420853424,29.71473698122143,False
grid_growth_rate=0.1_contact_stiffness=5_diameter=0.35_bending_stiffness=0.1,0.01900000000000001,20,7,1.9809921706275933,1.9823566164311974,0.5403761393193243,0.47850197011535,0.6330609613658089,2.1771713874646546,1.5295109297051752,0,1.2732395447351628,0.6024206612867227,2,0.048789669357441945,0.139399055306977,"[[1, 3], [2, 4]]",[],2,0.9911783082155987,0.5271460709650562,1.5940063274439988,0.21019623820332123,0.01190215917965062,1.8161047248269708,3.1712482397908275,4.191033730334657,32.29712866064425,33.90577071155609,False
grid_growth_rate=0.1_contact_stiffness=5_diameter=0.35_bending_stiffness=0.1,0.02,21,7,1.981190279749947,1.974394004515716,0.533559627219391,0.4758415863425407,0.6444332678350032,2.0548319702590234,1.452916320611026,0,1.2732395447351628,0.7527028721027302,2,0.11654575017447033,0.3329878576413438,"[[0, 2], [3, 5]]",[],2,1.974394004515716,0.5419129749994961,4.154079905370558,0.18724759024632137,0.06791455941718542,4.409242055034065,8.351618162805432,10.944755493012526,40.64874682344968,44.85052620456861,False
grid_growth_rate=0.1_contact_stiffness=20_diameter=0.2_bending_stiffness=0.05,0.0,0,7,1.9772318589307387,1.9772318589307387,0.5385934789856612,0.4799822910880073,0.6366197723675813,1.5707963267948981,1.5172727398911934,0,1.2732395447351628,0.0,0,0.0,0.0,[],[],0,,0.0,0.0,0.10163800133790056,0.0,0.10163800133790056,0.0,0.0,0.0,0.0,False
grid_growth_rate=0.1_contact_stiffness=20_diameter=0.2_bending_stiffness=0.05,0.001,1,7,1.9774295920031206,1.9765765881141348,0.5384062609523709,0.47976630507623425,0.636635477974838,1.5750744497128109,1.5149514932156483,0,1.2732395447351628,0.0,0,0.0,0.0,[],[],0,1.9765765881141348,0.4351783586580456,4.275499727249547e-05,0.10131573132957292,0.0,0.10135848632684541,0.0003079878120413013,2.8472800986150434e-05,0.0003079878120413013,2.8472800986150434e-05,False
grid_growth_rate=0.1_contact_stiffness=20_diameter=0.2_bending_stiffness=0.05,0.002,2,7,1.9776273448497985,1.9761327110140487,0.5382824980019612,0.47959920916433846,0.6366673017198933,1.5813779075267613,1.5132262077616656,0,1.2732395447351628,0.0,0,0.0,0.0,[],[],0,0.9880663555070244,0.45812798125401105,6.68610776251623e-05,0.10108106516793894,0.0,0.1011479262455641,0.000283263700919271,7.270361963795745e-05,0.0005912515129605723,0.00010117642062410789,False
grid_growth_rate=0.1_contact_stiffness=20_diameter=0.2_bending_stiffness=0.05,0.003,3,7,1.97782511747275,1.9757804321633983,0.5381397049553103,0.4794379890677684,0.6368484208492411,1.5839868316285164,1.5111436008866697,0,1.2732395447351628,0.0,0,0.0,0.0,[],[],0,1.9757804321633983,0.42668630785729156,0.00020330963335642738,0.10079638793069162,0.0,0.10099969756404804,0.00033080115639319975,0.00018257247487714757,0.0009220526693537721,0.00028374889550125546,False
grid_growth_rate=0.1_contact_stiffness=20_diameter=0.2_bending_stiffness=0.05,0.004,4,7,1.9780229098739526,1.9756177334074965,0.538090912911041,0.47933410086020567,0.6369210586018643,1.592108849185377,1.510120966538785,0,1.2732395447351628,0.0,0,0.0,0.0,[],[],0,0.9878088667037482,0.46771742771162667,0.00027764764351754514,0.10066517450470729,0.0,0.10094282214822484,0.0005255532259812329,0.00046867781015802576,0.001447605895335005,0.0007524267056592813,False
grid_growth_rate=0.1_contact_stiffness=20_diameter=0.2_bending_stiffness=0.05,0.005,5,7,1.9782207220553842,1.975415830473288,0.5379392968118161,0.47919127657801563,0.6372754202173133,1.590860928231748,1.5077810127602798,0,1.2732395447351628,0.0,0,0.0,0.0,[],[],0,1.975415830473288,0.44401769799260155,0.0007298457785682457,0.10034581215091083,0.0,0.10107565792947908,0.0010760697724019022,0.001208905553656142,0.002523675667736907,0.001961332259315423,False
grid_growth_rate=0.1_contact_stiffness=20_diameter=0.2_bending_stiffness=0.05,0.006,6,7,1.9784185540190231,1.9754891209725938,0.5379947366326242,0.4791533171234022,0.6372588553472003,1.6044774959476746,1.5078867804664469,0,1.2732395447351628,0.0,0,0.0,0.0,[],[],0,0.9877445604862969,0.4922611075417097,0.0013025197158140454,0.10037817573685037,0.0,0.10168069545266442,0.0025512862322190637,0.0031563237554044087,0.00507496189995597,0.005117656014719831,False
grid_growth_rate=0.1_contact_stiffness=20_diameter=0.2_bending_stiffness=0.05,0.007,7,7,1.9786164057668476,1.9752870508389468,0.5377460499920842,0.478980880608505,0.6379094643910912,1.5938569199351043,1.504320336093852,0,1.2732395447351628,0.0,0,0.0,0.0,[],[],0,1.9752870508389468,0.4834120092835541,0.003610310245818688,0.09988518412975705,0.0,0.10349549437557574,0.006431414111229721,0.008246213034141043,0.01150637601118569,0.013363869048860874,False
grid_growth_rate=0.1_contact_stiffness=20_diameter=0.2_bending_stiffness=0.05,0.008,8,7,1.9788142773008361,1.975667038248867,0.538018424722056,0.47905186804427957,0.6375312612712116,1.6228873799209642,1.5069165119282149,0,1.2732395447351628,0.0,0,0.0,0.0,[],[],0,0.9878335191244335,0.551287395573619,0.008212468217398473,0.10027628347605717,0.0,0.10848875169345565,0.01664454820092573,0.021637805518805633,0.02815092421211142,0.03500167456766651,False
grid_growth_rate=0.1_contact_stiffness=20_diameter=0.2_bending_stiffness=0.05,0.009000000000000001,9,7,1.9790121686229674,1.9752240101492142,0.5374696946282623,0.478754356203182,0.6388495076569133,1.6140411539760282,1.4998291221668025,0,1.2732395447351628,0.0,0,0.0,0.0,[],[],0,1.9752240101492142,0.560321186110041,0.022472215766771116,0.09928385460136192,0.0,0.12175607036813305,0.04338727915172686,0.05665459782640426,0.07153820336383829,0.09165627239407076,False
grid_growth_rate=0.1_contact_stiffness=20_diameter=0.2_bending_stiffness=0.05,0.010000000000000002,10,7,1.9792100797352206,1.976226193169464,0.538282749269922,0.4790683641378763,0.6374255001403284,1.6619234861507586,1.508699707806839,0,1.2732395447351628,0.0,0,0.0,0.0,[],[],0,0.988113096584732,0.668592315018146,0.05628444754902246,0.10058137133820869,0.0,0.15686581888723114,0.11373179808164295,0.14884154660074106,0.18527000144548122,0.24049781899481182,False
grid_growth_rate=0.1_contact_stiffness=20_diameter=0.2_bending_stiffness=0.05,0.011000000000000003,11,7,1.9794080106395744,1.9750348009517222,0.5369316847638707,0.4784190880069134,0.64037396947361,1.6924494908614307,1.4924271889770406,0,1.2732395447351628,0.0,0,0.0,0.0,[],[],0,1.9750348009517222,0.69275992344133,0.1502550787543476,0.09829430807955442,0.0,0.24854938683390201,0.2973080063563212,0.3889915743029921,0.48257800780180243,0.6294893932978038,False
grid_growth_rate=0.1_contact_stiffness=20_diameter=0.2_bending_stiffness=0.05,0.012000000000000004,12,7,1.9796059613380084,1.977687044676925,0.539188893378996,0.47934065967282574,0.636048614257504,1.7793678598558462,1.5183523129441268,0,1.2732395447351628,0.0,0,0.0,0.0,[],[],0,0.9888435223384625,0.5445464140610665,0.38856264580199024,0.10210348236887896,0.0,0.4906661281708692,0.7814429377645067,1.0235596791014738,1.2640209455663092,1.6530490723992777,False
grid_growth_rate=0.1_contact_stiffness=20_diameter=0.2_bending_stiffness=0.05,0.013000000000000005,13,7,1.979803931832502,1.9745809228522828,0.5358255960989458,0.47778197317522825,0.6428206008533335,1.8817733936696115,1.4788282385384695,0,1.2732395447351628,0.0,0,0.0,0.0,[],[],0,1.9745809228522828,0.8083185692087471,1.017835606067073,0.09655642214584417,0.0,1.1143920282129172,2.03357904150764,2.657304941549688,3.297599987073949,4.310354013948966,False
grid_growth_rate=0.1_contact_stiffness=20_diameter=0.2_bending_stiffness=0.05,0.014000000000000005,14,7,1.980001922125035,1.983002980171209,0.5421717119799486,0.4802737910872526,0.6302902000567012,2.2228677328746738,1.5597072441746098,0,1.2732395447351628,0.0,0,0.0,0.0,[],[],0,0.9915014900856045,0.41066320323073563,2.658500711806248,0.10903241544428093,0.0,2.7675331272505286,5.355532927469351,7.008674026506963,8.653132914543301,11.31902804045593,False
grid_growth_rate=0.1_contact_stiffness=20_diameter=0.2_bending_stiffness=0.05,0.014500000000000006,15,7,1.9801009246961847,1.9761388133329518,0.5368716928071053,0.47861347004743204,0.6369024433781768,1.6483530060514544,1.490312020198795,0,1.2732395447351628,0.0,0,0.0,0.0,[],[],0,0.9880694066664759,0.4478732241211958,0.22662694479622048,0.09809523426095777,0.0,0.32472217905717826,6.847180651193541,4.4043697030001905,15.500313565736842,15.72339774345612,False
grid_growth_rate=0.1_contact_stiffness=20_diameter=0.2_bending_stiffness=0.05,0.015500000000000007,16,7,1.980298944689489,1.980142471465966,0.5398274365796304,0.4796967075896464,0.6322487965604475,1.9052075686619088,1.525995250339221,0,1.2732395447351628,0.0,0,0.0,0.0,[],[],0,0.990071235732983,0.49714593643646365,0.5790231287037407,0.1036144612218987,0.0,0.6826375899256394,1.1759844277757667,1.5338998386442277,16.67629799351261,17.25729758210035,False
grid_growth_rate=0.1_contact_stiffness=20_diameter=0.2_bending_stiffness=0.05,0.016500000000000008,17,7,1.9804969844857832,1.975180658113651,0.5356728326303735,0.4778473912313813,0.6395954752182705,1.8306854339557057,1.474350310859791,0,1.2732395447351628,0.0,0,0.0,0.0,[],[],0,1.975180658113651,0.5990681380186121,1.4932338721144827,0.09597652914466703,0.0,1.5892104012591497,3.014247289623687,3.9208201009571972,19.690545283136295,21.178117683057547,False
grid_growth_rate=0.1_contact_stiffness=20_diameter=0.2_bending_stiffness=0.05,0.01750000000000001,18,7,1.9806950440870468,1.987846714774834,0.5436212071775092,0.4807359264953835,0.6252976103890168,2.4649724832755675,1.5872207934227494,0,1.2732395447351628,0.0,0,0.0,0.0,[],[],0,0.993923357387417,0.4013250433921141,3.8499676345159375,0.11428889752782723,0.0,3.964256532043765,7.838938684043592,10.213984814828208,27.529483967179885,31.392102497885755,False
grid_growth_rate=0.1_contact_stiffness=20_diameter=0.2_bending_stiffness=0.05,0.01800000000000001,19,7,1.9807940813151612,1.977554195285511,0.5369606531950085,0.47891280663020275,0.6315222826514837,1.743515902481723,1.4921275855586917,0,1.2732395447351628,0.0,0,0.0,0.0,[],[],0,0.9887770976427555,0.6879009321538588,0.3060871907423707,0.0986448444231277,0.0,0.4047320351654984,9.830321847285882,6.270797350407616,37.359805814465766,37.66289984829337,False
grid_growth_rate=0.1_contact_stiffness=20_diameter=0.2_bending_stiffness=0.05,0.01900000000000001,20,7,1.9809921706275933,1.9831286674307926,0.5404846076980085,0.48009622736232793,0.6268318745784858,2.0462248918736434,1.539123886178393,0,1.2732395447351628,0.0,0,0.0,0.0,[],[],0,0.9915643337153963,0.4805066651000257,0.7685179289088072,0.10626640740473826,0.0,0.8747843363135455,1.5809226008611537,2.0509749020092007,38.940728415326916,39.71387475030257,False
grid_growth_rate=0.1_contact_stiffness=20_diameter=0.2_bending_stiffness=0.05,0.02,21,7,1.981190279749947,1.975634578629831,0.535601755036661,0.4780148593345054,0.6340778322848465,1.8181726343861957,1.473165248307991,0,1.2732395447351628,0.0,0,0.0,0.0,[],[],0,0.9878172893149155,0.39191340894894705,1.9450250299942198,0.09596170636230551,0.0,2.0409867363565253,3.976403191221312,5.142605591264292,42.917131606548224,44.856480341566865,False
grid_growth_rate=0.1_contact_stiffness=20_diameter=0.2_bending_stiffness=0.1,0.0,0,7,1.9772318589307387,1.9772318589307387,0.5385934789856612,0.4799822910880073,0.6366197723675813,1.5707963267948981,1.5172727398911934,0,1.2732395447351628,0.0,0,0.0,0.0,[],[],0,,0.0,0.0,0.20327600267580112,0.0,0.20327600267580112,0.0,0.0,0.0,0.0,False
grid_growth_rate=0.1_contact_stiffness=20_diameter=0.2_bending_stiffness=0.1,0.001,1,7,1.9774295920031206,1.975885855640696,0.5382112428542029,0.4795430408891298,0.636635477974838,1.5796410066658473,1.512753799797942,0,1.2732395447351628,0.0,0,0.0,0.0,[],[],0,1.975885855640696,0.4356778764192903,0.0001581456149777787,0.2020033290434403,0.0,0.20216147465841808,0.0012586683607540346,0.00014414034337099165,0.0012586683607540346,0.00014414034337099165,False
grid_growth_rate=0.1_contact_stiffness=20_diameter=0.2_bending_stiffness=0.1,0.002,2,7,1.9776273448497985,1.9749456876902345,0.5379534026828778,0.47920037780538716,0.6366801834080265,1.5919713459410887,1.509481768712085,0,1.2732395447351628,0.0,0,0.0,0.0,[],[],0,0.9874728438451172,0.45260415043115587,0.00022445718873407008,0.2011026319683119,0.0,0.20132708915704597,0.0011365159822344813,0.00030213048086237776,0.002395184342988516,0.0004462708242333694,False
grid_growth_rate=0.1_contact_stiffness=20_diameter=0.2_bending_stiffness=0.1,0.003,3,7,1.97782511747275,1.974172501050605,0.5376543977580932,0.47886835091643687,0.6370289164713414,1.5963602815991897,1.5055400279967823,0,1.2732395447351628,0.0,0,0.0,0.0,[],[],0,1.974172501050605,0.438050478184571,0.000731338098991709,0.20001970539740282,0.0,0.20075104349639453,0.0013104480249178318,0.0007344023642663843,0.0037056323679063477,0.0011806731884997537,False
grid_growth_rate=0.1_contact_stiffness=20_diameter=0.2_bending_stiffness=0.1,0.004,4,7,1.9780229098739526,1.9737625804369388,0.5375444640833372,0.47864857631577373,0.6371510744998303,1.6115846919300625,1.5037346560221403,0,1.2732395447351628,0.0,0,0.0,0.0,[],[],0,0.9868812902184694,0.4522478155630391,0.0010002421628568414,0.19955533406027642,0.0,0.20055557622313328,0.0020858501862703873,0.0018903829130091357,0.005791482554176735,0.0030710561015088894,False
grid_growth_rate=0.1_contact_stiffness=20_diameter=0.2_bending_stiffness=0.1,0.005,5,7,1.9782207220553842,1.9732621025240937,0.5372217129971947,0.4783522050818993,0.6378488805877264,1.6074553718842233,1.4993576073918582,0,1.2732395447351628,0.0,0,0.0,0.0,[],[],0,1.9732621025240937,0.4654677313240811,0.0027899948022109427,0.1983627470408999,0.0,0.20115274184311085,0.004331558878055623,0.004928724498033203,0.010123041432232357,0.007999780599542093,False
grid_growth_rate=0.1_contact_stiffness=20_diameter=0.2_bending_stiffness=0.1,0.006,6,7,1.9784185540190231,1.973296101917457,0.5373233632038087,0.47825969540038943,0.6377763473497996,1.6335783207526973,1.4998181983228596,0,1.2732395447351628,0.0,0,0.0,0.0,[],[],0,0.9866480509587285,0.46864781853920906,0.005168783968419013,0.1985532602006902,0.0,0.20372204416910922,0.01040709473190821,0.012976397057906573,0.020530136164140567,0.020976177657448664,False
grid_growth_rate=0.1_contact_stiffness=20_diameter=0.2_bending_stiffness=0.1,0.007,7,7,1.9786164057668476,1.9727799893784237,0.5367952364004013,0.47790710170817363,0.6390769634093485,1.6101742303259363,1.4931259053424217,0,1.2732395447351628,0.0,0,0.0,0.0,[],[],0,1.9727799893784237,0.5135724091376003,0.014650725429975073,0.19671662255576466,0.0,0.21136734798573975,0.02651703291806851,0.03416233673469904,0.04704716908220907,0.0551385143921477,False
grid_growth_rate=0.1_contact_stiffness=20_diameter=0.2_bending_stiffness=0.1,0.008,8,7,1.9788142773008361,1.9734060070274269,0.5373507293765879,0.47802396368320926,0.6382315947448319,1.6690662973323684,1.4985077463313912,0,1.2732395447351628,0.0,0,0.0,0.0,[],[],0,0.9867030035137134,0.5243121616487058,0.03412882619859883,0.19831517249849842,0.0,0.23244399869709725,0.06923478665772254,0.09031143736908004,0.11628195573993161,0.14544995176122774,False
grid_growth_rate=0.1_contact_stiffness=20_diameter=0.2_bending_stiffness=0.1,0.009000000000000001,9,7,1.9790121686229674,1.9724283016337558,0.536196811327076,0.4774346534202862,0.6408981579327708,1.6748099354393982,1.4851901371252756,0,1.2732395447351628,0.0,0,0.0,0.0,[],[],0,1.9724283016337558,0.5942793560363581,0.09398402918577027,0.1946377525787456,0.0,0.28862178176451586,0.18173445919753273,0.23791224226495133,0.29801641493746434,0.3833621940261791,False
grid_growth_rate=0.1_contact_stiffness=20_diameter=0.2_bending_stiffness=0.1,0.010000000000000002,10,7,1.9792100797352206,1.9743233110151444,0.5379158271349135,0.4780169822377908,0.6377846131723637,1.7589776171017883,1.5031542045245694,0,1.2732395447351628,0.0,0,0.0,0.0,[],[],0,0.9871616555075722,0.6390601204940581,0.23876237892201999,0.1998725896890823,0.0,0.4386349686111023,0.4804753292945822,0.6304885161411686,0.7784917442320465,1.0138507101673477,False
grid_growth_rate=0.1_contact_stiffness=20_diameter=0.2_bending_stiffness=0.1,0.011000000000000003,11,7,1.9794080106395744,1.9719855895322662,0.5351133371788686,0.4767677202859888,0.6437117166485312,1.837934642909632,1.4728514824532142,0,1.2732395447351628,0.0,0,0.0,0.0,[],[],0,1.9719855895322662,0.7122803093950474,0.6393443060903763,0.19153293845802966,0.0,0.830877244548406,1.2623878751239548,1.6546301510612584,2.0408796193560015,2.6684808612286064,False
grid_growth_rate=0.1_contact_stiffness=20_diameter=0.2_bending_stiffness=0.1,0.012000000000000004,12,7,1.9796059613380084,1.9778042253223043,0.5400735701526999,0.47850859208844976,0.6341026203273137,2.079714920730737,1.5286880346454128,0,1.2732395447351628,0.0,0,0.0,0.0,[],[],0,0.9889021126611521,0.49652230022789373,1.6711747162961432,0.20832456272672423,0.0,1.8794992790228675,3.3512344350985677,4.399856469573029,5.392114054454569,7.0683373308016355,False
grid_growth_rate=0.1_contact_stiffness=20_diameter=0.2_bending_stiffness=0.1,0.013000000000000005,13,7,1.979803931832502,1.9716605444562643,0.5333395866468839,0.4755912066679068,0.6466014899492296,2.1872463501164017,1.453680204825265,0,1.2732395447351628,0.0,0,0.0,0.0,[],[],0,1.9716605444562643,0.743284780537026,4.351713846206158,0.18730205530082517,0.0,4.539015901506983,8.708050937798216,11.367567560282332,14.100164992252786,18.43590489108397,False
grid_growth_rate=0.1_contact_stiffness=20_diameter=0.2_bending_stiffness=0.1,0.013500000000000005,14,7,1.9799029245038897,1.9775144792825796,0.538520286060496,0.4783007954940741,0.6325412012377981,1.935844309067649,1.5119367462685624,0,1.2732395447351628,0.0,0,0.0,0.0,[],[],0,0.9887572396412898,0.5921814384537046,0.44435369367125854,0.2036948814138989,0.0,0.6480485750851575,11.550131152219034,7.659163825797209,25.65029614447182,26.095068716881176,False
grid_growth_rate=0.1_contact_stiffness=20_diameter=0.2_bending_stiffness=0.1,0.014500000000000006,15,7,1.980100924696185,1.9729139429046638,0.5347448817261709,0.4767171611469915,0.6397689406594822,1.768640163692194,1.4672532741694815,0,1.2732395447351628,0.0,0,0.0,0.0,[],[],0,1.9729139429046638,0.4757555227798047,1.1652864857861571,0.19032534454462915,0.0,1.3556118303307862,2.334680402531312,3.0422436577769405,27.984976547003132,29.137312374658116,False
grid_growth_rate=0.1_contact_stiffness=20_diameter=0.2_bending_stiffness=0.1,0.015500000000000007,16,7,1.9802989446894894,1.9835345752283202,0.5418111643231989,0.4789164134856717,0.6279239504868337,2.392865375214898,1.5583764013123156,0,1.2732395447351628,0.0,0,0.0,0.0,[],[],0,0.9917672876141601,0.4624106340435558,3.002132449451694,0.2198985103098868,0.0,3.222030959761581,6.098694602176476,7.96511373160727,34.08367114917961,37.10242610626538,False
grid_growth_rate=0.1_contact_stiffness=20_diameter=0.2_bending_stiffness=0.1,0.016000000000000007,17,7,1.9803979621121388,1.9747432601076245,0.5358035684803656,0.4773923894679644,0.6343981897376368,1.771516315586926,1.4805997879110966,0,1.2732395447351628,0.0,0,0.0,0.0,[],[],0,0.9873716300538122,0.5713073979557413,0.25418980966326665,0.19445151685943013,0.0,0.4486413265226968,7.742182394110689,4.968792760871804,41.82585354329029,42.07121886713719,False
grid_growth_rate=0.1_contact_stiffness=20_diameter=0.2_bending_stiffness=0.1,0.017000000000000008,18,7,1.9805960118106702,1.9793765118507347,0.5390131592057554,0.47830503265345703,0.6305438031569055,2.0372655863941924,1.5182392139054854,0,1.2732395447351628,0.0,0,0.0,0.0,[],[],0,0.9896882559253674,0.563147920158378,0.6362143640903858,0.20657243008215675,0.0,0.8427867941725425,1.304982255178505,1.6991277228283508,43.1308357984688,43.77034658996554,False
grid_growth_rate=0.1_contact_stiffness=20_diameter=0.2_bending_stiffness=0.1,0.01800000000000001,19,7,1.9807940813151614,1.9730516175344301,0.5343595230720982,0.4765187784032623,0.6383298813568933,1.8074934787053536,1.4635694449349423,0,1.2732395447351628,0.0,0,0.0,0.0,[],[],0,1.9730516175344301,0.41865188643968587,1.649720968664621,0.18966549497619328,0.0,1.8393864636408144,3.3286592281097076,4.32525889757798,46.45949502657851,48.09560548754352,False
grid_growth_rate=0.1_contact_stiffness=20_diameter=0.2_bending_stiffness=0.1,0.01900000000000001,20,7,1.9809921706275935,1.9876387040058423,0.5430519271306484,0.47905315480444083,0.6246410205869659,2.6042153572618894,1.583275784112534,0,1.2732395447351628,0.0,0,0.0,0.0,[],[],0,0.9938193520029212,0.43697102656187226,4.2193603771738255,0.2297469229771156,0.0,4.449107300150941,8.630942953901581,11.240663790411707,55.09043798048009,59.33626927795523,False
grid_growth_rate=0.1_contact_stiffness=20_diameter=0.2_bending_stiffness=0.1,0.019500000000000003,21,7,1.9810912227124065,1.9757188739586566,0.5356803697627045,0.4774364464723861,0.630959432115545,1.8378530857914095,1.4822196127279312,0,1.2732395447351628,0.0,0,0.0,0.0,[],[],0,0.9878594369793283,0.6444184311938015,0.338169839659004,0.1956950260427783,0.0,0.5338648657017823,10.805151370246362,6.889908935797203,65.89558935072645,66.22617821375243,False
grid_growth_rate=0.1_contact_stiffness=20_diameter=0.2_bending_stiffness=0.1,0.02,22,7,1.9811902797499474,1.9783845537371403,0.53742040349898,0.47798589343830294,0.6289951645707236,1.9365351429228823,1.5026867576876977,0,1.2732395447351628,0.0,0,0.0,0.0,[],[],0,0.9891922768685701,0.6819620378170266,0.028745928305427573,0.20231692161608486,0.0,0.23106284992151244,0.8663754363398662,0.5635734205595964,66.76196478706632,66.78975163431203,False
grid_growth_rate=0.1_contact_stiffness=20_diameter=0.35_bending_stiffness=0.05,0.0,0,7,1.9772318589307387,1.9772318589307387,0.5385934789856612,0.4799822910880073,0.6366197723675813,1.5707963267948981,1.5172727398911934,0,1.2732395447351628,1.318154572620492,4,0.020461356844877043,0.05846101955679155,"[[0, 2], [1, 3], [2, 4], [3, 5]]",[],2,,0.0,0.0,0.10163800133790056,0.01674668495733564,0.1183846862952362,0.0,0.0,0.0,0.0,False
grid_growth_rate=0.1_contact_stiffness=20_diameter=0.35_bending_stiffness=0.05,0.001,1,7,1.9774295920031206,1.977909460021361,0.538840722793421,0.4799962026759896,0.6372782261802671,1.5847409453428172,1.5169387979735507,0,1.2732395447351628,1.3166937184429712,4,0.020120516070790018,0.05748718877368577,"[[0, 2], [1, 3], [2, 4], [3, 5]]",[],2,0.9889547300106805,0.480992067803857,0.0007245656230025902,0.10160280477632079,0.015617796845669597,0.11794516724499297,0.0011876885387065697,0.0007481694884633441,0.0011876885387065697,0.0007481694884633441,False
grid_growth_rate=0.1_contact_stiffness=20_diameter=0.35_bending_stiffness=0.05,0.002,2,7,1.9776273448497985,1.978154761224782,0.5387691985738822,0.4799367736329436,0.6377878535595987,1.5843312789316217,1.5150188734668122,0,1.2732395447351628,1.3166426881877369,4,0.020978079432091568,0.05993736980597591,"[[0, 2], [1, 3], [2, 4], [3, 5]]",[],2,1.978154761224782,0.49722840464172074,0.0005335109725188706,0.10133952770136913,0.016208198942711506,0.1180812376165995,0.0011238240401494582,0.0012598944117559836,0.002311512578856028,0.002008063900219328,False
grid_growth_rate=0.1_contact_stiffness=20_diameter=0.35_bending_stiffness=0.05,0.003,3,7,1.97782511747275,1.978612650907379,0.5388959842421885,0.47997639399628383,0.6378642433880295,1.5995130598246223,1.5156441131243579,0,1.2732395447351628,1.3146742830808398,4,0.02068084565424011,0.05908813044068603,"[[0, 2], [1, 3], [2, 4], [3, 5]]",[],2,0.9893063254536895,0.5790334505758249,0.0024757194338679857,0.1014441765345812,0.015056154114559739,0.11897605008300892,0.00306905403905996,0.00396386650546938,0.005380566617915988,0.005971930405688708,False
grid_growth_rate=0.1_contact_stiffness=20_diameter=0.35_bending_stiffness=0.05,0.004,4,7,1.9780229098739526,1.9786428387638806,0.5386688855184434,0.47983152152636266,0.6387025465659071,1.5970413228962794,1.5117981999515908,0,1.2732395447351628,1.3146710574138487,4,0.023103118683345192,0.0660089105238434,"[[0, 2], [1, 3], [2, 4], [3, 5]]",[],2,1.9786428387638806,0.5472113588447941,0.004138694522160412,0.10090583443443019,0.017165244553383675,0.12220977350997428,0.009153030517171973,0.012386753944137333,0.01453359713508796,0.01835868434982604,False
grid_growth_rate=0.1_contact_stiffness=20_diameter=0.35_bending_stiffness=0.05,0.005,5,7,1.9782207220553842,1.979385100405373,0.5390635367138922,0.4800019922792759,0.6381775349019662,1.6246127142155153,1.5158821892867038,0,1.2732395447351628,1.3074039836722795,4,0.02259837071772275,0.06456677347920786,"[[0, 2], [1, 3], [2, 4], [3, 5]]",[],2,0.9896925502026865,0.7086772777644187,0.017108437744961937,0.10151262142771866,0.014139016279533418,0.13276007545221402,0.02819844310955911,0.03874874505179885,0.042732040244647065,0.05710742940162489,False
grid_growth_rate=0.1_contact_stiffness=20_diameter=0.35_bending_stiffness=0.05,0.006,6,7,1.9784185540190231,1.9788582330331317,0.5383621245796034,0.47961431583523007,0.6400228259703646,1.645651937944587,1.5061934238338028,0,1.2732395447351628,1.3076371955513424,4,0.02994226566015329,0.08554933045758083,"[[0, 2], [1, 3], [2, 4], [3, 5]]",[],2,1.9788582330331317,0.6890621978463636,0.04378592213692709,0.10014146325239151,0.02207192887538237,0.16599931426470096,0.08748523394531411,0.12072447275780106,0.13021727418996118,0.17783190215942596,False
grid_growth_rate=0.1_contact_stiffness=20_diameter=0.35_bending_stiffness=0.05,0.007,7,7,1.9786164057668476,1.9806336729182636,0.5396321058360367,0.4802034998295652,0.6375974113470692,1.6946735530440702,1.5213534685154861,0,1.2732395447351628,1.2839447945881426,4,0.028742316158191283,0.08212090330911796,"[[0, 2], [1, 3], [2, 4], [3, 5]]",[],2,0.9903168364591318,0.5460135204381308,0.15146000114756444,0.10237133452977813,0.01657723239629821,0.2704085680736408,0.2730984731302326,0.37750772693917245,0.4033157473201938,0.5553396290985984,False
grid_growth_rate=0.1_contact_stiffness=20_diameter=0.35_bending_stiffness=0.05,0.008,8,7,1.9788142773008361,1.9785667073604933,0.5375212665337585,0.47908850794483476,0.6424131937604796,1.7934852730296131,1.494274969412963,0,1.2732395447351628,1.2851538073288997,4,0.05137634603168301,0.14678956009052288,"[[0, 2], [1, 3], [2, 4], [3, 5]]",[],2,1.9785667073604933,0.7716868091074699,0.442115564808916,0.09855072700348037,0.05300752806127003,0.5936738198736664,0.8474987145053632,1.1707639663053888,1.250814461825557,1.7261035954039872,False
grid_growth_rate=0.1_contact_stiffness=20_diameter=0.35_bending_stiffness=0.05,0.009000000000000001,9,7,1.9790121686229674,1.9843809444707126,0.5417398264624996,0.48098119424138874,0.63368408591519,1.9978815154835525,1.5488417625396962,0,1.2732395447351628,0.6044771530496598,2,0.047761423475241094,0.13646120992926028,"[[1, 3], [2, 4]]",[],2,0.9921904722353563,0.40464865834637,1.4287534141815212,0.10682988593137585,0.04562307144749058,1.5812063715603877,2.654982423970278,3.642514975656999,3.905796885795835,5.368618571060987,False
grid_growth_rate=0.1_contact_stiffness=20_diameter=0.35_bending_stiffness=0.05,0.010000000000000002,10,7,1.9792100797352206,1.9788312215719164,0.5361027878073149,0.4779884623376652,0.6456955422901622,2.1535197352731026,1.4716396483660719,0,1.2732395447351628,0.7474866534321886,2,0.1128519158372811,0.3224340452493746,"[[0, 2], [3, 5]]",[],2,1.9788312215719164,0.7830186920148269,3.9074537280164594,0.0958068972472272,0.25471109816237975,4.257971723426066,7.689143484602489,10.365908836468169,11.594940370398325,15.734527407529155,False
grid_growth_rate=0.1_contact_stiffness=20_diameter=0.35_bending_stiffness=0.05,0.010500000000000002,11,7,1.9793090427132614,1.9861268634344245,0.5412110452588789,0.4811426590639312,0.6317353416256357,1.9312892231010648,1.539573150227912,0,1.2732395447351628,0.6269090378053717,2,0.03654548109740968,0.10441566027831338,"[[1, 3], [2, 4]]",[],2,0.9930634317172122,0.45803975632377375,0.5872835544568346,0.1056296642559173,0.026711443772682912,0.7196246624854347,11.49593550424429,7.957588443303658,23.090875874642613,23.692115850832813,False
grid_growth_rate=0.1_contact_stiffness=20_diameter=0.35_bending_stiffness=0.05,0.011500000000000003,12,7,1.979506983514408,1.9803196082715457,0.5370938499018522,0.47909065014661145,0.6391939495155541,1.8124517257913357,1.482958043826938,0,1.2732395447351628,0.7172078056298999,2,0.07958251685129497,0.2273786195751285,"[[0, 2], [3, 5]]",[],2,1.9803196082715457,0.5349822208213074,1.6179504953698194,0.0970831437160532,0.1266675397671933,1.841701178853066,3.18692964143059,4.309006157798221,26.277805516073204,28.001122008631036,False
grid_growth_rate=0.1_contact_stiffness=20_diameter=0.35_bending_stiffness=0.05,0.012000000000000004,13,7,1.9796059613380086,1.9857575968880945,0.5405706809337182,0.48094839962847324,0.6313530274653447,1.8814671166919112,1.5308470671481893,0,1.2732395447351628,0.6399337037371378,2,0.03003314813157254,0.08580899466163583,"[[1, 3], [2, 4]]",[],2,0.9928787984440473,0.5113550188150472,0.2402826385531241,0.1043715883615309,0.018039799733689698,0.36269402664834466,4.759647888998859,3.2806407367941377,31.037453405072064,31.281762745425173,False
grid_growth_rate=0.1_contact_stiffness=20_diameter=0.35_bending_stiffness=0.05,0.013000000000000005,14,7,1.9798039318325023,1.9812043550105356,0.5377344552318176,0.4795407314288491,0.6363255076542457,1.7219299235335355,1.4916930682795173,0,1.2732395447351628,0.6971819864655466,2,0.05837675030036421,0.16679071514389776,"[[0, 2], [3, 5]]",[],2,0.9906021775052678,0.481299926044066,0.6770702066104084,0.09834964414404093,0.06815689951205237,0.8435767502665017,1.3239715955935791,1.8048543192117361,32.36142500066564,33.08661706463691,False
grid_growth_rate=0.1_contact_stiffness=20_diameter=0.35_bending_stiffness=0.05,0.014000000000000005,15,7,1.9800019221250351,1.990563126220202,0.5431225791253926,0.481627538994688,0.6269584774892759,2.2540674384574886,1.57258088323964,0,1.2732395447351628,0.5958662635297478,2,0.05206686823589057,0.14876248067397307,"[[1, 3], [2, 4]]",[],2,0.995281563110101,0.41508503463347385,2.1184799805659997,0.11156916949963305,0.054219175356279556,2.2842683254219125,4.0146447582992,5.4553363334546106,36.37606975896484,38.54195339809152,False
grid_growth_rate=0.1_contact_stiffness=20_diameter=0.35_bending_stiffness=0.05,0.014500000000000006,16,7,1.980100924696185,1.9830768365243552,0.5384937786000029,0.4800957869423917,0.6325013571062671,1.7659742038790738,1.5028540703040167,0,1.2732395447351628,1.3002450181569671,4,0.04045241219595458,0.11557832055987023,"[[0, 2], [1, 3], [2, 4], [3, 5]]",[],2,0.9915384182621776,0.7135633837073442,0.20011167900936985,0.10015688631277875,0.03420168535175433,0.33447025067390296,5.613929780081993,3.664131705333984,41.989999539046835,42.20608510342551,False
grid_growth_rate=0.1_contact_stiffness=20_diameter=0.35_bending_stiffness=0.05,0.015500000000000007,17,7,1.9802989446894894,1.987815738098049,0.5413291101028725,0.4811308034775426,0.6282580901950889,2.0253160396528584,1.5441613636032656,0,1.2732395447351628,0.626372716888502,2,0.036813641557013166,0.10518183302003763,"[[1, 3], [2, 4]]",[],2,0.9939078690490245,0.4694901957680668,0.6331141401004962,0.10689072629464702,0.02710488409190337,0.7671097504870465,1.1932740200984928,1.6259135199116364,43.18327355914533,43.83199862333714,False
grid_growth_rate=0.1_contact_stiffness=20_diameter=0.35_bending_stiffness=0.05,0.016500000000000008,18,7,1.9804969844857834,1.980767117381516,0.5370043534404432,0.4791002122995663,0.6353344803357097,1.8220130270597714,1.481689601184201,0,1.2732395447351628,0.7201886314403279,2,0.08129996154450952,0.23228560441288437,"[[0, 2], [3, 5]]",[],2,0.990383558690758,0.4263353606644224,1.7150810281871605,0.09710195864051842,0.13219367493653317,1.944376661764212,3.4149090330279877,4.592175944305153,46.598182592173316,48.4241745676423,False
grid_growth_rate=0.1_contact_stiffness=20_diameter=0.35_bending_stiffness=0.05,0.017000000000000008,19,7,1.9805960118106702,1.9873440737653838,0.5406584647930766,0.48093830995110526,0.6279690628300179,1.9671651657359606,1.5345976092660105,0,1.2732395447351628,0.6405618691967279,2,0.029719065403327916,0.08491161543807976,"[[1, 3], [2, 4]]",[],2,0.9936720368826919,0.5177502357939983,0.24647665049802558,0.10548436536750373,0.017664456966934444,0.3696254728324637,5.02043915027089,3.445687961339141,51.618621742444205,51.869862528981436,False
grid_growth_rate=0.1_contact_stiffness=20_diameter=0.35_bending_stiffness=0.05,0.01800000000000001,20,7,1.9807940813151614,1.9819779160991575,0.5377155086589751,0.4795706658922584,0.6326338828513742,1.793724709036363,1.4922896483912014,0,1.2732395447351628,0.69832859151959,2,0.05845050059288748,0.1670014302653928,"[[0, 2], [3, 5]]",[],2,0.9909889580495788,0.6188681976177502,0.683539269852489,0.09874272381914627,0.06832922038442943,0.8506112140560648,1.3501695335686914,1.8311552747922923,52.968791276012894,53.70101780377373,False
grid_growth_rate=0.1_contact_stiffness=20_diameter=0.35_bending_stiffness=0.05,0.01900000000000001,21,7,1.9809921706275935,1.9924795764559122,0.5432291097881434,0.4815589862921203,0.6241718776399441,2.324359358311045,1.578547225801063,0,1.2732395447351628,0.5977334985394384,2,0.051133250739390734,0.14609500211254497,"[[1, 3], [2, 4]]",[],2,0.9962397882279561,0.42641863427918464,2.109496548519254,0.11316972564725147,0.05229218660491524,2.274958460771421,4.033308828381426,5.457656075096782,57.002100104394316,59.158673878870516,False
grid_growth_rate=0.1_contact_stiffness=20_diameter=0.35_bending_stiffness=0.05,0.019500000000000003,22,7,1.9810912227124065,1.9841272752911472,0.5385139224138132,0.48010746624902384,0.6291241706124793,1.8380153697880424,1.5051970904529108,0,1.2732395447351628,1.3016741557413138,4,0.03987111785067482,0.11391747957335664,"[[0, 2], [1, 3], [2, 4], [3, 5]]",[],2,0.9920636376455736,0.6623525528830144,0.19229130438959874,0.10092114856143944,0.03333358583485332,0.32654603878589145,5.564832773198364,3.6164203512128346,62.56693287759268,62.775094230083354,False
grid_growth_rate=0.1_contact_stiffness=20_diameter=0.35_bending_stiffness=0.05,0.02,23,7,1.9811902797499474,1.9864066564947498,0.5398104526710861,0.48061070552921464,0.6273063496603647,1.9244986765055683,1.524262329360018,0,1.2732395447351628,1.308439442193162,4,0.022404881005950394,0.06401394573128684,"[[0, 2], [1, 3], [2, 4], [3, 5]]",[],2,0.9932033282473749,0.5664935753587658,0.02929422992759454,0.10403386650649647,0.012466792082190654,0.14579488851628167,0.570689453787265,0.38993830351765524,63.137622331379944,63.16503253360101,False
grid_growth_rate=0.1_contact_stiffness=20_diameter=0.35_bending_stiffness=0.1,0.0,0,7,1.9772318589307387,1.9772318589307387,0.5385934789856612,0.4799822910880073,0.6366197723675813,1.5707963267948981,1.5172727398911934,0,1.2732395447351628,1.318154572620492,4,0.020461356844877043,0.05846101955679155,"[[0, 2], [1, 3], [2, 4], [3, 5]]",[],2,,0.0,0.0,0.20327600267580112,0.01674668495733564,0.22002268763313676,0.0,0.0,0.0,0.0,False
grid_growth_rate=0.1_contact_stiffness=20_diameter=0.35_bending_stiffness=0.1,0.001,1,7,1.9774295920031206,1.9772183651219413,0.5386456319828853,0.4797725189650343,0.6372782261802671,1.5892842637235924,1.5147407026287856,0,1.2732395447351628,1.3166954691124573,4,0.020120516070790018,0.05748718877368577,"[[0, 2], [1, 3], [2, 4], [3, 5]]",[],2,0.9886091825609706,0.44501618637937107,0.0005425413925443365,0.20257713055246201,0.01588891203648842,0.21900858398149478,0.001566721305104992,0.0005526176534630131,0.001566721305104992,0.0005526176534630131,False
grid_growth_rate=0.1_contact_stiffness=20_diameter=0.35_bending_stiffness=0.1,0.002,2,7,1.9776273448497985,1.976974207592831,0.5384420150378798,0.47953935220821886,0.637805043523378,1.594959986776224,1.5113023893852848,0,1.2732395447351628,1.3160632836141473,4,0.020984313630748208,0.05995518180213774,"[[0, 2], [1, 3], [2, 4], [3, 5]]",[],2,1.976974207592831,0.44676894316817406,0.0004299879955296087,0.20162623831315002,0.01644660769207323,0.21850283400075285,0.0012018990953080238,0.0006961491145660919,0.0027686204004130155,0.001248766768029105,False
grid_growth_rate=0.1_contact_stiffness=20_diameter=0.35_bending_stiffness=0.1,0.003,3,7,1.97782511747275,1.977006597790786,0.5384111273145975,0.4794038850634852,0.6380605368573805,1.6116535094586353,1.50996571594137,0,1.2732395447351628,1.3146812295680537,4,0.020662953782518256,0.05903701080719502,"[[0, 2], [1, 3], [2, 4], [3, 5]]",[],2,0.988503298895393,0.4769067715132637,0.0015429696865823799,0.20128679582399278,0.015636042578133016,0.2184658080887082,0.0022400343205487986,0.0022030084085041405,0.005008654720961814,0.0034517751765332453,False
grid_growth_rate=0.1_contact_stiffness=20_diameter=0.35_bending_stiffness=0.1,0.004,4,7,1.9780229098739526,1.9768154329873038,0.5381313965522094,0.4791539814131901,0.6389363424744706,1.607103380244672,1.5055409477966453,0,1.2732395447351628,1.3142485011691765,4,0.02265458931682013,0.06472739804805751,"[[0, 2], [1, 3], [2, 4], [3, 5]]",[],2,1.9768154329873038,0.4734639384395344,0.0024325558751618044,0.20006854104164165,0.017270781309818763,0.21977187822662222,0.005598574320451569,0.006904644458365603,0.010607229041413382,0.010356419634898847,False
grid_growth_rate=0.1_contact_stiffness=20_diameter=0.35_bending_stiffness=0.1,0.005,5,7,1.9782207220553842,1.9772135435326321,0.5383354992452782,0.4791474492701948,0.6388116085880947,1.6391340015913487,1.5070402462339902,0,1.2732395447351628,1.3089699688619794,4,0.022156487166999195,0.06330424904856913,"[[0, 2], [1, 3], [2, 4], [3, 5]]",[],2,0.9886067717663161,0.5206824271958074,0.009813905844724843,0.20055308176011588,0.014860551220118388,0.22522753882495913,0.016229356519489802,0.02168501711782671,0.026836585560903185,0.032041436752725555,False
grid_growth_rate=0.1_contact_stiffness=20_diameter=0.35_bending_stiffness=0.1,0.006,6,7,1.9784185540190231,1.9767399167565234,0.5377164576380774,0.4787527522844398,0.6405192435066402,1.6296876116478063,1.4986703272493553,0,1.2732395447351628,1.3088440684481446,4,0.0278320497792795,0.07952014222651287,"[[0, 2], [1, 3], [2, 4], [3, 5]]",[],2,1.9767399167565234,0.5470985631930898,0.02467338675930738,0.1982275071512513,0.02064584267751549,0.24354673658807416,0.04956144811036902,0.06788064587348405,0.07639803367127221,0.09992208262620961,False
grid_growth_rate=0.1_contact_stiffness=20_diameter=0.35_bending_stiffness=0.1,0.007,7,7,1.9786164057668476,1.977962381999602,0.5386062504071448,0.479064832219868,0.6390017307679686,1.6956090467748386,1.5082581692308523,0,1.2732395447351628,1.2911473553504393,4,0.026791605298224663,0.07654744370921333,"[[0, 2], [1, 3], [2, 4], [3, 5]]",[],2,0.988981190999801,0.6306568868317396,0.08608011365568224,0.20105249787679075,0.015225019900417379,0.30235763143289035,0.1544096022963417,0.2132204971411579,0.23080763596761392,0.3131425797673675,False
grid_growth_rate=0.1_contact_stiffness=20_diameter=0.35_bending_stiffness=0.1,0.008,8,7,1.9788142773008361,1.9764393866244658,0.5368972478430096,0.47817256196488006,0.6430811983830987,1.749054142437627,1.4875886902583146,0,1.2732395447351628,1.2919031932179896,4,0.04406459991447942,0.12589885689851263,"[[0, 2], [1, 3], [2, 4], [3, 5]]",[],2,1.9764393866244658,0.6815444925332603,0.2514684312467339,0.19530841602030943,0.04002942588424019,0.48680627315128355,0.4813786468536685,0.6658272885720617,0.7121862828212824,0.9789698683394292,False
grid_growth_rate=0.1_contact_stiffness=20_diameter=0.35_bending_stiffness=0.1,0.009000000000000001,9,7,1.9790121686229674,1.9804008016820531,0.5400223910206587,0.47941112034335776,0.6368499788522204,1.9042075224529822,1.5240353890812324,0,1.2732395447351628,0.6175959264675859,2,0.04120203676626816,0.11772010504648046,"[[1, 3], [2, 4]]",[],2,0.9902004008410266,0.527814377602836,0.8193711040739713,0.20615753261256642,0.033952156673677486,1.0594807933602153,1.5141719719678102,2.086846492176742,2.2263582547890923,3.0658163605161715,False
grid_growth_rate=0.1_contact_stiffness=20_diameter=0.35_bending_stiffness=0.1,0.010000000000000002,10,7,1.9792100797352206,1.9764400295379119,0.5353719969838453,0.4771551281626099,0.6472120791580261,2.060344342629725,1.4684986070545158,0,1.2732395447351628,0.7263979850224531,2,0.09182337160948384,0.262352490312811,"[[0, 2], [3, 5]]",[],2,1.9764400295379119,0.7909475900714489,2.3093644983623323,0.1907621033937694,0.1686306314743031,2.6687572332304046,4.483464763946899,6.092741203817089,6.7098230187359915,9.158557564333261,False
grid_growth_rate=0.1_contact_stiffness=20_diameter=0.35_bending_stiffness=0.1,0.010500000000000002,11,7,1.9793090427132614,1.9813188998474023,0.5394889784330607,0.47932141224705593,0.6366201789612521,1.8612526385443013,1.5153631922208388,0,1.2732395447351628,0.6333408137990699,2,0.03332959310054856,0.09522740885871017,"[[1, 3], [2, 4]]",[],2,0.9906594499237011,0.6133622984635668,0.3551527828389456,0.2038785100304972,0.022217235524851303,0.5812485283942941,6.822903453002205,4.735394748166094,13.532726471738197,13.893952312499355,False
grid_growth_rate=0.1_contact_stiffness=20_diameter=0.35_bending_stiffness=0.1,0.011500000000000003,12,7,1.979506983514408,1.977537357741266,0.5361059679496116,0.47774060692195613,0.6436406578286923,1.8325424481360677,1.4752469559772459,0,1.2732395447351628,0.70424532800263,2,0.06776205522210604,0.19360587206316013,"[[0, 2], [3, 5]]",[],2,1.977537357741266,0.5848514942908428,1.0203140468979062,0.19227398748751784,0.09183392255807445,1.3044219569434985,1.97160741927291,2.6947808478221145,15.504333891011107,16.588733160321468,False
grid_growth_rate=0.1_contact_stiffness=20_diameter=0.35_bending_stiffness=0.1,0.012500000000000004,13,7,1.9797049441106243,1.9879740956995484,0.5429552941089689,0.4801549790266477,0.6308836798680267,2.3791738576578476,1.5658216360054371,0,1.2732395447351628,0.5790474986005666,2,0.060476250700168876,0.17278928771476823,"[[1, 3], [2, 4]]",[],2,0.9939870478497742,0.43968129861225813,3.211834194162274,0.22128710059829318,0.07314753797389964,3.5062688327344667,6.050920930144431,8.252767805935399,21.55525482115554,24.841500966256866,False
grid_growth_rate=0.1_contact_stiffness=20_diameter=0.35_bending_stiffness=0.1,0.013000000000000005,14,7,1.9798039318325023,1.9798580376832864,0.5370507552641595,0.4784942671443573,0.6382542392361671,1.7427421269508656,1.485992603603383,0,1.2732395447351628,1.2931414761553595,4,0.04616287388319318,0.13189392538055195,"[[0, 2], [1, 3], [2, 4], [3, 5]]",[],2,0.9899290188416432,0.5108140392339244,0.31066199729637994,0.19550361562170585,0.043502467190963755,0.5496680801090496,8.537019136465338,5.580418383839921,30.092273957620876,30.421919350096786,False
grid_growth_rate=0.1_contact_stiffness=20_diameter=0.35_bending_stiffness=0.1,0.014000000000000005,15,7,1.9800019221250351,1.9852912318730684,0.5406944299735043,0.4796739436090191,0.6327113354552669,2.0781051781529505,1.532206016856212,0,1.2732395447351628,0.6162845094101048,2,0.04185774529569436,0.11959355798769818,"[[1, 3], [2, 4]]",[],2,0.9926456159365342,0.5241573693716123,0.9834186705940993,0.21033581738746912,0.03504141682353415,1.2287959048051027,1.8485694753232296,2.5276973000192826,31.940843432944106,32.94961665011607,False
grid_growth_rate=0.1_contact_stiffness=20_diameter=0.35_bending_stiffness=0.1,0.015000000000000006,16,7,1.9801999322175874,1.9782989941465945,0.5353453990711705,0.4773341206480361,0.6425143901096235,1.917866427208617,1.465354907752074,0,1.2732395447351628,0.734970166967486,2,0.09735103022226876,0.2781458006350536,"[[0, 2], [3, 5]]",[],2,1.9782989941465945,0.5012840345690187,2.6999025955541667,0.19007293329671057,0.1895444617023027,3.07951999055318,5.325861615715361,7.176585701463438,37.26670504865947,40.12620235157951,False
grid_growth_rate=0.1_contact_stiffness=20_diameter=0.35_bending_stiffness=0.1,0.015500000000000007,17,7,1.9802989446894894,1.9854070584653734,0.5399057090072696,0.4795111076898083,0.6323589017441379,2.0087500027031764,1.5219842314102114,0,1.2732395447351628,0.6338338341095642,2,0.03308308294619405,0.09452309413198301,"[[1, 3], [2, 4]]",[],2,0.9927035292326867,0.5789906956077913,0.3957681309873696,0.20754328167899985,0.021889807543203337,0.6252012202095728,7.916175710005503,5.461856939661896,45.18288075866497,45.58805929124141,False
grid_growth_rate=0.1_contact_stiffness=20_diameter=0.35_bending_stiffness=0.1,0.016500000000000008,18,7,1.9804969844857834,1.979548074349351,0.5361505957966807,0.4779102538249334,0.6390331492109498,1.8069257246609198,1.4749750411733413,0,1.2732395447351628,0.708396705906654,2,0.06949825812640426,0.19856645178972646,"[[0, 2], [3, 5]]",[],2,0.9897740371746755,0.4160453411531952,1.1101451219515064,0.19281255161691851,0.09660015764735447,1.3995578312157795,2.1770655188671046,2.951422129873311,47.359946277532075,48.539481421114715,False
grid_growth_rate=0.1_contact_stiffness=20_diameter=0.35_bending_stiffness=0.1,0.01750000000000001,19,7,1.980695044087047,1.9924878859525257,0.5434911083212197,0.4801765476428509,0.6274989394827161,2.5128872533372353,1.579035645732181,0,1.2732395447351628,0.5799854304894259,2,0.06000728476052136,0.17144938503006105,"[[1, 3], [2, 4]]",[],2,0.9962439429762628,0.45020656730051056,3.421403083976731,0.22773484055174686,0.0720174844740421,3.72115540900252,6.530666688044616,8.852264265831357,53.89061296557669,57.391745686946074,False
grid_growth_rate=0.1_contact_stiffness=20_diameter=0.35_bending_stiffness=0.1,0.01800000000000001,20,7,1.9807940813151614,1.982189609548803,0.5371563720812087,0.47861030031134566,0.6339442505615187,1.851217451965642,1.4892089389024226,0,1.2732395447351628,1.2951152017652114,4,0.045916861221985406,0.13119103206281546,"[[0, 2], [1, 3], [2, 4], [3, 5]]",[],2,0.9910948047744015,0.648273943904561,0.31389334686850445,0.1975825634606707,0.0430188157826748,0.55449472611185,9.029916123757891,5.8632554408672215,62.920529089334586,63.255001127813294,False
grid_growth_rate=0.1_contact_stiffness=20_diameter=0.35_bending_stiffness=0.1,0.01900000000000001,21,7,1.9809921706275935,1.9882871089918315,0.5408667018446691,0.4796670089484683,0.6293767807458579,2.1788868409952107,1.538781830982897,0,1.2732395447351628,0.618448831275066,2,0.04077558437100298,0.1165016696314371,"[[1, 3], [2, 4]]",[],2,0.9941435544959157,0.526559164580147,0.9731621867427885,0.21408565763107715,0.033252965602013226,1.220500809975879,1.8519223576368435,2.5179284415008727,64.77245144697143,65.77292956931417,False
grid_growth_rate=0.1_contact_stiffness=20_diameter=0.35_bending_stiffness=0.1,0.02,22,7,1.9811902797499474,1.9793376973685648,0.5353250610841823,0.4774339382440605,0.63828017916625,1.9414164291927873,1.466755101368063,0,1.2732395447351628,0.7357409664487036,2,0.09619004482477267,0.2748286994993505,"[[0, 2], [3, 5]]",[],2,0.9896688486842824,0.38139998606915054,2.629469349784454,0.19102698154494513,0.18505049441882537,3.0055468257482247,5.243136336132921,7.028182351905267,70.01558778310435,72.80111192121944,False
representative_dt_coarse,0.0,0,7,1.9772318589307387,1.9772318589307387,0.5385934789856612,0.4799822910880073,0.6366197723675813,1.5707963267948981,1.5172727398911934,0,1.2732395447351628,1.318154572620492,4,0.020461356844877043,0.05846101955679155,"[[0, 2], [1, 3], [2, 4], [3, 5]]",[],2,,0.0,0.0,0.20327600267580112,0.00837334247866782,0.21164934515446893,0.0,0.0,0.0,0.0,False
representative_dt_coarse,0.002,1,7,1.9774295920031206,1.9758922321929835,0.5382639801200882,0.4793341916317243,0.6372939317875238,1.598448509931846,1.510454555763095,0,1.2732395447351628,1.3161170046934718,4,0.020419919903049588,0.0583426282944274,"[[0, 2], [1, 3], [2, 4], [3, 5]]",[],2,0.9879461160964917,0.4244037882844381,0.00039292589284429836,0.20136416718766528,0.00821481209525967,0.20997190517576925,0.002113023184111098,0.00043558320541141815,0.002113023184111098,0.00043558320541141815,False
representative_dt_coarse,0.004,2,7,1.9776273448497985,1.9748386777235563,0.5376699754008527,0.47882439146231204,0.637741814853685,1.6079269916178944,1.5042402449724173,0,1.2732395447351628,1.3157681653583586,4,0.021610351823647234,0.06174386235327781,"[[0, 2], [1, 3], [2, 4], [3, 5]]",[],2,1.9748386777235563,0.41933621295274653,0.00045294711742199805,0.19965088224641542,0.008858130454536732,0.20896195981837415,0.0018372960704895766,0.0008273507130944788,0.003950319254600675,0.001262933918505897,False
representative_dt_coarse,0.006,3,7,1.97782511747275,1.9750435796546422,0.5377924392153342,0.47854467035015247,0.6386143140319299,1.6441184234506379,1.5022064699804534,0,1.2732395447351628,1.3093469189724998,4,0.022007549423508577,0.06287871263859594,"[[0, 2], [1, 3], [2, 4], [3, 5]]",[],2,0.9875217898273211,0.47284240687067525,0.00660013251446893,0.19917679854963632,0.007785120037171543,0.2135620511012768,0.004820081172783812,0.009420172455686458,0.008770400427384487,0.010683106374192355,False
representative_dt_coarse,0.008,4,7,1.9780229098739526,1.9739011385005245,0.5365269315115234,0.47782296722776113,0.6411511840828698,1.6848149888187818,1.4884152702859637,0,1.2732395447351628,1.2997734257105238,4,0.036709423442926714,0.10488406697979062,"[[0, 2], [1, 3], [2, 4], [3, 5]]",[],2,1.9739011385005245,0.6141439576558874,0.11251476971743048,0.19539456901762445,0.015149255808810597,0.32305859454386554,0.0662407809549914,0.17573732439758016,0.07501118138237589,0.1864204307717725,False
representative_dt_coarse,0.01,5,7,1.9782207220553842,1.9799849058049115,0.5411229351995798,0.47916898240861816,0.634091646050068,2.1417773289520783,1.5412424830478229,0,1.2732395447351628,0.5904823508509345,2,0.054758824574560994,0.1564537844987457,"[[1, 3], [2, 4]]",[],2,0.9899924529024557,0.4540653688558673,2.187351358697972,0.2118422562366055,0.029985288687844475,2.429178903622422,1.2630746607607504,3.369194969839307,1.3380858421431263,3.5556154006110794,False
representative_dt_coarse,0.0105,6,7,1.978270178191635,1.97464996376024,0.5363151642962486,0.47765009500876987,0.641207565473276,1.6870510617752699,1.4835560449865168,0,1.2732395447351628,1.2939016423980183,4,0.04263322342562054,0.12180920978748726,"[[0, 2], [1, 3], [2, 4], [3, 5]]",[],2,1.97464996376024,0.5283320878380033,0.2154751723196906,0.1942085815096442,0.019102485222509617,0.42878623905184443,5.7929103913906195,3.7925177268200416,7.130996233533746,7.348133127431121,False
representative_dt_coarse,0.0125,7,7,1.978468015101135,1.984147829306961,0.5429441001466687,0.4794414915305195,0.6310013516704983,2.4524576110669374,1.568556282238078,0,1.2732395447351628,0.5657555145102189,2,0.06712224274498757,0.19177783641425022,"[[1, 3], [2, 4]]",[],2,0.9920739146534805,0.41868080126010165,4.15666452930991,0.22172581084040535,0.04505395471104007,4.423444294861356,2.414150847475335,6.4088089032848465,9.54514708100908,13.756942030715967,False
representative_dt_coarse,0.013000000000000001,8,7,1.9785174774197887,1.9754246225884162,0.5360345176612332,0.477624996354535,0.6391048875148335,1.696517871768043,1.4801985517462077,0,1.2732395447351628,1.2877519255913383,4,0.04972569779356928,0.1420734222673408,"[[0, 2], [1, 3], [2, 4], [3, 5]]",[],2,0.9877123112942081,0.40101627911856413,0.381837251462709,0.1935328296024371,0.02513583768269264,0.6005059187478388,10.884752686218334,7.061814310104817,20.429899767227415,20.818756340820784,False
representative_dt_coarse,0.015000000000000001,9,7,1.9787153390604477,1.9912030575016622,0.5456771128273081,0.4798617962874795,0.6264388609491147,2.858948899416122,1.617527735239354,0,1.2732395447351628,0.5397783022478635,2,0.0801108488764124,0.22888813964689259,"[[1, 3], [2, 4]]",[],2,0.9956015287508311,0.39514458262619884,7.2716128628577765,0.24005679285376366,0.06417748107644239,7.575847136787983,4.260181922003748,11.235523140043892,24.690081689231164,32.05427948086468,False
representative_dt_coarse,0.015250000000000001,10,7,1.9787400731567735,1.9819704450408193,0.5399137575742845,0.47904785240572145,0.6302437637552777,2.084322201193691,1.5303855229955319,0,1.2732395447351628,0.6155100557809488,2,0.04224497210958522,0.12069992031310064,"[[1, 3], [2, 4]]",[],2,0.9909852225204097,0.5259746874837115,0.9305803270460581,0.20989424219257036,0.017846376685345985,1.1583209459239745,9.393909200207581,2.9763830093435724,34.083990889438745,35.03066249020825,False
representative_dt_coarse,0.01625,11,7,1.9788390126338975,1.9746474959044755,0.5346133517326214,0.47678599149416995,0.6395342083081433,1.868087447545813,1.464065402707342,0,1.2732395447351628,0.7321143466112431,2,0.09489060298432667,0.27111600852664763,"[[0, 2], [3, 5]]",[],2,1.9746474959044755,0.4595387706857257,2.490897004742082,0.1895716886844428,0.09004226534710036,2.770510958773625,4.9583307598648325,6.570520772714483,39.042321649303574,41.60118326292273,False
representative_dt_coarse,0.01675,12,7,1.978888484227606,1.981156481294488,0.5389095203770171,0.4787369881325783,0.6303237852344996,1.9917236223574684,1.517138658687012,0,1.2732395447351628,0.6354088973581666,2,0.03229555132099682,0.09227300377427664,"[[1, 3], [2, 4]]",[],2,0.990578240647244,0.5991035735551181,0.3008204215613951,0.20601384110785353,0.010430026351219618,0.5172642890204682,6.928589319412154,4.675342649658997,45.97091096871573,46.27652591258173,False
representative_dt_coarse,0.018750000000000003,13,7,1.979086382970801,1.973308024047737,0.5335054779646217,0.4757218221677473,0.6421881791619128,2.110966141261966,1.453014128068614,0,1.2732395447351628,0.7687327648995661,2,0.13241425065676518,0.37832643044790054,"[[0, 2], [3, 5]]",[],2,1.973308024047737,0.5224567838631682,5.634118973115313,0.18714105980357815,0.17533533776902838,5.99659537068792,3.2606070416177655,8.739938123285217,49.231518010333495,55.016464035866946,False
representative_dt_coarse,0.019062500000000003,14,7,1.9791173064371235,1.9777960056226984,0.5366188900795955,0.47780284346247487,0.6327672043706255,1.8448839417238372,1.4888859153996608,0,1.2732395447351628,1.3011994191756027,4,0.03752022164857549,0.10720063328164427,"[[0, 2], [1, 3], [2, 4], [3, 5]]",[],2,0.9888980028113492,0.6771415477253432,0.1338456712813651,0.19731504391964005,0.015446969740395349,0.3466076849414005,9.819404204632097,4.169416518885577,59.050922214965595,59.18588055475252,False
representative_dt_coarse,0.02,15,7,1.97921007973522,1.9807653713518163,0.5386823002465507,0.47836304680293906,0.6304040150222138,2.0124179031630227,1.5146360215036418,0,1.2732395447351628,0.6354198162482587,2,0.03229009187587806,0.0922574053596516,"[[1, 3], [2, 4]]",[],2,0.9903826856759081,0.6162896745404699,0.3056659576314198,0.20566916422014325,0.010426500333521676,0.5217616221850847,0.6942700545039066,0.8694239917475908,59.7451922694695,60.05530454650011,False
representative_dt_fine,0.0,0,7,1.9772318589307387,1.9772318589307387,0.5385934789856612,0.4799822910880073,0.6366197723675813,1.5707963267948981,1.5172727398911934,0,1.2732395447351628,1.318154572620492,4,0.020461356844877043,0.05846101955679155,"[[0, 2], [1, 3], [2, 4], [3, 5]]",[],2,,0.0,0.0,0.20327600267580112,0.00837334247866782,0.21164934515446893,0.0,0.0,0.0,0.0,False
representative_dt_fine,0.0005,1,7,1.977281290345102,1.9768737676321244,0.5385077961187252,0.47981690869465066,0.6367824348926981,1.5776907867305965,1.5155180929357903,0,1.2732395447351628,1.3176280806841791,4,0.020456701294137514,0.05844771798325004,"[[0, 2], [1, 3], [2, 4], [3, 5]]",[],2,0.9884368838160622,0.42450856834941675,2.489368832705581e-05,0.20277745426710525,0.00833705135923787,0.21113939931467018,0.0005336657732775066,2.37199334787644e-05,0.0005336657732775066,2.37199334787644e-05,False
representative_dt_fine,0.001,2,7,1.9773307229952661,1.9765392189234499,0.5384064381522883,0.47966093634704243,0.6369317163894476,1.5834550026375613,1.5138154807829742,0,1.2732395447351628,1.3172141667601822,4,0.020524647373564464,0.058641849638755614,"[[0, 2], [1, 3], [2, 4], [3, 5]]",[],2,0.9882696094617249,0.4232748241529504,5.9825424349537535e-05,0.2022974006243085,0.008348739951893903,0.21070596600055194,0.00044120734119866935,7.77402708042709e-06,0.000974873114476176,3.149396055919149e-05,False
representative_dt_fine,0.0015,3,7,1.9773801568812621,1.9762408930035078,0.538304157002668,0.4795155627394438,0.6370779561617294,1.5887662616664266,1.5122134831450151,0,1.2732395447351628,1.3169368449274304,4,0.02056342035571379,0.058752629587753694,"[[0, 2], [1, 3], [2, 4], [3, 5]]",[],2,0.9881204465017539,0.4251183425945476,9.29850004513219e-05,0.20184911522762808,0.008368943824743338,0.21031104405282275,0.00039884785579692744,3.925908067734234e-06,0.0013737209702731033,3.5419868626925725e-05,False
representative_dt_fine,0.002,4,7,1.9774295920031206,1.9759785708524038,0.5382041505451376,0.4793790195807811,0.6372333523661402,1.59367577816747,1.5106860012879617,0,1.2732395447351628,1.3167173904139249,4,0.020606125576159318,0.05887464450331234,"[[0, 2], [1, 3], [2, 4], [3, 5]]",[],2,0.9879892854262019,0.4250895628045987,0.0001223543873645973,0.20142463763969126,0.008395252660769905,0.20994224468782577,0.000371795824568281,2.9964595713009466e-06,0.0017455167948413845,3.841632819822667e-05,False
representative_dt_fine,0.0025,5,7,1.9774790283608727,1.9757515022787642,0.5381089080384684,0.4792506677968262,0.6374002379350892,1.598315838825528,1.5092330629051263,0,1.2732395447351628,1.3165463149744236,4,0.0206405040525785,0.05897286872165287,"[[0, 2], [1, 3], [2, 4], [3, 5]]",[],2,0.9878757511393821,0.42428324115616195,0.0001495417992743473,0.2010236531920634,0.00842084593262989,0.20959404092396763,0.00035104304715606675,2.8392832979319657e-06,0.0020965598419974514,4.125561149615864e-05,False
representative_dt_fine,0.003,6,7,1.9775284659545491,1.975556911588037,0.5380188639680954,0.4791295920358906,0.6375799349272339,1.602721486513636,1.5078461012972562,0,1.2732395447351628,1.3164068005436567,4,0.020670923241123407,0.05905978068892402,"[[0, 2], [1, 3], [2, 4], [3, 5]]",[],2,0.9877784557940185,0.4227416535118444,0.0001749747829440553,0.20064344133781548,0.008444654245620298,0.20926307036637984,0.000333875600174308,2.9050425865127533e-06,0.002430435442171759,4.416065408267139e-05,False
representative_dt_fine,0.0035,7,7,1.977577904784181,1.9753919077075857,0.5379340829075467,0.4790150849482201,0.6377720267583398,1.606926941901365,1.5065201713884915,0,1.2732395447351628,1.316293119654129,4,0.020696285492425304,0.0591322442640723,"[[0, 2], [1, 3], [2, 4], [3, 5]]",[],2,0.9876959538537928,0.4207296757242118,0.00019889135192309972,0.2002823620604973,0.00846563517857982,0.20894688859100022,0.000319229128741364,3.047353361743674e-06,0.002749664570913123,4.7208007444415065e-05,False
representative_dt_fine,0.004,8,7,1.9776273448497987,1.9752534913381958,0.537854266691972,0.4789064741567195,0.6379757708168122,1.6109489499567455,1.5052497723372744,0,1.2732395447351628,1.3162000889066379,4,0.020717526761894645,0.05919293360541327,"[[0, 2], [1, 3], [2, 4], [3, 5]]",[],2,1.9752534913381958,0.4193884527207964,0.0002212187936218875,0.1999386461579602,0.008483718782378056,0.20864358373396014,0.00030652259658788314,3.217739547801111e-06,0.0030561871675010063,5.0425746992216176e-05,False
representative_dt_fine,0.0045000000000000005,9,7,1.977676786151434,1.9751388604799935,0.5377790430573318,0.47880317393648725,0.6381901691540601,1.6148011244976517,1.5040302977773037,0,1.2732395447351628,1.316124683746697,4,0.020734895554999022,0.05924255872856864,"[[0, 2], [1, 3], [2, 4], [3, 5]]",[],2,1.9751388604799935,0.4219539016686093,0.0002418606329811281,0.19961080545333298,0.008498953208890821,0.20835161929520493,0.0002953612349250099,3.3967961698053964e-06,0.0033515484024260163,5.382254316202157e-05,False
representative_dt_fine,0.005000000000000001,10,7,1.977726228689117,1.9750454320100512,0.537708004125586,0.478704658181062,0.6384142128659339,1.6184932160281014,1.5028574952099314,0,1.2732395447351628,1.316064433202603,4,0.02074885784001468,0.059282450971470516,"[[0, 2], [1, 3], [2, 4], [3, 5]]",[],2,1.9750454320100512,0.4246900251347794,0.00026072436101369674,0.19929747423256805,0.008511547163737768,0.2080697457573195,0.00028544775309663256,3.5742152112138706e-06,0.003636996155522649,5.7396758373235443e-05,False
representative_dt_fine,0.005500000000000001,11,7,1.9777756724628788,1.974970874322987,0.5376407577880546,0.47861046058968665,0.638646920972416,1.6220335385338873,1.501727600504204,0,1.2732395447351628,1.3160174472973596,4,0.020759762171468576,0.059313606204195936,"[[0, 2], [1, 3], [2, 4], [3, 5]]",[],2,1.974970874322987,0.4275478634927318,0.00027776459797313716,0.19899744482070994,0.008521730136510579,0.20779693955519365,0.0002765501248456752,3.7439227198170656e-06,0.003913546280368324,6.114068109305251e-05,False
representative_dt_fine,0.006000000000000002,12,7,1.9778251174727508,1.9749130948727187,0.5375769379737623,0.478520165909678,0.6388873802511917,1.625429235790388,1.500637232538601,0,1.2732395447351628,1.315982128803672,4,0.02076795102257717,0.059337002921649055,"[[0, 2], [1, 3], [2, 4], [3, 5]]",[],2,1.9749130948727187,0.4304927573444453,0.0002929801594287082,0.1987096350046741,0.008529741766816087,0.2075323569309189,0.0002684847543029773,3.902130028221118e-06,0.0041820310346713015,6.504281112127363e-05,False
representative_dt_fine,0.006500000000000002,13,7,1.9778745637187631,1.9748702252210109,0.5375162116198379,0.47843340498850867,0.6391347505995625,1.6286867737789148,1.4995833719464433,0,1.2732395447351628,1.3159571229636662,4,0.020773722113446524,0.05935349175270436,"[[0, 2], [1, 3], [2, 4], [3, 5]]",[],2,1.9748702252210109,0.4334991139828099,0.00030640988267312166,0.19843307982120847,0.008535808219755501,0.20727529792363708,0.0002611055865183884,4.046579236570446e-06,0.00444313662118969,6.908939035784407e-05,False
representative_dt_fine,0.007000000000000003,14,7,1.9779240112009469,1.974840600072174,0.5374582784222472,0.4783498492876083,0.6393882663640192,1.6318120862475947,1.498563314282182,0,1.2732395447351628,1.3159412489511007,4,0.020777344766965467,0.05936384219132991,"[[0, 2], [1, 3], [2, 4], [3, 5]]",[],2,1.974840600072174,0.4365478455298767,0.0003181227190618044,0.19816691632764663,0.008540138901325503,0.20702517794803393,0.00025429603864942567,4.176063046278751e-06,0.004697432659839116,7.326545340412282e-05,False
representative_dt_fine,0.007500000000000003,15,7,1.9779734599193335,1.974822736919754,0.5374028693242695,0.4782692063543408,0.6396472318587632,1.6348107047110834,1.4975746369116456,0,1.2732395447351628,1.3159334711940713,4,0.020779057973068393,0.0593687370659097,"[[0, 2], [1, 3], [2, 4], [3, 5]]",[],2,1.974822736919754,0.4396243725475598,0.0003282090406128829,0.19791037253997368,0.008542923683915151,0.2067815052645017,0.00024796280492990356,4.290121397672406e-06,0.00494539546476902,7.755557480179523e-05,False
representative_dt_fine,0.008000000000000004,16,7,1.9780229098739532,1.97481531646588,0.5373497438852726,0.4781912156830987,0.6399110159940617,1.6376878225231384,1.4966151662293725,0,1.2732395447351628,1.3159328745375949,4,0.020779075038358352,0.05936878582388101,"[[0, 2], [1, 3], [2, 4], [3, 5]]",[],2,1.97481531646588,0.44271737437519626,0.00033677283588796984,0.19766275669102115,0.00854433354894937,0.2065438630758585,0.0002420310069306907,4.388818287496166e-06,0.005187426471699711,8.19443930892914e-05,False
representative_dt_fine,0.008500000000000004,17,7,1.9780723610648374,1.97481716477924,0.5372986875475501,0.47811564509725873,0.6401790463439723,1.6404483437596673,1.4956829496770316,0,1.2732395447351628,1.3159386478980364,4,0.020777585775929086,0.05936453078836882,"[[0, 2], [1, 3], [2, 4], [3, 5]]",[],2,1.97481716477924,0.4458179051709331,0.0003439255780924979,0.1974234480548094,0.008544521641484523,0.20631189527438643,0.00023644038171980196,4.472580247719224e-06,0.005423866853419512,8.641697333701062e-05,False
representative_dt_fine,0.009000000000000005,18,7,1.9781218134920169,1.9748272371800695,0.5372495089396175,0.47804228753729794,0.6404508034830785,1.6430969160448143,1.4947762306236894,0,1.2732395447351628,1.3159500707235385,4,0.020774759261495135,0.059356455032843244,"[[0, 2], [1, 3], [2, 4], [3, 5]]",[],2,1.9748272371800695,0.4489187914991544,0.00034978149616764524,0.19719188875844676,0.008543624820340419,0.20608529507495482,0.00023114227556812693,4.54207613652334e-06,0.005655009128987639,9.095904947353396e-05,False
representative_dt_fine,0.009500000000000005,19,7,1.9781712671555225,1.9748446038553453,0.5372020373828864,0.47797095822866226,0.6407258157079877,1.6456379563991141,1.4938934263310282,0,1.2732395447351628,1.3159665021262845,4,0.020770746054975753,0.059344988728502156,"[[0, 2], [1, 3], [2, 4], [3, 5]]",[],2,1.9748446038553453,0.4520142045621136,0.0003544541032240178,0.19696757662001646,0.00854176521031658,0.20586379593355705,0.0002260972699206469,4.598128522878401e-06,0.005881106398908286,9.555717799641236e-05,False
representative_dt_fine,0.010000000000000005,20,7,1.9782207220553851,1.9748684370603646,0.53715612062364,0.47790149217766775,0.6410036542499861,1.6480756716085243,1.4930331084723154,0,1.2732395447351628,1.3159873715859975,4,0.020765680275564913,0.059330515073042614,"[[0, 2], [1, 3], [2, 4], [3, 5]]",[],2,1.9748684370603646,0.4550993549753463,0.0003580537242145229,0.19675005883936914,0.008539051714378005,0.20564716427796165,0.0002212733040028843,4.641648407478099e-06,0.006102379702911171,0.00010019882640389046,False
representative_dt_fine,0.010500000000000006,21,7,1.9782701781916359,1.9748979997614304,0.5371116227995043,0.47783374195872524,0.6412839289670875,1.6504140751809797,1.4921939859643956,0,1.2732395447351628,1.316012170957579,4,0.02075968141603962,0.059313375474398924,"[[0, 2], [1, 3], [2, 4], [3, 5]]",[],2,1.9748979997614304,0.45817027013525663,0.0003606858151224123,0.1965389264540956,0.008535581407820141,0.20543519367703816,0.00021664418859056373,4.673587667080323e-06,0.006319023891501734,0.00010487241407097078,False
representative_dt_fine,0.011000000000000006,22,7,1.9783196355643053,1.9749326355644428,0.5370684226254662,0.477767575757147,0.6415662844910078,1.6526570016767521,1.491374889810908,0,1.2732395447351628,1.3160404474803655,4,0.0207528559647136,0.059293874184896005,"[[0, 2], [1, 3], [2, 4], [3, 5]]",[],2,1.9749326355644428,0.4612236295744525,0.00036244988705061665,0.19633380945847664,0.008531440808208649,0.2052277001537359,0.0002121884281514456,4.694904849179924e-06,0.0065312123196531804,0.00010956731892015071,False
representative_dt_fine,0.011500000000000007,23,7,1.9783690941734247,1.9749717597861953,0.5370264117813298,0.47770287563723723,0.6418503967875353,1.6548081190732271,1.490574759718836,0,1.2732395447351628,1.316071797635013,4,0.020745298840553372,0.05927228240158107,"[[0, 2], [1, 3], [2, 4], [3, 5]]",[],2,1.9749717597861953,0.464256641112112,0.000363438886736615,0.1961343725038668,0.008526707017774228,0.20502451840837765,0.0002078882864168514,4.706541058607333e-06,0.0067391006060700314,0.00011427385997875804,False
representative_dt_fine,0.012000000000000007,24,7,1.9784185540190244,1.9750148515371584,0.5369854934800566,0.47763953600869186,0.6421359700886701,1.6568709395524626,1.4897926322692103,0,1.2732395447351628,1.3161058617174257,4,0.02073709466759882,0.05924884190742521,"[[0, 2], [1, 3], [2, 4], [3, 5]]",[],2,1.9750148515371584,0.4672669462986244,0.00036373891438067687,0.19594031110651897,0.00852144874661656,0.2048254987675162,0.00020372904429911344,4.709403437671466e-06,0.006942829650369145,0.0001189832634164295,False
representative_dt_fine,0.012500000000000008,25,7,1.9784680151011358,1.9750614466987395,0.5369455811974411,0.4775774622677997,0.6424227341558912,1.6588488290122931,1.4890276304536914,0,1.2732395447351628,1.31614231903517,4,0.020728318905222642,0.05922376830063612,"[[0, 2], [1, 3], [2, 4], [3, 5]]",[],2,1.9750614466987395,0.4702525471367421,0.00036342918622242183,0.1957513482995193,0.008515727226171306,0.20463050471191302,0.00019969840994138514,4.704354338192537e-06,0.00714252806031053,0.00012368761775462204,False
representative_dt_fine,0.013000000000000008,26,7,1.9785174774197896,1.9751111316911687,0.5369065975449643,0.4775165695927909,0.6427104418374681,1.6607450155201298,1.4882789544113293,0,1.2732395447351628,1.3161808836470945,4,0.020719038851485294,0.05919725386138656,"[[0, 2], [1, 3], [2, 4], [3, 5]]",[],2,1.9751111316911687,0.47321174849086434,0.0003625821703360993,0.19556723167350867,0.008509597023596764,0.20443941086744155,0.00019578604919563648,4.692204724168216e-06,0.007338314109506167,0.00012837982247879026,False
representative_dt_fine,0.013500000000000009,27,7,1.978566940975017,1.975163537940377,0.5368684732694838,0.4774567818752445,0.6429988668863954,1.6625625968834197,1.487545873221223,0,1.2732395447351628,1.316221300580516,4,0.020709314534023582,0.059169470097210235,"[[0, 2], [1, 3], [2, 4], [3, 5]]",[],2,1.975163537940377,0.4761431122123651,0.00036126384111427655,0.19538773075828567,0.008503106767226164,0.2042521013666261,0.00019198321151464318,4.673710699201896e-06,0.00753029732102081,0.00013305353317799216,False
representative_dt_fine,0.014000000000000009,28,7,1.978616405766849,1.9752183369631071,0.5368311463651806,0.4773980307716655,0.6432878020092635,1.664304547475161,1.4868277176248892,0,1.2732395447351628,1.3162633424695027,4,0.020699199501514665,0.05914057000432762,"[[0, 2], [1, 3], [2, 4], [3, 5]]",[],2,1.9752183369631071,0.47904542013042883,0.00035953401121989985,0.19521263470362538,0.00849629979258512,0.2040684685074304,0.00018828243149640562,4.649572300701908e-06,0.007718579752517216,0.00013770310547869406,False
representative_dt_fine,0.01450000000000001,29,7,1.9786658717953158,1.9752752359991446,0.5367945612848491,0.4773402548612816,0.6435770571197941,1.6659737244273272,1.4861238735680529,0,1.2732395447351628,1.3163068065654224,4,0.020688741527119803,0.05911069007748516,"[[0, 2], [1, 3], [2, 4], [3, 5]]",[],2,1.9752752359991446,0.4819176438344997,0.00035744671019830244,0.19504175022309542,0.008489214717598271,0.203888411650892,0.00018467729046049345,4.620433922085919e-06,0.007903257042977709,0.00014232353940077998,False
representative_dt_fine,0.01500000000000001,30,7,1.978715339060449,1.9753339741280276,0.5367586682391212,0.4772833988977946,0.6438664577738726,1.667572873284915,1.4854337764653265,0,1.2732395447351628,1.316351512077073,4,0.02067798323398673,0.05907995209710495,"[[0, 2], [1, 3], [2, 4], [3, 5]]",[],2,1.9753339741280276,0.48475891972266516,0.00035505058699552807,0.1948748997693108,0.008481885954753798,0.20371183631106013,0.00018116222569704768,4.58688586517844e-06,0.008084419268674757,0.00014691042526595842,False
representative_dt_fine,0.01550000000000001,31,7,1.9787648075622792,1.9753943188150367,0.5367234225735509,0.4772274131442873,0.6441558437656523,1.669104633197339,1.484756906103192,0,1.2732395447351628,1.3163972978029597,4,0.02066696265168838,0.05904846471910966,"[[0, 2], [1, 3], [2, 4], [3, 5]]",[],2,1.9753943188150367,0.4875543369014518,0.0003523893198358979,0.19471191991310782,0.008474344167172902,0.20353865340011662,0.00017773237760108034,4.549466657571323e-06,0.008262151646275837,0.00015145989192352974,False
representative_dt_fine,0.01600000000000001,32,7,1.9788142773008375,1.975456062837785,0.536688784214679,0.4771722527817805,0.6444450678667291,1.6705715417109208,1.4840927821070946,0,1.2732395447351628,1.3164440200227605,4,0.020655713711428658,0.05901632488979617,"[[0, 2], [1, 3], [2, 4], [3, 5]]",[],2,1.975456062837785,0.490317467173072,0.00034950202166057683,0.19455265990259157,0.008466616674778455,0.2033687785990306,0.00017438346694066928,4.5086658546518975e-06,0.008436535113216506,0.00015596855777818164,False
representative_dt_fine,0.01650000000000001,33,7,1.9788637482761546,1.9755190215504375,0.5366547171772361,0.47711787738305295,0.6447339946925161,1.6719760392156195,1.4834409599074854,0,1.2732395447351628,1.3164915506189014,4,0.020644266686928647,0.05898361910551043,"[[0, 2], [1, 3], [2, 4], [3, 5]]",[],2,1.9755190215504375,0.4930478641446019,0.00034642363294337946,0.19439698038102432,0.008458727816075567,0.20320213183004326,0.00017111169610936765,4.4649271220291084e-06,0.008607646809325874,0.00016043348490021075,False
representative_dt_fine,0.01700000000000001,34,7,1.9789132204882618,1.9755830304476207,0.5366211891255636,0.47706425044433043,0.6450224996818106,1.6733204730904185,1.4828010271475363,0,1.2732395447351628,1.3165397754025594,4,0.020632648587095292,0.05895042453455798,"[[0, 2], [1, 3], [2, 4], [3, 5]]",[],2,1.9755830304476207,0.49574515245046413,0.0003431852964284561,0.19424475224512505,0.008450699270445367,0.20303863681199888,0.0001679136694887044,4.4186514443193435e-06,0.008775560478814578,0.0001648521363445301,False
representative_dt_fine,0.017500000000000012,35,7,1.9789626939371896,1.9756479429944633,0.5365881709831384,0.4770113389683094,0.6453104681771856,1.6746071015845174,1.4821726004821107,0,1.2732395447351628,1.3165885926213674,4,0.020620883505872434,0.058916810016778384,"[[0, 2], [1, 3], [2, 4], [3, 5]]",[],2,1.9756479429944633,0.49840904397059516,0.0003398147103811424,0.194095855627613,0.00844255034530991,0.20287822068330405,0.00016478632904858533,4.370200353756196e-06,0.008940346807863164,0.0001692223366982863,False
representative_dt_fine,0.018000000000000013,36,7,1.9790121686229691,1.9757136286931067,0.5365556365847984,0.4769591130927449,0.6455977945952761,1.675838097465513,1.4815553227235878,0,1.2732395447351628,1.3166379116287128,4,0.020608992934042614,0.05888283695440747,"[[0, 2], [1, 3], [2, 4], [3, 5]]",[],2,1.9757136286931067,0.5010393282430212,0.0003363364584573916,0.19395017898979472,0.008434298232038017,0.20272081368029013,0.000161726902112321,4.3198990984002475e-06,0.009102073709975485,0.00017354223579668654,False
representative_dt_fine,0.018500000000000013,37,7,1.9790616445456313,1.9757799713594015,0.5365235623668895,0.4769075457594977,0.6458843816772867,1.677015551460712,1.4809488602953667,0,1.2732395447351628,1.3166876516967925,4,0.020596996037211324,0.058848560106318074,"[[0, 2], [1, 3], [2, 4], [3, 5]]",[],2,1.9757799713594015,0.503635864072484,0.0003327723154090662,0.1938076183117008,0.008425958234034327,0.2025663488611442,0.0001587328588437918,4.2680396978532205e-06,0.009260806568819276,0.00017781027549453976,False
representative_dt_fine,0.019000000000000013,38,7,1.9791111217052069,1.9758468675865326,0.5364919270911013,0.47685661241952465,0.6461701398111609,1.6781414755136788,1.4803529009585104,0,1.2732395447351628,1.3167377409576353,4,0.020584909903708037,0.05881402829630868,"[[0, 2], [1, 3], [2, 4], [3, 5]]",[],2,1.9758468675865326,0.5061985721446243,0.00032914152863760605,0.1936680763687749,0.008417543970066652,0.20241476186747914,0.00015580187751475266,4.214883849704414e-06,0.009416608446334029,0.00018202515934424417,False
representative_dt_fine,0.019500000000000014,39,7,1.9791606001017268,1.975914225374929,0.5364607115982518,0.47680629076981507,0.646454986417822,1.6792178058745284,1.4797671517809845,0,1.2732395447351628,1.3167881154580525,4,0.020572749765730647,0.05877928504494471,"[[0, 2], [1, 3], [2, 4], [3, 5]]",[],2,1.975914225374929,0.5087274284925243,0.000325461076170903,0.19353146208541797,0.00840906755555183,0.2022659907171407,0.0001529318160075124,4.160665669056512e-06,0.00956954026234154,0.00018618582501330068,False
representative_dt_fine,0.02,40,7,1.9792100797352223,1.975981962910181,0.536429898588698,0.47675656051872917,0.6467388453947565,1.6802464060397788,1.4791913373225152,0,1.2732395447351628,1.316838718316075,4,0.02056052919666751,0.05874436913333574,"[[0, 2], [1, 3], [2, 4], [3, 5]]",[],2,1.975981962910181,0.5112224586912515,0.0003217459020177134,0.19339768995682902,0.008400539764212876,0.2021199756230596,0.00015012068832385804,4.105594242782438e-06,0.009719660950665399,0.00019029141925608312,False
kc_refinement_soft,0.0,0,7,1.9772318589307387,1.9772318589307387,0.5385934789856612,0.4799822910880073,0.6366197723675813,1.5707963267948981,1.5172727398911934,0,1.2732395447351628,1.318154572620492,4,0.020461356844877043,0.05846101955679155,"[[0, 2], [1, 3], [2, 4], [3, 5]]",[],2,,0.0,0.0,0.20327600267580112,0.00418667123933391,0.20746267391513504,0.0,0.0,0.0,0.0,False
kc_refinement_soft,0.0005,1,7,1.977281290345102,1.976707333702778,0.5384535158859118,0.47978820812629003,0.6367020853410291,1.576483821219504,1.5152702118014258,0,1.2732395447351628,1.3175448307317825,4,0.020632890219609845,0.05895111491317099,"[[0, 2], [1, 3], [2, 4], [3, 5]]",[],2,1.976707333702778,0.42440241916256394,1.6247471386212503e-05,0.2027058938925547,0.0042132072485647825,0.20693534861250568,0.0005421885945271548,1.4863291897793639e-05,0.0005421885945271548,1.4863291897793639e-05,False
kc_refinement_soft,0.001,2,7,1.9773307229952661,1.9762450305153605,0.5383212892831554,0.4796109105639101,0.6367808785643966,1.5820521052431393,1.5134519605708032,0,1.2732395447351628,1.3171838432897933,4,0.020675477311734747,0.05907279231924214,"[[0, 2], [1, 3], [2, 4], [3, 5]]",[],2,0.9881225152576802,0.4248039570411845,4.143786460618658e-05,0.2021925253382521,0.004232359799565362,0.20646632300242365,0.00047662877906132564,7.603168979301161e-06,0.0010188173735884805,2.24664608770948e-05,False
kc_refinement_soft,0.0015,3,7,1.9773801568812621,1.9758353346082662,0.5381934959673013,0.4794452331416367,0.6368790697938295,1.587098971696335,1.5117161395391638,0,1.2732395447351628,1.3168578277028582,4,0.020750097033573056,0.05928599152449445,"[[0, 2], [1, 3], [2, 4], [3, 5]]",[],2,0.9879176673041331,0.425425730085372,7.632671556959085e-05,0.2017058869053007,0.004256388809133279,0.20603860243000358,0.00043369026694945985,5.969694529383749e-06,0.0014525076405379404,2.843615540647855e-05,False
kc_refinement_soft,0.002,4,7,1.9774295920031206,1.9754772423956397,0.5380739372639174,0.4792910497232492,0.6369939442637073,1.5919005110754187,1.5100826228981739,0,1.2732395447351628,1.3166008963288454,4,0.02080353173116123,0.059438662089032084,"[[0, 2], [1, 3], [2, 4], [3, 5]]",[],2,0.9877386211978199,0.4252189919224376,0.00011444934351068293,0.20125123380379112,0.00427787830346976,0.20564356145077156,0.00040054689349838725,5.505914266373054e-06,0.0018530545340363276,3.39420696728516e-05,False
kc_refinement_soft,0.0025,5,7,1.9774790283608727,1.975165425064097,0.537962044123129,0.47914679199630067,0.6371273382569572,1.596444752604002,1.5085326256943812,0,1.2732395447351628,1.3163811111451744,4,0.02085398173473646,0.05958280495638989,"[[0, 2], [1, 3], [2, 4], [3, 5]]",[],2,0.9875827125320485,0.42377406301173726,0.00015473358715100216,0.20082279969753516,0.004297858744880982,0.20527539202956716,0.0003735494326400126,5.380011435606401e-06,0.0022266039666763403,3.9322081108458004e-05,False
kc_refinement_soft,0.003,6,7,1.9775284659545491,1.9748956180074817,0.537857764183144,0.47901154354780967,0.6372777882759184,1.6007823788220985,1.5070613274935696,0,1.2732395447351628,1.3161965176987502,4,0.0208962468361506,0.05970356238900172,"[[0, 2], [1, 3], [2, 4], [3, 5]]",[],2,0.9874478090037409,0.42180126923249434,0.00019533269515622855,0.2004188978565871,0.0043154710533219575,0.20492970160506527,0.00035109787607107916,5.407451569191461e-06,0.0025777018427474195,4.4729532677649465e-05,False
kc_refinement_soft,0.0035,7,7,1.977577904784181,1.9746633811253007,0.5377604727891838,0.478884334688618,0.6374441627931272,1.604926316196728,1.5056604704569347,0,1.2732395447351628,1.3160395817236936,4,0.020932922033397694,0.05980834866685056,"[[0, 2], [1, 3], [2, 4], [3, 5]]",[],2,0.9873316905626504,0.4194309070919718,0.0002352012779156489,0.20003690325516996,0.004330923594229602,0.2046030281273152,0.0003321909772606079,5.517499510546608e-06,0.0029098928200080275,5.024703218819607e-05,False
kc_refinement_soft,0.004,8,7,1.9776273448497987,1.9744647371963868,0.5376695935707572,0.4787643556033104,0.6376249663359796,1.6088929292959318,1.504323986886254,0,1.2732395447351628,1.315906993046735,4,0.020963995281887693,0.059897129376821984,"[[0, 2], [1, 3], [2, 4], [3, 5]]",[],2,1.9744647371963868,0.4209279678858505,0.00027347390418147117,0.19967485691762663,0.004344271203352182,0.20429260202516028,0.00031610284347802177,5.6767413230958234e-06,0.0032259956634860493,5.59237735112919e-05,False
kc_refinement_soft,0.0045000000000000005,9,7,1.977676786151434,1.9742960413502044,0.5375845152871429,0.47865087048619825,0.6378188071152474,1.612692426507506,1.5030460448226266,0,1.2732395447351628,1.3157954257555935,4,0.020990257904039744,0.05997216544011356,"[[0, 2], [1, 3], [2, 4], [3, 5]]",[],2,1.9742960413502044,0.4236844442804386,0.00030959023199174677,0.19933089881562188,0.004355703266923328,0.20399619231453697,0.0003022731259056954,5.863415282387737e-06,0.003528268789391745,6.178718879367963e-05,False
kc_refinement_soft,0.005000000000000001,10,7,1.977726228689117,1.9741540317424509,0.5375046748370393,0.4785432312837346,0.6380243486320902,1.6163341313952821,1.501821591033033,0,1.2732395447351628,1.3157024186683737,4,0.02101216440396897,0.060034755439911346,"[[0, 2], [1, 3], [2, 4], [3, 5]]",[],2,1.9741540317424509,0.4265581213040614,0.00034318462927269093,0.19900341813052125,0.004365390834879818,0.20371199359467376,0.00029026162063236645,6.062900769156351e-06,0.0038185304100241116,6.785008956283598e-05,False
kc_refinement_soft,0.005500000000000001,11,7,1.9777756724628788,1.9740357879078192,0.5374295520505488,0.47844086030520905,0.638240367729557,1.6198258363923146,1.500646077638682,0,1.2732395447351628,1.3156258037835782,4,0.0210302094477261,0.060086312707788865,"[[0, 2], [1, 3], [2, 4], [3, 5]]",[],2,1.9740357879078192,0.42951370851138954,0.0003740575034234823,0.19869097093785779,0.00437351032275847,0.20343853876403972,0.0002797196752093063,6.264844575266243e-06,0.004098250085233418,7.411493413810223e-05,False
kc_refinement_soft,0.006000000000000002,12,7,1.9778251174727508,1.9739387065282354,0.5373586778844396,0.4783432444867185,0.6384657466773588,1.6231746132898404,1.4995154655375806,0,1.2732395447351628,1.315563738099269,4,0.021044806842555497,0.06012801955015857,"[[0, 2], [1, 3], [2, 4], [3, 5]]",[],2,1.9739387065282354,0.4325257206977792,0.00040212918122687756,0.19839227776135113,0.0043802235418142765,0.20317463048439227,0.0002703703363663837,6.4620567189324954e-06,0.004368620421599801,8.057699085703472e-05,False
kc_refinement_soft,0.006500000000000002,13,7,1.9778745637187631,1.9738604679578744,0.537291630784386,0.4782499271493238,0.638699472893585,1.626386880865153,1.4984261453655259,0,1.2732395447351628,1.3155145993296606,4,0.021056335256265823,0.06016095787504521,"[[0, 2], [1, 3], [2, 4], [3, 5]]",[],2,1.9738604679578744,0.4355758084078253,0.000427409262085915,0.19810619814926334,0.004385679597543844,0.2029192870088931,0.0002619931056389356,6.649630139776578e-06,0.004630613527238737,8.72266209968113e-05,False
kc_refinement_soft,0.007000000000000003,14,7,1.9779240112009469,1.973799006721399,0.5372280337866887,0.47816050177076336,0.6389406300685186,1.6294685828264859,1.497374894213735,0,1.2732395447351628,1.3154769602702392,4,0.021065129096439095,0.06018608313268313,"[[0, 2], [1, 3], [2, 4], [3, 5]]",[],2,1.973799006721399,0.4386502221971181,0.0004499702441838402,0.1978317159148063,0.004390013084272313,0.20267169924326245,0.0002544121295913011,6.8243639606375625e-06,0.004885025656830038,9.405098495744886e-05,False
kc_refinement_soft,0.007500000000000003,15,7,1.9779734599193335,1.973752483524732,0.5371675502167261,0.4780746061559304,0.6391883899999057,1.6324252560801205,1.496358828602759,0,1.2732395447351628,1.3154495554958705,4,0.021071487388405197,0.06020424968115771,"[[0, 2], [1, 3], [2, 4], [3, 5]]",[],2,1.973752483524732,0.4417384655084417,0.00046992778122201137,0.19756792369681098,0.004393345167506468,0.20243119664553946,0.0002474869131903272,6.984315467341458e-06,0.005132512570020365,0.00010103530042479032,False
kc_refinement_soft,0.008000000000000004,16,7,1.9780229098739532,1.9737192602491196,0.5371098796584985,0.4779919174136348,0.6394420039072829,1.6352620946658298,1.4953753659845272,0,1.2732395447351628,1.31543126116732,4,0.021075676254873,0.060216217871065715,"[[0, 2], [1, 3], [2, 4], [3, 5]]",[],2,1.9737192602491196,0.44483233012013157,0.00048742540789188947,0.19731401027224607,0.004395784423751001,0.20219722010388896,0.00024110500964245407,7.128467991954993e-06,0.005373617579662818,0.00010816376841674531,False
kc_refinement_soft,0.008500000000000004,17,7,1.9780723610648374,1.973697877516128,0.5370547540719315,0.47791214749292826,0.6397007944602147,1.6379839913000047,1.4944221899369585,0,1.2732395447351628,1.315421076986144,4,0.021077933006838467,0.0602226657338242,"[[0, 2], [1, 3], [2, 4], [3, 5]]",[],2,1.973697877516128,0.4479252780450347,0.0005026231252485491,0.19706924919117996,0.004397428016722266,0.20196930033315078,0.00023517624792560368,7.256477187415097e-06,0.005608793827588422,0.00011542024560416041,False
kc_refinement_soft,0.009000000000000005,18,7,1.9781218134920169,1.973687034770758,0.5370019342735474,0.47783503925927745,0.6399641484379717,1.6405955715568181,1.4934972198814591,0,1.2732395447351628,1.3154181117411428,4,0.021078469185946858,0.06022419767413388,"[[0, 2], [1, 3], [2, 4], [3, 5]]",[],2,1.973687034770758,0.4510120114835335,0.0005156889200969502,0.19683298892510775,0.0043983627974997705,0.2017470406427045,0.0002296281697699051,7.368479323619181e-06,0.005838421997358327,0.0001227887249277796,False
kc_refinement_soft,0.009500000000000005,19,7,1.9781712671555225,1.973685572609317,0.5369512067596478,0.47776036302792213,0.6402315101368472,1.6431012206987456,1.4925985843474452,0,1.2732395447351628,1.3154215707438084,4,0.021077473471649566,0.06022135277614162,"[[0, 2], [1, 3], [2, 4], [3, 5]]",[],2,1.973685572609317,0.4540881760270331,0.0005267925925469537,0.19660464421369633,0.0043986663650933,0.2015301031713366,0.00022440241742415073,7.464946056261185e-06,0.006062824414782478,0.00013025367098404078,False
kc_refinement_soft,0.010000000000000005,20,7,1.9782207220553851,1.9736924571260819,0.5369023808726701,0.47768791350344747,0.6405023754662919,1.6455051060523924,1.4917245974773312,0,1.2732395447351628,1.315430744992551,4,0.021075114193344402,0.06021461198098401,"[[0, 2], [1, 3], [2, 4], [3, 5]]",[],2,1.9736924571260819,0.4571501491139483,0.0005361013502667377,0.19638368849126525,0.004398408033842842,0.20131819787537483,0.0002194518710252855,7.546575063518165e-06,0.006282276285807764,0.00013780024604755894,False
kc_refinement_soft,0.010500000000000006,21,7,1.9782701781916359,1.9737067660466832,0.5368552862798174,0.47761750707404405,0.6407762866871601,1.6478111957474673,1.4908737383190829,0,1.2732395447351628,1.3154450016584605,4,0.021071541579607445,0.06020440451316413,"[[0, 2], [1, 3], [2, 4], [3, 5]]",[],2,1.9737067660466832,0.46019488724650626,0.0005437767550400187,0.196169647238209,0.004397649712685898,0.20111107370593492,0.00021473837753004687,7.614208090137351e-06,0.006497014663337811,0.0001454144541376963,False
kc_refinement_soft,0.011000000000000006,22,7,1.9783196355643053,1.9737276764421856,0.5368097707349486,0.477548979417854,0.6410528277257285,1.6500232747102976,1.490044632571314,0,1.2732395447351628,1.315463775712145,4,0.021066889744591644,0.06019111355597613,"[[0, 2], [1, 3], [2, 4], [3, 5]]",[],2,1.9737276764421856,0.46321981332568896,0.0005499726929094069,0.19596209214048627,0.004396446695393786,0.20090851152878947,0.00021023094718729317,7.668770041838733e-06,0.006707245610525104,0.00015308322417953503,False
kc_refinement_soft,0.011500000000000007,23,7,1.9783690941734247,1.9737544538378702,0.5367656980928596,0.4774821833835003,0.6413316200021962,1.6521449584237053,1.4892360364696444,0,1.2732395447351628,1.3154865625192018,4,0.021061278451844245,0.06017508129098356,"[[0, 2], [1, 3], [2, 4], [3, 5]]",[],2,1.9737544538378702,0.4662227321704232,0.0005548341133590495,0.19576063595080978,0.004394848368868706,0.20071031843303755,0.00020590431994001028,7.711224188090707e-06,0.006913149930465114,0.00016079444836762573,False
kc_refinement_soft,0.012000000000000007,24,7,1.9784185540190244,1.973786442552735,0.5367229465477561,0.47741698711198516,0.6416123187154233,1.6541797048752374,1.488446822550406,0,1.2732395447351628,1.3155129112801913,4,0.021054814678274525,0.06015661336649865,"[[0, 2], [1, 3], [2, 4], [3, 5]]",[],2,1.973786442552735,0.4692017660392931,0.0005584963399004672,0.1955649279617122,0.004392898846261649,0.20051632314787432,0.0002017378248550141,7.742539691785383e-06,0.007114887755320128,0.00016853698805941112,False
kc_refinement_soft,0.012500000000000008,25,7,1.9784680151011358,1.9738230571251603,0.5366814070701532,0.4773532723712239,0.6418946095317031,1.6561308250057218,1.4876759670602198,0,1.2732395447351628,1.3155424192085352,4,0.021047594002723324,0.06013598286492379,"[[0, 2], [1, 3], [2, 4], [3, 5]]",[],2,1.9738230571251603,0.4721553046007673,0.0005610847997572175,0.19537465001242915,0.0043906375323220425,0.20032637234450842,0.00019771447188964757,7.763668523751697e-06,0.007312602227209776,0.00017630065658316281,False
kc_refinement_soft,0.013000000000000008,26,7,1.9785174774197896,1.9738637746977874,0.5366409820192695,0.4772909330781139,0.6421782056309476,1.6580014919104784,1.4869225388108973,0,1.2732395447351628,1.3155747263577062,4,0.02103970183923548,0.06011343382638709,"[[0, 2], [1, 3], [2, 4], [3, 5]]",[],2,1.9738637746977874,0.4750819654823131,0.0005627150556598433,0.1951895129624168,0.0043880996278897345,0.2001403276459664,0.0001938202280523422,7.775529510316114e-06,0.007506422455262118,0.00018407618609347893,False
kc_refinement_soft,0.013500000000000009,27,7,1.978566940975017,1.9739081282501425,0.5366015839105852,0.4772298739861592,0.6424628450691107,1.6597947489953937,1.4861856893048437,0,1.2732395447351628,1.3156095110211015,4,0.02103121453317386,0.06008918438049674,"[[0, 2], [1, 3], [2, 4], [3, 5]]",[],2,1.9739081282501425,0.4779805626797413,0.0005634930503823535,0.19500925357335355,0.00438531657996443,0.19995806320370035,0.0001900434400256397,7.77899775959503e-06,0.007696465895287758,0.00019185518385307396,False
kc_refinement_soft,0.014000000000000009,28,7,1.978616405766849,1.973955700581095,0.5365631343206322,0.4771700095193819,0.6427482884205518,1.66151351725369,1.4854646439786572,0,1.2732395447351628,1.3156464856382666,4,0.021022200335972296,0.060063429531349424,"[[0, 2], [1, 3], [2, 4], [3, 5]]",[],2,1.973955700581095,0.480850080886905,0.0005635154961381151,0.19483363174928087,0.0043823164831828555,0.19977946372860184,0.00018637437322116283,7.774898122645235e-06,0.007882840268508922,0.0001996300819757192,False
kc_refinement_soft,0.01450000000000001,29,7,1.9786658717953158,1.9740061189551024,0.5365255629132125,0.4771112627356099,0.6430343166684104,1.663160601799732,1.4847586944319602,0,1.2732395447351628,1.3156853931494845,4,0.02101272027245915,0.06003634363559758,"[[0, 2], [1, 3], [2, 4], [3, 5]]",[],2,1.9740061189551024,0.48368965434579453,0.0005628703576435627,0.194662428091196,0.004379124437956192,0.19960442288679575,0.00018280484345718678,7.764001651102299e-06,0.008065645111966108,0.0002073940836268215,False
kc_refinement_soft,0.01500000000000001,30,7,1.978715339060449,1.9740590503365332,0.5364888065731345,0.47705356440427427,0.6433207293148971,1.6647386977727636,1.484067191525218,0,1.2732395447351628,1.3157260037478598,4,0.021002828913000815,0.06000808260857376,"[[0, 2], [1, 3], [2, 4], [3, 5]]",[],2,1.9740590503365332,0.48648952611741,0.0005616373905826276,0.19449544172811728,0.004375762869970979,0.1994328419886709,0.0001793279223744099,7.747024249553136e-06,0.008244973034340517,0.00021514110787637463,False
kc_refinement_soft,0.01550000000000001,31,7,1.9787648075622792,1.9741141971453957,0.5364528086352018,0.47699685218563986,0.6436073426867756,1.666250395704303,1.48338953924481,0,1.2732395447351628,1.3157681119841511,4,0.020992575061253516,0.05997878588929576,"[[0, 2], [1, 3], [2, 4], [3, 5]]",[],2,1.9741141971453957,0.48925297094348275,0.0005598887071885985,0.19433248839155368,0.00437225181525467,0.19926462891399693,0.00017593770159212842,7.724626918166573e-06,0.008420910735932647,0.0002228657347945412,False
kc_refinement_soft,0.01600000000000001,32,7,1.9788142773008375,1.974171293475688,0.536417518197656,0.47694106989994584,0.6438939884142586,1.6676981864270775,1.4827251892461506,0,1.2732395447351628,1.3158115341848848,4,0.020982002367039787,0.05994857819154225,"[[0, 2], [1, 3], [2, 4], [3, 5]]",[],2,1.974171293475688,0.4919846115351381,0.0005576893483418402,0.19417339870452519,0.004368609174552096,0.1990996972274191,0.00017262910368807393,7.697417110244514e-06,0.008593539839620721,0.00023056315190478571,False
kc_refinement_soft,0.01650000000000001,33,7,1.9788637482761546,1.9742301017244996,0.5363828895105363,0.4768861668763029,0.644180512064121,1.6690844655904908,1.482073635996584,0,1.2732395447351628,1.3158561061489085,4,0.020971149872740125,0.05991757106497179,"[[0, 2], [1, 3], [2, 4], [3, 5]]",[],2,1.9742301017244996,0.4946840360461644,0.000555097847470175,0.19401801665992843,0.0043648509403507365,0.19893796544774936,0.00016939773052722016,7.66595085747643e-06,0.008762937570147941,0.00023822910276226215,False
kc_refinement_soft,0.01700000000000001,34,7,1.9789132204882618,1.9742904095860345,0.536348881430544,0.4768320973723729,0.6444667719100872,1.6704115378367326,1.481434412449249,0,1.2732395447351628,1.3159016810915678,4,0.02096005250062022,0.059885864287486344,"[[0, 2], [1, 3], [2, 4], [3, 5]]",[],2,1.9742904095860345,0.4973509159345887,0.0005521667760286302,0.19386619826618262,0.004360991399527735,0.19877935644173897,0.00016623974139905987,7.630735388669237e-06,0.008929177311547002,0.0002458598381509314,False
kc_refinement_soft,0.017500000000000012,35,7,1.9789626939371896,1.9743520273700343,0.5363154569349764,0.47677882005691924,0.6447526378255307,1.6716816206827791,1.4808070861873959,0,1.2732395447351628,1.3159481278092309,4,0.02094874148764775,0.059853547107565,"[[0, 2], [1, 3], [2, 4], [3, 5]]",[],2,1.9743520273700343,0.4999849975911516,0.0005489432637379183,0.19371781034082103,0.004357043314266151,0.1986237969188251,0.00016315175496166897,7.592232047790547e-06,0.00909232906650867,0.00025345207019872193,False
kc_refinement_soft,0.018000000000000013,36,7,1.9790121686229691,1.9744147856087413,0.5362825826881524,0.47672629754821777,0.6450379902852547,1.6728968481460693,1.4801912559858432,0,1.2732395447351628,1.3159953290399973,4,0.020937244773603925,0.05982069935315407,"[[0, 2], [1, 3], [2, 4], [3, 5]]",[],2,1.9744147856087413,0.502586094941925,0.0005454694893183212,0.1935727294350557,0.004353018083597198,0.19847121700797124,0.00016013077021037137,7.550859356520779e-06,0.00925245983671904,0.0002610029295552427,False
kc_refinement_soft,0.018500000000000013,37,7,1.9790616445456313,1.9744785329206436,0.5362502286545158,0.47667449600213513,0.6453227194646431,1.6740592741454694,1.4795865487425603,0,1.2732395447351628,1.3160431799991545,4,0.02092558734762806,0.05978739242179446,"[[0, 2], [1, 3], [2, 4], [3, 5]]",[],2,1.9744785329206436,0.5051540828708561,0.0005417831393625766,0.1934308408743981,0.004348925887667499,0.19832154990142817,0.00015717410266107864,7.506996118006499e-06,0.00940963393938012,0.0002685099256732492,False
kc_refinement_soft,0.019000000000000013,38,7,1.9791111217052069,1.9745431341028363,0.5362183677532584,0.47662338474438487,0.6456067244258104,1.675170875704024,1.47899261673891,0,1.2732395447351628,1.3160915870703787,4,0.020913791557749528,0.05975369016499866,"[[0, 2], [1, 3], [2, 4], [3, 5]]",[],2,1.9745431341028363,0.5076888913395277,0.00053791783438874,0.1932920379022099,0.004344775816600034,0.19817473155319867,0.00015427933270858952,7.460984479095724e-06,0.00956391327208871,0.00027597091015234493,False
kc_refinement_soft,0.019500000000000014,39,7,1.9791606001017268,1.9746084684270375,0.5361869755499008,0.4765729359421021,0.6458899123815495,1.6762335559756985,1.478409135191898,0,1.2732395447351628,1.3161404666357743,4,0.020901877387452417,0.05971964967843548,"[[0, 2], [1, 3], [2, 4], [3, 5]]",[],2,1.9746084684270375,0.5101905001054262,0.0005339035221294723,0.1931562209146197,0.004340575985613627,0.19803070042236282,0.00015144426373694177,7.413132901082939e-06,0.009715357535825652,0.00028338404305342787,False
kc_refinement_soft,0.02,40,7,1.9792100797352223,1.974674428117079,0.5361560299807778,0.4765231243104217,0.6461721980289183,1.6772491471148077,1.4778358000660359,0,1.2732395447351628,1.316189744029766,4,0.020889862702852202,0.059685322008149154,"[[0, 2], [1, 3], [2, 4], [3, 5]]",[],2,1.974674428117079,0.5126589339584218,0.0005297668388272632,0.19302329677660388,0.004336333637882805,0.19788939725331395,0.00014866688804756286,7.363718998695329e-06,0.009864024423873215,0.00029074776205212317,False
kc_refinement_stiff,0.0,0,7,1.9772318589307387,1.9772318589307387,0.5385934789856612,0.4799822910880073,0.6366197723675813,1.5707963267948981,1.5172727398911934,0,1.2732395447351628,1.318154572620492,4,0.020461356844877043,0.05846101955679155,"[[0, 2], [1, 3], [2, 4], [3, 5]]",[],2,,0.0,0.0,0.20327600267580112,0.01674668495733564,0.22002268763313676,0.0,0.0,0.0,0.0,False
kc_refinement_stiff,0.0005,1,7,1.977281290345102,1.9772068531412939,0.5386163939279427,0.4798743541175912,0.6369431339960362,1.580106666002277,1.516014529738229,0,1.2732395447351628,1.3174153915593663,4,0.020293972549078,0.05798277871165143,"[[0, 2], [1, 3], [2, 4], [3, 5]]",[],2,0.9886034265706469,0.44494683517027134,0.00013481562257740113,0.20292083261311958,0.016320539245042502,0.21937618748073948,0.0007837775974923986,0.00013727744509511506,0.0007837775974923986,0.00013727744509511506,False
kc_refinement_stiff,0.001,2,7,1.9773307229952661,1.9771228486966068,0.5385750830769651,0.4797599853440077,0.6372324097115073,1.5862046027236312,1.5145306708974682,0,1.2732395447351628,1.317260322487935,4,0.020237262446141047,0.05782074984611728,"[[0, 2], [1, 3], [2, 4], [3, 5]]",[],2,0.9885614243483034,0.41936532459033643,0.00019951594168065272,0.20250385515470576,0.01624601983802756,0.21894939093441398,0.00045336448095269194,2.6567934627200033e-05,0.0012371420784450906,0.0001638453797223151,False
kc_refinement_stiff,0.0015,3,7,1.9773801568812621,1.9770423741783836,0.5385227346562884,0.47965459010047384,0.6374704394435163,1.5920638219895562,1.5131967645548952,0,1.2732395447351628,1.3170945785114647,4,0.02019390018871703,0.05769685768204866,"[[0, 2], [1, 3], [2, 4], [3, 5]]",[],2,0.9885211870891918,0.4246534844989293,0.00027412882820035877,0.20213247909155693,0.016176767456331738,0.21858337537608902,0.00037056933065881306,4.553772333846151e-06,0.0016077114091039037,0.00016839915205616124,False
kc_refinement_stiff,0.002,4,7,1.9774295920031206,1.9769652809949372,0.5384599981516095,0.47955217126462796,0.6377043164965952,1.5971504797266094,1.5118711802570866,0,1.2732395447351628,1.3169437901538554,4,0.020222385643087537,0.057778244694535824,"[[0, 2], [1, 3], [2, 4], [3, 5]]",[],2,0.9884826404974686,0.42471665123625185,0.00030493498829644206,0.20176550735633553,0.016170303594803436,0.2182407459394354,0.0003425506033118341,-7.883334177902776e-08,0.0019502620124157378,0.0001683203187143822,False
kc_refinement_stiff,0.0025,5,7,1.9774790283608727,1.9769018573876487,0.5383967033021995,0.47945465771201046,0.6379349068786792,1.6019763749697324,1.5106071380154529,0,1.2732395447351628,1.316872619131718,4,0.020222933198849713,0.05777980913957061,"[[0, 2], [1, 3], [2, 4], [3, 5]]",[],2,0.9884509286938243,0.42535109960653184,0.00032630316754911077,0.2014180164655519,0.016167649515308448,0.21791196914840946,0.00032776706256596686,-1.0097284599751787e-06,0.002278029074981705,0.00016731059025440703,False
kc_refinement_stiff,0.003,6,7,1.9775284659545491,1.9768517531410699,0.5383337047830633,0.47936085800465805,0.6381704604033053,1.606499612082851,1.5093813337514554,0,1.2732395447351628,1.31682021185107,4,0.020232324507868438,0.05780664145105268,"[[0, 2], [1, 3], [2, 4], [3, 5]]",[],2,0.9884258765705349,0.4246347689263545,0.00033660967203659486,0.20108313092251343,0.016174327558098636,0.21759406815264867,0.00031674423660327776,-1.156759157511472e-06,0.0025947733115849825,0.00016615383109689556,False
kc_refinement_stiff,0.0035,7,7,1.977577904784181,1.9768155690197116,0.5382727071221886,0.47927075226132654,0.6384113451758567,1.6108180792273796,1.5081990734706692,0,1.2732395447351628,1.316791590922877,4,0.020235741501079596,0.05781640428879885,"[[0, 2], [1, 3], [2, 4], [3, 5]]",[],2,0.9884077845098558,0.4233678968773893,0.0003433862617377316,0.20076221940310718,0.016180116317982125,0.21728572198282706,0.0003072246809859634,-1.121488835652707e-06,0.002901997992570946,0.00016503234226124285,False
kc_refinement_stiff,0.004,8,7,1.9776273448497987,1.9767921377027058,0.5382138320471882,0.4791838889606751,0.63865857132533,1.614939194996063,1.5070544936133494,0,1.2732395447351628,1.3167750232215276,4,0.02023879024947256,0.057825114998493035,"[[0, 2], [1, 3], [2, 4], [3, 5]]",[],2,0.9883960688513529,0.4215266096212617,0.0003473070283317999,0.20045345874737974,0.016185328287298913,0.21698609406301045,0.00029857381807477714,-1.054101741831384e-06,0.003200571810645723,0.00016397824051941147,False
kc_refinement_stiff,0.0045000000000000005,9,7,1.977676786151434,1.9767804126997222,0.5381572257274685,0.47910001454911544,0.6389117881651655,1.6188872048992118,1.5059461211075074,0,1.2732395447351628,1.316769536077767,4,0.020239419906372846,0.057826914018208136,"[[0, 2], [1, 3], [2, 4], [3, 5]]",[],2,0.9883902063498611,0.41931746460635116,0.00034991224043800915,0.20015629705992016,0.016188332305651955,0.21669454160601012,0.00029056605713084446,-9.863998694824901e-07,0.0034911378677765677,0.00016299184064992898,False
kc_refinement_stiff,0.005000000000000001,10,7,1.977726228689117,1.9767791447737961,0.5381027594225168,0.4790188383310836,0.6391706767993978,1.6226707268630027,1.504871031247699,0,1.2732395447351628,1.3167721862059314,4,0.02023862616223282,0.05782464617780806,"[[0, 2], [1, 3], [2, 4], [3, 5]]",[],2,1.9767791447737961,0.42092073335646824,0.0003514965609402751,0.19986977799928365,0.016189256593654718,0.21641053115387865,0.0002830820377986419,-9.28414332830444e-07,0.0037742199055752095,0.00016206342631709854,False
kc_refinement_stiff,0.005500000000000001,11,7,1.9777756724628788,1.976787191277126,0.5380503003126669,0.478940122887249,0.6394347103326976,1.6262997083881743,1.5038271393621059,0,1.2732395447351628,1.316781925018429,4,0.020236255525486024,0.057817872929960074,"[[0, 2], [1, 3], [2, 4], [3, 5]]",[],2,1.976787191277126,0.4235883557489086,0.00035239593979811783,0.1995931967061174,0.01618801438904364,0.21613360703495912,0.0002760420885009992,-8.82030418525618e-07,0.004050261994076209,0.00016118139589857292,False
kc_refinement_stiff,0.006000000000000002,12,7,1.9778251174727508,1.976803476211146,0.5379996801215146,0.4788636474144489,0.6397033865858575,1.6297810518390634,1.5028123277321406,0,1.2732395447351628,1.3167975909845002,4,0.020232596222023502,0.05780741777721001,"[[0, 2], [1, 3], [2, 4], [3, 5]]",[],2,1.976803476211146,0.42640613941760447,0.00035271991507809786,0.19932584925182817,0.016184805080189865,0.21586337424709612,0.0002693850747752498,-8.477130877563785e-07,0.004319647068851459,0.00016033368281081654,False
kc_refinement_stiff,0.006500000000000002,13,7,1.9778745637187631,1.976827033601805,0.5379507411190236,0.4787892187149955,0.639976202431465,1.6331213876339525,1.5018247678897085,0,1.2732395447351628,1.31681842467811,4,0.02022775152802231,0.057793575794349454,"[[0, 2], [1, 3], [2, 4], [3, 5]]",[],2,1.976827033601805,0.4293327479900265,0.0003525674801735047,0.19906712396088566,0.01617979543867797,0.21559948687973715,0.000263062359601029,-8.250077579379888e-07,0.004582709428452488,0.00015950867505287855,False
kc_refinement_stiff,0.007000000000000003,14,7,1.9779240112009469,1.9768569950088162,0.5379033330948223,0.47871666365951615,0.6402526912127996,1.6363265477183573,1.500862775610501,0,1.2732395447351628,1.3168437370938066,4,0.020221877331981053,0.05777679237708873,"[[0, 2], [1, 3], [2, 4], [3, 5]]",[],2,1.9768569950088162,0.43233828892299736,0.0003519960300704825,0.19881645910633045,0.01617318416945146,0.2153416393058524,0.00025703433122741096,-8.132426573398128e-07,0.0048397437596798985,0.00015869543239553874,False
kc_refinement_stiff,0.007500000000000003,15,7,1.9779734599193335,1.9768925878917882,0.537857320201849,0.47864582881942663,0.6405324183879694,1.639402050257575,1.4999248427981389,0,1.2732395447351628,1.3168729669827082,4,0.020215089582723333,0.057757398807780955,"[[0, 2], [1, 3], [2, 4], [3, 5]]",[],2,1.9768925878917882,0.4353996198105423,0.00035105763522841956,0.1985733511319818,0.016165150498018976,0.21508955926522919,0.0002512684584319821,-8.115821912327531e-07,0.005091012218111881,0.00015788385020430598,False
kc_refinement_stiff,0.008000000000000004,16,7,1.9780229098739532,1.9769331255812266,0.5378125797195061,0.4785765775758716,0.6408149851909142,1.642353062644211,1.4990096016762422,0,1.2732395447351628,1.3169056191291033,4,0.02020750086841827,0.05773571676690935,"[[0, 2], [1, 3], [2, 4], [3, 5]]",[],2,1.9769331255812266,0.43849901773329253,0.00034979569262416323,0.1983373436174125,0.016155863029117652,0.21484300233915432,0.00024573777545558933,-8.191506192752377e-07,0.0053367499935674705,0.00015706469958503075,False
kc_refinement_stiff,0.008500000000000004,17,7,1.9780723610648374,1.976977999283576,0.5377690020279423,0.478508788474968,0.6411000255790124,1.6451845008163548,1.4981158164574826,0,1.2732395447351628,1.3169412643129577,4,0.020199207752515935,0.05771202215004553,"[[0, 2], [1, 3], [2, 4], [3, 5]]",[],2,1.976977999283576,0.4416225547511188,0.00034825073086272476,0.19810802414593007,0.01614547263562894,0.21460174751242173,0.00024041976443637942,-8.350622962159302e-07,0.00557716975800385,0.00015622963728881482,False
kc_refinement_stiff,0.009000000000000005,18,7,1.9781218134920169,1.9770266694975063,0.5377264893203877,0.4784423533916307,0.6413872043078371,1.6479010426118053,1.4972423664128665,0,1.2732395447351628,1.3169795236588866,4,0.020190297324154727,0.05768656378329922,"[[0, 2], [1, 3], [2, 4], [3, 5]]",[],2,1.9770266694975063,0.44475920733651303,0.00034645988693501623,0.19788501880221138,0.016134114898957996,0.2143655935881044,0.000235295468628993,-8.584556883408322e-07,0.005812465226632843,0.00015537118160047398,False
kc_refinement_stiff,0.009500000000000005,19,7,1.9781712671555225,1.97707865843706,0.5376849545420418,0.47837717603935953,0.6416762141165462,1.650507156988837,1.4963882342894954,0,1.2732395447351628,1.3170200634780842,4,0.020180846303292754,0.05765956086655073,"[[0, 2], [1, 3], [2, 4], [3, 5]]",[],2,1.97707865843706,0.44790012868752394,0.00034445767774741445,0.1976679882668434,0.016121910333598208,0.214134356278189,0.0002303488018530079,-8.885080623862384e-07,0.0060428140284858505,0.00015448267353808775,False
kc_refinement_stiff,0.010000000000000005,20,7,1.9782207220553851,1.9771335430546408,0.5376443202230251,0.4783131705971701,0.6419667732651327,1.6530071176485943,1.4955524946363745,0,1.2732395447351628,1.3170625886474068,4,0.020170922916683987,0.057631208333382825,"[[0, 2], [1, 3], [2, 4], [3, 5]]",[],2,1.9771335430546408,0.45103815707078804,0.0003422758392920098,0.19745662395509755,0.016108966035962007,0.21390786583035157,0.00022556600149729484,-9.244463401348213e-07,0.006268380029983145,0.00015355822719795292,False
kc_refinement_stiff,0.010500000000000006,21,7,1.9782701781916359,1.9771909488490167,0.5376045174397859,0.4782502605163477,0.6422586231411521,1.655405017238329,1.494734303972014,0,1.2732395447351628,1.3171068381801734,4,0.020160587564954313,0.057601678757012324,"[[0, 2], [1, 3], [2, 4], [3, 5]]",[],2,1.9771909488490167,0.45416744277708604,0.0003399434151817067,0.19725064474176984,0.016095376924769485,0.21368596508172102,0.0002209351965914559,-9.655520390876348e-07,0.006489315226574601,0.0001525926751588653,False
kc_refinement_stiff,0.011000000000000006,22,7,1.9783196355643053,1.9772505443376573,0.5375654848540492,0.4781883774583334,0.64255152611709,1.6577047779545326,1.4939328918723427,0,1.2732395447351628,1.3171525810646558,4,0.02014989381476795,0.05757112518505129,"[[0, 2], [1, 3], [2, 4], [3, 5]]",[],2,1.9772505443376573,0.4572831754479909,0.0003374867604734775,0.19704979400327333,0.01608122708974211,0.21346850785348892,0.000216446064746322,-1.011163485782103e-06,0.006705761291320923,0.0001515815116730832,False
kc_refinement_stiff,0.011500000000000007,23,7,1.9783690941734247,1.9773120361596759,0.5375271678582717,0.47812746035954257,0.6428452636021942,1.6599101612809082,1.4931475531557012,0,1.2732395447351628,1.3171996128260492,4,0.020138889129639348,0.057539683227541,"[[0, 2], [1, 3], [2, 4], [3, 5]]",[],2,1.9773120361596759,0.46038137674311613,0.0003349296293481506,0.1968538370200804,0.01606659096909712,0.21325535761852568,0.00021208955927788255,-1.0606756853560482e-06,0.0069178508505988055,0.00015052083598772714,False
kc_refinement_stiff,0.012000000000000007,24,7,1.9784185540190244,1.977375164734106,0.5374895178119538,0.4780674546040219,0.6431396342987594,1.6620247764345333,1.4923776409315008,0,1.2732395447351628,1.3172477524622703,4,0.02012761557738668,0.05750747307824767,"[[0, 2], [1, 3], [2, 4], [3, 5]]",[],2,1.977375164734106,0.46345874256501507,0.0003322932839083714,0.19666255866716192,0.01605153443732196,0.21304638638839227,0.0002078576913282379,-1.113538805176678e-06,0.007125708541927044,0.00014940729718255046,False
kc_refinement_stiff,0.012500000000000008,25,7,1.9784680151011358,1.9774397004162183,0.5374524913648902,0.47800831129280996,0.6434344526370823,1.6640520880663083,1.491622560452378,0,1.2732395447351628,1.317296839774845,4,0.020116110434516332,0.057474601241475236,"[[0, 2], [1, 3], [2, 4], [3, 5]]",[],2,1.9774397004162183,0.4665125207083528,0.00032959663796595755,0.1964757613698437,0.01603611576953805,0.21284147377734772,0.00020374335535671055,-1.1692556878392841e-06,0.007329451897283754,0.00014823804149471118,False
kc_refinement_stiff,0.013000000000000008,26,7,1.9785174774197896,1.9775054400939203,0.5374160498571446,0.47794998659792753,0.6437295473742137,1.6659954232511665,1.490881763659326,0,1.2732395447351628,1.317346733005362,4,0.020104406730468427,0.057441162087052654,"[[0, 2], [1, 3], [2, 4], [3, 5]]",[],2,1.9775054400939203,0.46954041511117184,0.00032685641676393216,0.19629326328901975,0.016020386503958567,0.21264050620974226,0.00019974018881254016,-1.2273787929188186e-06,0.007529192086096294,0.00014701066270179236,False
kc_refinement_stiff,0.013500000000000009,27,7,1.978566940975017,1.9775722041741652,0.5373801587879646,0.47789244119121504,0.6440247603377384,1.667857977925923,1.490154744344114,0,1.2732395447351628,1.3173973067497793,4,0.020092533726323247,0.057407239218066425,"[[0, 2], [1, 3], [2, 4], [3, 5]]",[],2,1.9775722041741652,0.47254050996127195,0.00032408732729706703,0.19611489671015164,0.01600439220665952,0.21244337624410825,0.00019584245882051001,-1.2875068134975175e-06,0.007725034544916804,0.00014572315588829484,False
kc_refinement_stiff,0.014000000000000009,28,7,1.978616405766849,1.9776398339140253,0.5373447873456367,0.4778356397390811,0.6443199452990077,1.6696428228403335,1.4894410338540112,0,1.2732395447351628,1.3174484501109285,4,0.020080517340207105,0.05737290668630602,"[[0, 2], [1, 3], [2, 4], [3, 5]]",[],2,1.9776398339140253,0.47551120893517573,0.00032130223086448625,0.19594050661127282,0.01598817315056883,0.21224998199270614,0.00019204497024321465,-1.3492811588923276e-06,0.00791707951516002,0.0001443738747294025,False
kc_refinement_stiff,0.01450000000000001,29,7,1.9786658717953158,1.9777081890565567,0.5373099079913666,0.4777795504554269,0.6446149669611679,1.67135290909387,1.4887401972761518,0,1.2732395447351628,1.3175000650623987,4,0.020068380523719342,0.05733823006776955,"[[0, 2], [1, 3], [2, 4], [3, 5]]",[],2,1.9777081890565567,0.47845118604763376,0.00031851231316679324,0.19576994938919073,0.015971764917217433,0.21206022661957497,0.00018834299069845413,-1.4123824327243835e-06,0.008105422505858474,0.00014296149229667813,False
kc_refinement_stiff,0.01500000000000001,30,7,1.978715339060449,1.9777771457361184,0.5372754960908868,0.4777241447058955,0.6449097000491789,1.6729910733083038,1.4880518300452537,0,1.2732395447351628,1.3175520649980823,4,0.0200561435957482,0.05730326741642343,"[[0, 2], [1, 3], [2, 4], [3, 5]]",[],2,1.9777771457361184,0.4813593455245339,0.0003157272480714695,0.19560309172531093,0.015955198930144125,0.21187401790352653,0.000184732189052755,-1.4765269956810187e-06,0.008290154694911228,0.0001414849653009971,False
kc_refinement_stiff,0.01550000000000001,31,7,1.9787648075622792,1.9778465946220085,0.5372415295882632,0.47766939665743796,0.6452040284903893,1.6745600424804337,1.4873755549257144,0,1.2732395447351628,1.317604373446054,4,0.020043824538322985,0.057268070109494244,"[[0, 2], [1, 3], [2, 4], [3, 5]]",[],2,1.9778465946220085,0.4842347887519013,0.00031295535269556233,0.19543980957493215,0.015938502927570028,0.21169126785519776,0.00018120858465446279,-1.54146367430417e-06,0.008471363279565691,0.00013994350162669294,False
kc_refinement_stiff,0.01600000000000001,32,7,1.9788142773008375,1.97791643927292,0.5372079887169849,0.47761528296789707,0.645497844675603,1.676062438550545,1.4867110193248327,0,1.2732395447351628,1.3176569229276893,4,0.02003143925898143,0.05723268359708981,"[[0, 2], [1, 3], [2, 4], [3, 5]]",[],2,1.97791643927292,0.4870656283581208,0.0003102037323034979,0.19527998726579113,0.015921701381300175,0.2115118923793948,0.00017776850515148935,-1.6069706514726346e-06,0.008649131784717181,0.0001383365309752203,False
kc_refinement_stiff,0.01650000000000001,33,7,1.9788637482761546,1.9779865946779631,0.5371748557440117,0.47756178251094883,0.6457910487917422,1.67750078271688,1.4860578928991819,0,1.2732395447351628,1.3177096539454,4,0.02001900182346339,0.05719714806703826,"[[0, 2], [1, 3], [2, 4], [3, 5]]",[],2,1.9779865946779631,0.48985924601398767,0.00030747841427741264,0.1951235166933846,0.01590481586797807,0.21133581097564008,0.00017440855119213152,-1.6728525625871855e-06,0.008823540335909312,0.00013666367841263312,False
kc_refinement_stiff,0.01700000000000001,34,7,1.9789132204882618,1.9780569859628567,0.5371421147429549,0.4775088761322958,0.6460835482182604,1.6788774995214635,1.4854158654206593,0,1.2732395447351628,1.317762514084278,4,0.020006524662150138,0.05716149903471469,"[[0, 2], [1, 3], [2, 4], [3, 5]]",[],2,1.9780569859628567,0.4926183950109132,0.0003047844709221398,0.19497029660209406,0.015887865398149237,0.21116294647116543,0.0001711255666687028,-1.738937805948501e-06,0.008994665902578015,0.00013492474060668462,False
kc_refinement_stiff,0.017500000000000012,35,7,1.9789626939371896,1.9781275472423707,0.5371097513930247,0.4774565464334874,0.6463752569803787,1.6801949207288467,1.4847846448727402,0,1.2732395447351628,1.3178154572146878,4,0.019994018753242637,0.05712576786640754,"[[0, 2], [1, 3], [2, 4], [3, 5]]",[],2,1.9781275472423707,0.49534273935071305,0.0003021261312449321,0.19482023194245768,0.015870866707954092,0.21099322478165672,0.0001679166134403721,-1.8050760683396025e-06,0.009162582516018387,0.00013311966453834502,False
kc_refinement_stiff,0.018000000000000013,36,7,1.9790121686229691,1.9781982206023385,0.5370777528007652,0.47740477758017846,0.6466660952530268,1.6814552890160785,1.4841639557509174,0,1.2732395447351628,1.3178684427843512,4,0.019981493785340587,0.05708998224383025,"[[0, 2], [1, 3], [2, 4], [3, 5]]",[],2,1.9781982206023385,0.4980320394811347,0.00029950688209791625,0.1946732332960747,0.015853834517723268,0.21082657469589589,0.00016477894969692887,-1.8711360639044159e-06,0.009327361465715316,0.0001312485284744406,False
kc_refinement_stiff,0.018500000000000013,37,7,1.9790616445456313,1.9782689551964636,0.5370461073419548,0.4773535551320071,0.6469559889100815,1.6826607614895719,1.4835535375443827,0,1.2732395447351628,1.3179214351897863,4,0.019968958301759432,0.057054166576455526,"[[0, 2], [1, 3], [2, 4], [3, 5]]",[],2,1.9782689551964636,0.5006861402975858,0.00029692955923790157,0.19452921636063533,0.015836781761252385,0.21066292768112563,0.00016171001129536088,-1.9370034748964556e-06,0.009489071477010677,0.00012931152499954415,False
kc_refinement_stiff,0.019000000000000013,38,7,1.9791111217052069,1.978339706444891,0.537014804521354,0.4773028658916074,0.6472448691141172,1.683813413042368,1.4829531433786745,0,1.2732395447351628,1.3179744032181515,4,0.01995641982866514,0.05701834236761469,"[[0, 2], [1, 3], [2, 4], [3, 5]]",[],2,1.978339706444891,0.5033049607886341,0.0002943964289555217,0.19438810148844335,0.015819719789100243,0.2105022177064991,0.00015870739553968,-2.0025790868472395e-06,0.009647778872550358,0.0001273089459126969,False
kc_refinement_stiff,0.019500000000000014,39,7,1.9791606001017268,1.9784104353229857,0.5369838348482523,0.47725269777055995,0.6475326719424316,1.6849152395634166,1.4823625388013633,0,1.2732395447351628,1.3180273195515468,4,0.019943884988854688,0.056982528539584826,"[[0, 2], [1, 3], [2, 4], [3, 5]]",[],2,1.9784104353229857,0.5058884850563332,0.00029190926097651923,0.19424981327256816,0.01580265854886926,0.21034438108241393,0.00015576884698183642,-2.067777103330543e-06,0.009803547719532194,0.00012524116880936636,False
kc_refinement_stiff,0.02,40,7,1.9792100797352223,1.9784811077301128,0.5369531897260084,0.477203039670343,0.6478193380455957,1.6859681610089867,1.4817815006949382,0,1.2732395447351628,1.3180801603267536,4,0.01993135960280845,0.05694674172230987,"[[0, 2], [1, 3], [2, 4], [3, 5]]",[],2,1.9784811077301128,0.5084367544937249,0.0002894693933542774,0.19411428017543866,0.015785606745086854,0.2101893563138798,0.00015289224490476917,-2.132523629359666e-06,0.009956439964436962,0.0001231086451800067,False
