accepted_dt_max,accepted_dt_min,accepted_steps,boundary_condition,classification,contact_stiffness,decay_failure,decay_rate_analytic,decay_rate_measured,decay_rate_relative_error,diameter,dimensionless_groups,dissipation_definition,dissipation_euler_estimate,dt,dt_factor,dt_requested,eigenvalue_analytic,eigenvalue_numerical_hessian,eigenvalue_relative_error,energy_final,energy_initial,event_count,failure_reason,fixed_mesh_expected,fixed_mesh_observed,growth_energy_definition,growth_free_energy_nonincrease,growth_rate,growth_reference_energy_change,initial_A1_over_L,labels,mesh_dx_over_L,mode,mode_shape_l2_error,mode_shape_mass_overlap,n_nodes,peak_A1_over_L,peak_curvature_rms,peak_mode_spectrum,peak_transverse,reason,record_type,reference_run,refinement,rejected_steps,rejected_trials,rejection_reason_counts,remesh_definition,remesh_energy_jump,remesh_jumps,representative,run,run_count,schema_version,status,tau_b_definition,tau_b_definition_is_not_assumed_true,tau_mode_measured
,,,endpoint positions fixed; endpoint tangents free,,0.0,,,,,0.0,,,,,,,0.549033200812194,0.5490332008167463,8.291590533028989e-12,,,,,,,,,,,,,0.25,1,3.0927234722497852e-15,1.0000000000000002,5,,,,,,linear_eigenmode,,,,,,,,,,,,,,1.642557160749494,True,
,,,endpoint positions fixed; endpoint tangents free,,0.0,,,,,0.0,,,,,,,6.399999999999999,6.400000000015414,2.4086288519242775e-12,,,,,,,,,,,,,0.25,2,1.4696074753543794e-16,1.0000000000000002,5,,,,,,linear_eigenmode,,,,,,,,,,,,,,1.642557160749494,True,
,,,endpoint positions fixed; endpoint tangents free,,0.0,,,,,0.0,,,,,,,18.65096679918781,18.65096679921388,1.3977727404551132e-12,,,,,,,,,,,,,0.25,3,2.5438405243138005e-15,1.0,5,,,,,,linear_eigenmode,,,,,,,,,,,,,,1.642557160749494,True,
0.0002,0.00019999999999920082,500,endpoint positions fixed; endpoint tangents free,,0.0,,0.549033200812194,0.5490633984711684,5.500151708441811e-05,0.0,,,,0.0002,,,0.549033200812194,0.5490332008167463,8.291590533028989e-12,,,,,,,,,,,,,0.25,1,,,5,,,,,,linear_decay,,,0,,,,,,,,,,,1.642557160749494,True,1.8212833031384636
0.0001,9.9999999998171e-05,1000,endpoint positions fixed; endpoint tangents free,,0.0,,0.549033200812194,0.5490483249376659,2.7546832230755366e-05,0.0,,,,0.0001,,,0.549033200812194,0.5490332008167463,8.291590533028989e-12,,,,,,,,,,,,,0.25,1,,,5,,,,,,linear_decay,,,0,,,,,,,,,,,1.642557160749494,True,1.821333304520201
5e-05,2.858824288409778e-15,2001,endpoint positions fixed; endpoint tangents free,,0.0,,0.549033200812194,0.5490407885833761,1.3820241054501885e-05,0.0,,,,5e-05,,,0.549033200812194,0.5490332008167463,8.291590533028989e-12,,,,,,,,,,,,,0.25,1,,,5,,,,,,linear_decay,,,0,,,,,,,,,,,1.642557160749494,True,1.821358304872357
,,,endpoint positions fixed; endpoint tangents free,,0.0,,,,,0.0,,,,,,,0.5933389384397858,0.5933389384569381,2.8908063309896134e-11,,,,,,,,,,,,,0.125,1,3.728155531531797e-14,1.0,9,,,,,,linear_eigenmode,,,,,,,,,,,,,,1.642557160749494,True,
,,,endpoint positions fixed; endpoint tangents free,,0.0,,,,,0.0,,,,,,,8.784531212995134,8.784531213060664,7.459681366779786e-12,,,,,,,,,,,,,0.125,2,3.211416446420032e-14,1.0,9,,,,,,linear_eigenmode,,,,,,,,,,,,,,1.642557160749494,True,
,,,endpoint positions fixed; endpoint tangents free,,0.0,,,,,0.0,,,,,,,39.022565854878465,39.02256585501466,3.4902069765735086e-12,,,,,,,,,,,,,0.125,3,4.1707201791858664e-14,1.0000000000000002,9,,,,,,linear_eigenmode,,,,,,,,,,,,,,1.642557160749494,True,
0.0002,0.00019999999999920082,500,endpoint positions fixed; endpoint tangents free,,0.0,,0.5933389384397858,0.5933742019841886,5.943237855833285e-05,0.0,,,,0.0002,,,0.5933389384397858,0.5933389384569381,2.8908063309896134e-11,,,,,,,,,,,,,0.125,1,,,9,,,,,,linear_decay,,,0,,,,,,,,,,,1.642557160749494,True,1.6852771769586414
0.0001,9.9999999998171e-05,1000,endpoint positions fixed; endpoint tangents free,,0.0,,0.5933389384397858,0.5933565973338714,2.976189988810486e-05,0.0,,,,0.0001,,,0.5933389384397858,0.5933389384569381,2.8908063309896134e-11,,,,,,,,,,,,,0.125,1,,,9,,,,,,linear_decay,,,0,,,,,,,,,,,1.642557160749494,True,1.6853271784510344
5e-05,2.858824288409778e-15,2001,endpoint positions fixed; endpoint tangents free,,0.0,,0.5933389384397858,0.5933477955291353,1.4927537661342739e-05,0.0,,,,5e-05,,,0.5933389384397858,0.5933389384569381,2.8908063309896134e-11,,,,,,,,,,,,,0.125,1,,,9,,,,,,linear_decay,,,0,,,,,,,,,,,1.642557160749494,True,1.685352178831676
,,,endpoint positions fixed; endpoint tangents free,,0.0,,,,,0.0,,,,,,,0.6049062079409826,0.6049062079812596,6.658388263422885e-11,,,,,,,,,,,,,0.0625,1,4.746356830100664e-13,1.0,17,,,,,,linear_eigenmode,,,,,,,,,,,,,,1.642557160749494,True,
,,,endpoint positions fixed; endpoint tangents free,,0.0,,,,,0.0,,,,,,,9.49342301503553,9.493423015194766,1.6773315541224864e-11,,,,,,,,,,,,,0.0625,2,4.132004349497661e-13,1.0,17,,,,,,linear_eigenmode,,,,,,,,,,,,,,1.642557160749494,True,
,,,endpoint positions fixed; endpoint tangents free,,0.0,,,,,0.0,,,,,,,46.53464220050105,46.53464220084331,7.354979305816979e-12,,,,,,,,,,,,,0.0625,3,5.692820583130719e-13,1.0,17,,,,,,linear_eigenmode,,,,,,,,,,,,,,1.642557160749494,True,
0.0002,4.999999999977245e-05,1050,endpoint positions fixed; endpoint tangents free,,0.0,,0.6049062079409826,0.6049262527939365,3.313712554241503e-05,0.0,,,,0.0002,,,0.6049062079409826,0.6049062079812596,6.658388263422885e-11,,,,,,,,,,,,,0.0625,1,,,17,,,,,,linear_decay,,,1248,,,,,,,,,,,1.642557160749494,True,1.6530940678824237
0.0001,5e-05,1132,endpoint positions fixed; endpoint tangents free,,0.0,,0.6049062079409826,0.6049232915165607,2.824169326383448e-05,0.0,,,,0.0001,,,0.6049062079409826,0.6049062079812596,6.658388263422885e-11,,,,,,,,,,,,,0.0625,1,,,17,,,,,,linear_decay,,,264,,,,,,,,,,,1.642557160749494,True,1.6531021602639406
5e-05,2.858824288409778e-15,2001,endpoint positions fixed; endpoint tangents free,,0.0,,0.6049062079409826,0.6049154125754939,1.5216630926293603e-05,0.0,,,,5e-05,,,0.6049062079409826,0.6049062079812596,6.658388263422885e-11,,,,,,,,,,,,,0.0625,1,,,17,,,,,,linear_decay,,,0,,,,,,,,,,,1.642557160749494,True,1.6531236916949927
,,494,endpoint positions fixed; endpoint tangents free,"{'label': 'straight', 'failure_reason': None, 'onset_time': None, 'dominant_mode_at_peak': 1, 'single_mode_fraction_at_peak': 0.9995095780404128, 'threshold_max_transverse_displacement': 0.059229378684382696, 'peak_max_transverse_displacement': 0.024366914893943742, 'peak_first_mode_amplitude': 0.023167129307839093, 'final_max_transverse_displacement': 0.024366914893943742, 'initial_first_mode_amplitude': 0.019743126228127565}",0.0,,,,,0.0,"{'length_scale': 2.0, 'tau_b': 1.642557160749494, 'tau_s': 0.04, 'G_b': 0.0821278580374747, 'G_s': 0.002, 'chi': 0.00025, 'bending_to_stretching': 0.00025, 'mesh_ratio_initial_dx_over_L': 0.125, 'dt_over_tau_b': 0.0006088068189625151, 'diameter_over_L': 0.0, 'contact_stiffness': 0.0, 'definition': 'tau_b=zeta*L^4/(EI*pi^4), first sine bending mode; tau_s=zeta*L^2/EA; chi=EI/(EA*L^2)'}",dt * sum_i Gamma_i |v_i|^2 evaluated at the accepted Euler trial; diagnostic estimate,3147.7278349010403,,1.0,0.001,,,,0.036352849398327454,0.00011859338464445318,1215,,True,True,"E(r_before, a_grown) - E(r_before, a_before); discrete fixed-geometry reference-length energy change, not a claim of a complete continuum growth-work derivation",True,0.05,-0.0030584524224466112,0.009871563114063783,,,,,,9,0.011583564653919546,2.375266269188575,"[0.023167129307839093, 3.787297469397255e-05, -0.0007227139389815651, 1.2026932074725395e-05, 5.3899994770444885e-05, -4.729396221906388e-06]",0.024366914893943742,,growth_run,,temporal,,720,{'trial displacement exceeds max_displacement_fraction': 720},"E(r_after_remesh, a_after_remesh) - E(r_before, a_grown), kept separate from growth and dissipation",0.0,0,straight,straight__temporal_n9__dt0.001,,continuum-filament-p0b-linear-mode-convergence-1,,,,
,,521,endpoint positions fixed; endpoint tangents free,"{'label': 'straight', 'failure_reason': None, 'onset_time': None, 'dominant_mode_at_peak': 1, 'single_mode_fraction_at_peak': 0.9995496574689192, 'threshold_max_transverse_displacement': 0.059229378684382696, 'peak_max_transverse_displacement': 0.02431423699277864, 'peak_first_mode_amplitude': 0.023132907762901316, 'final_max_transverse_displacement': 0.02431423699277864, 'initial_first_mode_amplitude': 0.019743126228127565}",0.0,,,,,0.0,"{'length_scale': 2.0, 'tau_b': 1.642557160749494, 'tau_s': 0.04, 'G_b': 0.0821278580374747, 'G_s': 0.002, 'chi': 0.00025, 'bending_to_stretching': 0.00025, 'mesh_ratio_initial_dx_over_L': 0.125, 'dt_over_tau_b': 0.00030440340948125757, 'diameter_over_L': 0.0, 'contact_stiffness': 0.0, 'definition': 'tau_b=zeta*L^4/(EI*pi^4), first sine bending mode; tau_s=zeta*L^2/EA; chi=EI/(EA*L^2)'}",dt * sum_i Gamma_i |v_i|^2 evaluated at the accepted Euler trial; diagnostic estimate,3016.006692575969,,0.5,0.0005,,,,1.801028819404658,0.00011859338464445318,789,,True,True,"E(r_before, a_grown) - E(r_before, a_before); discrete fixed-geometry reference-length energy change, not a claim of a complete continuum growth-work derivation",True,0.05,-0.0024451007994562316,0.009871563114063783,,,,,,9,0.011566453881450658,1.9425438389319936,"[0.023132907762901316, 1.3434581112616788e-05, -0.0006911042769029252, 2.0030849312807457e-07, 5.267956301632814e-05, -4.15917628641964e-05]",0.02431423699277864,,growth_run,,temporal,,267,{'trial displacement exceeds max_displacement_fraction': 267},"E(r_after_remesh, a_after_remesh) - E(r_before, a_grown), kept separate from growth and dissipation",0.0,0,straight,straight__temporal_n9__dt0.0005,,continuum-filament-p0b-linear-mode-convergence-1,,,,
,,800,endpoint positions fixed; endpoint tangents free,"{'label': 'straight', 'failure_reason': None, 'onset_time': None, 'dominant_mode_at_peak': 1, 'single_mode_fraction_at_peak': 0.99999999986797, 'threshold_max_transverse_displacement': 0.059229378684382696, 'peak_max_transverse_displacement': 0.02262606596882654, 'peak_first_mode_amplitude': 0.022336531808727855, 'final_max_transverse_displacement': 0.02262606596882654, 'initial_first_mode_amplitude': 0.019743126228127565}",0.0,,,,,0.0,"{'length_scale': 2.0, 'tau_b': 1.642557160749494, 'tau_s': 0.04, 'G_b': 0.0821278580374747, 'G_s': 0.002, 'chi': 0.00025, 'bending_to_stretching': 0.00025, 'mesh_ratio_initial_dx_over_L': 0.125, 'dt_over_tau_b': 0.00015220170474062878, 'diameter_over_L': 0.0, 'contact_stiffness': 0.0, 'definition': 'tau_b=zeta*L^4/(EI*pi^4), first sine bending mode; tau_s=zeta*L^2/EA; chi=EI/(EA*L^2)'}",dt * sum_i Gamma_i |v_i|^2 evaluated at the accepted Euler trial; diagnostic estimate,7.921565698871123e-05,,0.25,0.00025,,,,0.010017575774386707,0.00011859338464445318,801,,True,True,"E(r_before, a_grown) - E(r_before, a_before); discrete fixed-geometry reference-length energy change, not a claim of a complete continuum growth-work derivation",True,0.05,0.009978209871693693,0.009871563114063783,,,,,,9,0.011168265904363928,0.04082870476206278,"[0.022336531808727855, 2.1033522146218786e-17, -3.629669433091211e-07, -1.8431436932253575e-18, 7.579096855322986e-12, -2.2768245622195593e-18]",0.02262606596882654,,growth_run,,temporal,,0,{},"E(r_after_remesh, a_after_remesh) - E(r_before, a_grown), kept separate from growth and dissipation",0.0,0,straight,straight__temporal_n9__dt0.00025,,continuum-filament-p0b-linear-mode-convergence-1,,,,
,,200,endpoint positions fixed; endpoint tangents free,"{'label': 'straight', 'failure_reason': None, 'onset_time': None, 'dominant_mode_at_peak': 1, 'single_mode_fraction_at_peak': 0.9999999996437101, 'threshold_max_transverse_displacement': 0.05697550527687431, 'peak_max_transverse_displacement': 0.022635117087817357, 'peak_first_mode_amplitude': 0.021495094779524482, 'final_max_transverse_displacement': 0.022635117087817357, 'initial_first_mode_amplitude': 0.018991835092291437}",0.0,,,,,0.0,"{'length_scale': 2.0, 'tau_b': 1.642557160749494, 'tau_s': 0.04, 'G_b': 0.0821278580374747, 'G_s': 0.002, 'chi': 0.00025, 'bending_to_stretching': 0.00025, 'mesh_ratio_initial_dx_over_L': 0.25, 'dt_over_tau_b': 0.0006088068189625151, 'diameter_over_L': 0.0, 'contact_stiffness': 0.0, 'definition': 'tau_b=zeta*L^4/(EI*pi^4), first sine bending mode; tau_s=zeta*L^2/EA; chi=EI/(EA*L^2)'}",dt * sum_i Gamma_i |v_i|^2 evaluated at the accepted Euler trial; diagnostic estimate,7.631280335301704e-05,,1.0,0.001,,,,0.0100110248529241,0.00010973483498796771,201,,True,True,"E(r_before, a_grown) - E(r_before, a_before); discrete fixed-geometry reference-length energy change, not a claim of a complete continuum growth-work derivation",True,0.05,0.00997764788756627,0.009495917546145718,,,,,,5,0.010747547389762241,0.04243667428598509,"[0.021495094779524482, 1.734723475976807e-18, -5.098753220315368e-07, -1.3010426069826053e-18, -2.631858363015549e-07, -2.1141942363467336e-18]",0.022635117087817357,,growth_run,,spatial,,0,{},"E(r_after_remesh, a_after_remesh) - E(r_before, a_grown), kept separate from growth and dissipation",0.0,0,straight,straight__spatial_n5__dt0.001,,continuum-filament-p0b-linear-mode-convergence-1,,,,
,,274,endpoint positions fixed; endpoint tangents free,"{'label': 'straight', 'failure_reason': None, 'onset_time': None, 'dominant_mode_at_peak': 1, 'single_mode_fraction_at_peak': 0.9961657645368129, 'threshold_max_transverse_displacement': 0.05863832022888604, 'peak_max_transverse_displacement': 0.027468887230460825, 'peak_first_mode_amplitude': 0.023529461497388025, 'final_max_transverse_displacement': 0.027468887230460825, 'initial_first_mode_amplitude': 0.019546106742962015}",0.0,,,,,0.0,"{'length_scale': 2.0, 'tau_b': 1.642557160749494, 'tau_s': 0.04, 'G_b': 0.0821278580374747, 'G_s': 0.002, 'chi': 0.00025, 'bending_to_stretching': 0.00025, 'mesh_ratio_initial_dx_over_L': 0.16666666666666666, 'dt_over_tau_b': 0.0006088068189625151, 'diameter_over_L': 0.0, 'contact_stiffness': 0.0, 'definition': 'tau_b=zeta*L^4/(EI*pi^4), first sine bending mode; tau_s=zeta*L^2/EA; chi=EI/(EA*L^2)'}",dt * sum_i Gamma_i |v_i|^2 evaluated at the accepted Euler trial; diagnostic estimate,1570.271196369489,,1.0,0.001,,,,0.09779694748061224,0.00011623694646307171,428,,True,True,"E(r_before, a_grown) - E(r_before, a_before); discrete fixed-geometry reference-length energy change, not a claim of a complete continuum growth-work derivation",True,0.05,-0.0020047687912914942,0.009773053371481008,,,,,,7,0.011764730748694012,1.4745994290487519,"[0.023529461497388025, 0.0001536792114842703, -0.0019968427552155736, -1.725165536317066e-05, 0.0005067422024575699, -4.4694917302735794e-05]",0.027468887230460825,,growth_run,,spatial,,153,{'trial displacement exceeds max_displacement_fraction': 153},"E(r_after_remesh, a_after_remesh) - E(r_before, a_grown), kept separate from growth and dissipation",0.0,0,straight,straight__spatial_n7__dt0.001,,continuum-filament-p0b-linear-mode-convergence-1,,,,
,,494,endpoint positions fixed; endpoint tangents free,"{'label': 'straight', 'failure_reason': None, 'onset_time': None, 'dominant_mode_at_peak': 1, 'single_mode_fraction_at_peak': 0.9995095780404128, 'threshold_max_transverse_displacement': 0.059229378684382696, 'peak_max_transverse_displacement': 0.024366914893943742, 'peak_first_mode_amplitude': 0.023167129307839093, 'final_max_transverse_displacement': 0.024366914893943742, 'initial_first_mode_amplitude': 0.019743126228127565}",0.0,,,,,0.0,"{'length_scale': 2.0, 'tau_b': 1.642557160749494, 'tau_s': 0.04, 'G_b': 0.0821278580374747, 'G_s': 0.002, 'chi': 0.00025, 'bending_to_stretching': 0.00025, 'mesh_ratio_initial_dx_over_L': 0.125, 'dt_over_tau_b': 0.0006088068189625151, 'diameter_over_L': 0.0, 'contact_stiffness': 0.0, 'definition': 'tau_b=zeta*L^4/(EI*pi^4), first sine bending mode; tau_s=zeta*L^2/EA; chi=EI/(EA*L^2)'}",dt * sum_i Gamma_i |v_i|^2 evaluated at the accepted Euler trial; diagnostic estimate,3147.7278349010403,,1.0,0.001,,,,0.036352849398327454,0.00011859338464445318,1215,,True,True,"E(r_before, a_grown) - E(r_before, a_before); discrete fixed-geometry reference-length energy change, not a claim of a complete continuum growth-work derivation",True,0.05,-0.0030584524224466112,0.009871563114063783,,,,,,9,0.011583564653919546,2.375266269188575,"[0.023167129307839093, 3.787297469397255e-05, -0.0007227139389815651, 1.2026932074725395e-05, 5.3899994770444885e-05, -4.729396221906388e-06]",0.024366914893943742,,growth_run,,spatial,,720,{'trial displacement exceeds max_displacement_fraction': 720},"E(r_after_remesh, a_after_remesh) - E(r_before, a_grown), kept separate from growth and dissipation",0.0,0,straight,straight__spatial_n9__dt0.001,,continuum-filament-p0b-linear-mode-convergence-1,,,,
,,481,endpoint positions fixed; endpoint tangents free,"{'label': 'straight', 'failure_reason': None, 'onset_time': None, 'dominant_mode_at_peak': 1, 'single_mode_fraction_at_peak': 0.989574199814129, 'threshold_max_transverse_displacement': 0.059229378684382696, 'peak_max_transverse_displacement': 0.0443744703450332, 'peak_first_mode_amplitude': 0.03681722040554777, 'final_max_transverse_displacement': 0.0443744703450332, 'initial_first_mode_amplitude': 0.019743126228127565}",0.0,,,,,0.0,"{'length_scale': 2.0, 'tau_b': 1.642557160749494, 'tau_s': 0.04, 'G_b': 0.2463835741124241, 'G_s': 0.006, 'chi': 0.00025, 'bending_to_stretching': 0.00025, 'mesh_ratio_initial_dx_over_L': 0.125, 'dt_over_tau_b': 0.0006088068189625151, 'diameter_over_L': 0.0, 'contact_stiffness': 0.0, 'definition': 'tau_b=zeta*L^4/(EI*pi^4), first sine bending mode; tau_s=zeta*L^2/EA; chi=EI/(EA*L^2)'}",dt * sum_i Gamma_i |v_i|^2 evaluated at the accepted Euler trial; diagnostic estimate,2893.2702241843635,,1.0,0.001,,,,2.8443485528855357,0.00011859338464445318,1167,,True,True,"E(r_before, a_grown) - E(r_before, a_before); discrete fixed-geometry reference-length energy change, not a claim of a complete continuum growth-work derivation",True,0.15,0.05246270285490725,0.009871563114063783,,,,,,9,0.018408610202773883,2.308866281353042,"[0.03681722040554777, 0.00023546573212732884, -0.005315379890582619, -0.0001247011149620806, 0.0005897832025383641, 0.00020161579133803366]",0.0443744703450332,,growth_run,,temporal,,685,{'trial displacement exceeds max_displacement_fraction': 685},"E(r_after_remesh, a_after_remesh) - E(r_before, a_grown), kept separate from growth and dissipation",0.0,0,boundary-near,boundary-near__temporal_n9__dt0.001,,continuum-filament-p0b-linear-mode-convergence-1,,,,
,,513,endpoint positions fixed; endpoint tangents free,"{'label': 'straight', 'failure_reason': None, 'onset_time': None, 'dominant_mode_at_peak': 1, 'single_mode_fraction_at_peak': 0.9876643234380847, 'threshold_max_transverse_displacement': 0.059229378684382696, 'peak_max_transverse_displacement': 0.0451049262968261, 'peak_first_mode_amplitude': 0.03687236178735276, 'final_max_transverse_displacement': 0.0451049262968261, 'initial_first_mode_amplitude': 0.019743126228127565}",0.0,,,,,0.0,"{'length_scale': 2.0, 'tau_b': 1.642557160749494, 'tau_s': 0.04, 'G_b': 0.2463835741124241, 'G_s': 0.006, 'chi': 0.00025, 'bending_to_stretching': 0.00025, 'mesh_ratio_initial_dx_over_L': 0.125, 'dt_over_tau_b': 0.00030440340948125757, 'diameter_over_L': 0.0, 'contact_stiffness': 0.0, 'definition': 'tau_b=zeta*L^4/(EI*pi^4), first sine bending mode; tau_s=zeta*L^2/EA; chi=EI/(EA*L^2)'}",dt * sum_i Gamma_i |v_i|^2 evaluated at the accepted Euler trial; diagnostic estimate,2905.449363162936,,0.5,0.0005,,,,0.33092792132014354,0.00011859338464445318,739,,True,True,"E(r_before, a_grown) - E(r_before, a_before); discrete fixed-geometry reference-length energy change, not a claim of a complete continuum growth-work derivation",True,0.15,0.05242339283110205,0.009871563114063783,,,,,,9,0.01843618089367638,1.8728175692367088,"[0.03687236178735276, -0.0001606701442787219, -0.0057971570068758365, 9.117775906150106e-05, 0.0007228036442097146, -9.938026873116844e-05]",0.0451049262968261,,growth_run,,temporal,,225,{'trial displacement exceeds max_displacement_fraction': 225},"E(r_after_remesh, a_after_remesh) - E(r_before, a_grown), kept separate from growth and dissipation",0.0,0,boundary-near,boundary-near__temporal_n9__dt0.0005,,continuum-filament-p0b-linear-mode-convergence-1,,,,
,,800,endpoint positions fixed; endpoint tangents free,"{'label': 'straight', 'failure_reason': None, 'onset_time': None, 'dominant_mode_at_peak': 1, 'single_mode_fraction_at_peak': 0.9999999992667763, 'threshold_max_transverse_displacement': 0.059229378684382696, 'peak_max_transverse_displacement': 0.036015996143128934, 'peak_first_mode_amplitude': 0.03555726306178816, 'final_max_transverse_displacement': 0.036015996143128934, 'initial_first_mode_amplitude': 0.019743126228127565}",0.0,,,,,0.0,"{'length_scale': 2.0, 'tau_b': 1.642557160749494, 'tau_s': 0.04, 'G_b': 0.2463835741124241, 'G_s': 0.006, 'chi': 0.00025, 'bending_to_stretching': 0.00025, 'mesh_ratio_initial_dx_over_L': 0.125, 'dt_over_tau_b': 0.00015220170474062878, 'diameter_over_L': 0.0, 'contact_stiffness': 0.0, 'definition': 'tau_b=zeta*L^4/(EI*pi^4), first sine bending mode; tau_s=zeta*L^2/EA; chi=EI/(EA*L^2)'}",dt * sum_i Gamma_i |v_i|^2 evaluated at the accepted Euler trial; diagnostic estimate,0.002181810684892361,,0.25,0.00025,,,,0.08720161757078786,0.00011859338464445318,801,,True,True,"E(r_before, a_grown) - E(r_before, a_before); discrete fixed-geometry reference-length energy change, not a claim of a complete continuum growth-work derivation",True,0.15,0.08926615670608337,0.009871563114063783,,,,,,9,0.01777863153089408,0.06245739109667374,"[0.03555726306178816, 7.914675859144182e-17, 1.3616377380768277e-06, 1.214306433183765e-17, -4.086672029425531e-10, -1.4094628242311558e-17]",0.036015996143128934,,growth_run,,temporal,,0,{},"E(r_after_remesh, a_after_remesh) - E(r_before, a_grown), kept separate from growth and dissipation",0.0,0,boundary-near,boundary-near__temporal_n9__dt0.00025,,continuum-filament-p0b-linear-mode-convergence-1,,,,
,,200,endpoint positions fixed; endpoint tangents free,"{'label': 'straight', 'failure_reason': None, 'onset_time': None, 'dominant_mode_at_peak': 1, 'single_mode_fraction_at_peak': 0.9999999995482347, 'threshold_max_transverse_displacement': 0.05697550527687431, 'peak_max_transverse_displacement': 0.035443383117006774, 'peak_first_mode_amplitude': 0.033658002763651274, 'final_max_transverse_displacement': 0.035443383117006774, 'initial_first_mode_amplitude': 0.018991835092291437}",0.0,,,,,0.0,"{'length_scale': 2.0, 'tau_b': 1.642557160749494, 'tau_s': 0.04, 'G_b': 0.2463835741124241, 'G_s': 0.006, 'chi': 0.00025, 'bending_to_stretching': 0.00025, 'mesh_ratio_initial_dx_over_L': 0.25, 'dt_over_tau_b': 0.0006088068189625151, 'diameter_over_L': 0.0, 'contact_stiffness': 0.0, 'definition': 'tau_b=zeta*L^4/(EI*pi^4), first sine bending mode; tau_s=zeta*L^2/EA; chi=EI/(EA*L^2)'}",dt * sum_i Gamma_i |v_i|^2 evaluated at the accepted Euler trial; diagnostic estimate,0.002005597761598987,,1.0,0.001,,,,0.0874225272000719,0.00010973483498796771,201,,True,True,"E(r_before, a_grown) - E(r_before, a_before); discrete fixed-geometry reference-length energy change, not a claim of a complete continuum growth-work derivation",True,0.15,0.0893231053295472,0.009495917546145718,,,,,,5,0.016829001381825637,0.06385283928288993,"[0.033658002763651274, 3.469446951953614e-17, -9.538290695904755e-07, 4.336808689942018e-18, -3.3731963729253904e-07, -4.553649124439119e-18]",0.035443383117006774,,growth_run,,spatial,,0,{},"E(r_after_remesh, a_after_remesh) - E(r_before, a_grown), kept separate from growth and dissipation",0.0,0,boundary-near,boundary-near__spatial_n5__dt0.001,,continuum-filament-p0b-linear-mode-convergence-1,,,,
,,266,endpoint positions fixed; endpoint tangents free,"{'label': 'buckled-single', 'failure_reason': None, 'onset_time': 0.18075000000000013, 'dominant_mode_at_peak': 1, 'single_mode_fraction_at_peak': 0.8230534067471146, 'threshold_max_transverse_displacement': 0.05863832022888604, 'peak_max_transverse_displacement': 0.09030267675623564, 'peak_first_mode_amplitude': 0.03673740184222896, 'final_max_transverse_displacement': 0.09030267675623564, 'initial_first_mode_amplitude': 0.019546106742962015}",0.0,,,,,0.0,"{'length_scale': 2.0, 'tau_b': 1.642557160749494, 'tau_s': 0.04, 'G_b': 0.2463835741124241, 'G_s': 0.006, 'chi': 0.00025, 'bending_to_stretching': 0.00025, 'mesh_ratio_initial_dx_over_L': 0.16666666666666666, 'dt_over_tau_b': 0.0006088068189625151, 'diameter_over_L': 0.0, 'contact_stiffness': 0.0, 'definition': 'tau_b=zeta*L^4/(EI*pi^4), first sine bending mode; tau_s=zeta*L^2/EA; chi=EI/(EA*L^2)'}",dt * sum_i Gamma_i |v_i|^2 evaluated at the accepted Euler trial; diagnostic estimate,1443.577736041539,,1.0,0.001,,,,0.3715296450815593,0.00011623694646307171,409,,True,True,"E(r_before, a_grown) - E(r_before, a_before); discrete fixed-geometry reference-length energy change, not a claim of a complete continuum growth-work derivation",True,0.15,0.051900135389954215,0.009773053371481008,,,,,,7,0.01836870092111448,1.4788700011448537,"[0.03673740184222896, 0.000383111697424907, -0.02047806707641872, -9.871099752118806e-05, 0.014939100909186329, -8.272735180815888e-05]",0.09030267675623564,,growth_run,,spatial,,142,{'trial displacement exceeds max_displacement_fraction': 142},"E(r_after_remesh, a_after_remesh) - E(r_before, a_grown), kept separate from growth and dissipation",0.0,0,boundary-near,boundary-near__spatial_n7__dt0.001,,continuum-filament-p0b-linear-mode-convergence-1,,,,
,,481,endpoint positions fixed; endpoint tangents free,"{'label': 'straight', 'failure_reason': None, 'onset_time': None, 'dominant_mode_at_peak': 1, 'single_mode_fraction_at_peak': 0.989574199814129, 'threshold_max_transverse_displacement': 0.059229378684382696, 'peak_max_transverse_displacement': 0.0443744703450332, 'peak_first_mode_amplitude': 0.03681722040554777, 'final_max_transverse_displacement': 0.0443744703450332, 'initial_first_mode_amplitude': 0.019743126228127565}",0.0,,,,,0.0,"{'length_scale': 2.0, 'tau_b': 1.642557160749494, 'tau_s': 0.04, 'G_b': 0.2463835741124241, 'G_s': 0.006, 'chi': 0.00025, 'bending_to_stretching': 0.00025, 'mesh_ratio_initial_dx_over_L': 0.125, 'dt_over_tau_b': 0.0006088068189625151, 'diameter_over_L': 0.0, 'contact_stiffness': 0.0, 'definition': 'tau_b=zeta*L^4/(EI*pi^4), first sine bending mode; tau_s=zeta*L^2/EA; chi=EI/(EA*L^2)'}",dt * sum_i Gamma_i |v_i|^2 evaluated at the accepted Euler trial; diagnostic estimate,2893.2702241843635,,1.0,0.001,,,,2.8443485528855357,0.00011859338464445318,1167,,True,True,"E(r_before, a_grown) - E(r_before, a_before); discrete fixed-geometry reference-length energy change, not a claim of a complete continuum growth-work derivation",True,0.15,0.05246270285490725,0.009871563114063783,,,,,,9,0.018408610202773883,2.308866281353042,"[0.03681722040554777, 0.00023546573212732884, -0.005315379890582619, -0.0001247011149620806, 0.0005897832025383641, 0.00020161579133803366]",0.0443744703450332,,growth_run,,spatial,,685,{'trial displacement exceeds max_displacement_fraction': 685},"E(r_after_remesh, a_after_remesh) - E(r_before, a_grown), kept separate from growth and dissipation",0.0,0,boundary-near,boundary-near__spatial_n9__dt0.001,,continuum-filament-p0b-linear-mode-convergence-1,,,,
,,463,endpoint positions fixed; endpoint tangents free,"{'label': 'buckled-single', 'failure_reason': None, 'onset_time': 0.19212499999999993, 'dominant_mode_at_peak': 1, 'single_mode_fraction_at_peak': 0.9452011992199224, 'threshold_max_transverse_displacement': 0.059229378684382696, 'peak_max_transverse_displacement': 0.06930449509602273, 'peak_first_mode_amplitude': 0.045899194135683344, 'final_max_transverse_displacement': 0.06930449509602273, 'initial_first_mode_amplitude': 0.019743126228127565}",0.0,,,,,0.0,"{'length_scale': 2.0, 'tau_b': 1.642557160749494, 'tau_s': 0.04, 'G_b': 0.3285114321498988, 'G_s': 0.008, 'chi': 0.00025, 'bending_to_stretching': 0.00025, 'mesh_ratio_initial_dx_over_L': 0.125, 'dt_over_tau_b': 0.0006088068189625151, 'diameter_over_L': 0.0, 'contact_stiffness': 0.0, 'definition': 'tau_b=zeta*L^4/(EI*pi^4), first sine bending mode; tau_s=zeta*L^2/EA; chi=EI/(EA*L^2)'}",dt * sum_i Gamma_i |v_i|^2 evaluated at the accepted Euler trial; diagnostic estimate,2599.3400764514195,,1.0,0.001,,,,0.7460333042094899,0.00011859338464445318,1115,,True,True,"E(r_before, a_grown) - E(r_before, a_before); discrete fixed-geometry reference-length energy change, not a claim of a complete continuum growth-work derivation",True,0.2,0.11282271860630469,0.009871563114063783,,,,,,9,0.022949597067841672,2.366297838681871,"[0.045899194135683344, -0.000585836331657587, -0.015568362971403713, 0.00017197578595876844, 0.0029287975132637842, -0.00018979834500199098]",0.06930449509602273,,growth_run,,temporal,,651,{'trial displacement exceeds max_displacement_fraction': 651},"E(r_after_remesh, a_after_remesh) - E(r_before, a_grown), kept separate from growth and dissipation",0.0,0,buckled-candidate,buckled-candidate__temporal_n9__dt0.001,,continuum-filament-p0b-linear-mode-convergence-1,,,,
,,508,endpoint positions fixed; endpoint tangents free,"{'label': 'buckled-single', 'failure_reason': None, 'onset_time': 0.18600000000000014, 'dominant_mode_at_peak': 1, 'single_mode_fraction_at_peak': 0.8948650049845978, 'threshold_max_transverse_displacement': 0.059229378684382696, 'peak_max_transverse_displacement': 0.08074549647992633, 'peak_first_mode_amplitude': 0.0460094768275911, 'final_max_transverse_displacement': 0.08074549647992633, 'initial_first_mode_amplitude': 0.019743126228127565}",0.0,,,,,0.0,"{'length_scale': 2.0, 'tau_b': 1.642557160749494, 'tau_s': 0.04, 'G_b': 0.3285114321498988, 'G_s': 0.008, 'chi': 0.00025, 'bending_to_stretching': 0.00025, 'mesh_ratio_initial_dx_over_L': 0.125, 'dt_over_tau_b': 0.00030440340948125757, 'diameter_over_L': 0.0, 'contact_stiffness': 0.0, 'definition': 'tau_b=zeta*L^4/(EI*pi^4), first sine bending mode; tau_s=zeta*L^2/EA; chi=EI/(EA*L^2)'}",dt * sum_i Gamma_i |v_i|^2 evaluated at the accepted Euler trial; diagnostic estimate,2946.825349368608,,0.5,0.0005,,,,0.28202120412928006,0.00011859338464445318,724,,True,True,"E(r_before, a_grown) - E(r_before, a_before); discrete fixed-geometry reference-length energy change, not a claim of a complete continuum growth-work derivation",True,0.2,0.10637738595609758,0.009871563114063783,,,,,,9,0.02300473841379555,1.8751661267658202,"[0.0460094768275911, 0.00013634553356008783, -0.022437723871443428, 0.00017642183585135337, 0.004805002801757508, -0.00020049204389265175]",0.08074549647992633,,growth_run,,temporal,,215,{'trial displacement exceeds max_displacement_fraction': 215},"E(r_after_remesh, a_after_remesh) - E(r_before, a_grown), kept separate from growth and dissipation",0.0,0,buckled-candidate,buckled-candidate__temporal_n9__dt0.0005,,continuum-filament-p0b-linear-mode-convergence-1,,,,
,,800,endpoint positions fixed; endpoint tangents free,"{'label': 'straight', 'failure_reason': None, 'onset_time': None, 'dominant_mode_at_peak': 1, 'single_mode_fraction_at_peak': 0.9999999765216615, 'threshold_max_transverse_displacement': 0.059229378684382696, 'peak_max_transverse_displacement': 0.045048599087908404, 'peak_first_mode_amplitude': 0.04448361460171331, 'final_max_transverse_displacement': 0.045048599087908404, 'initial_first_mode_amplitude': 0.019743126228127565}",0.0,,,,,0.0,"{'length_scale': 2.0, 'tau_b': 1.642557160749494, 'tau_s': 0.04, 'G_b': 0.3285114321498988, 'G_s': 0.008, 'chi': 0.00025, 'bending_to_stretching': 0.00025, 'mesh_ratio_initial_dx_over_L': 0.125, 'dt_over_tau_b': 0.00015220170474062878, 'diameter_over_L': 0.0, 'contact_stiffness': 0.0, 'definition': 'tau_b=zeta*L^4/(EI*pi^4), first sine bending mode; tau_s=zeta*L^2/EA; chi=EI/(EA*L^2)'}",dt * sum_i Gamma_i |v_i|^2 evaluated at the accepted Euler trial; diagnostic estimate,0.005518409285446474,,0.25,0.00025,,,,0.15294948739684958,0.00011859338464445318,801,,True,True,"E(r_before, a_grown) - E(r_before, a_before); discrete fixed-geometry reference-length energy change, not a claim of a complete continuum growth-work derivation",True,0.2,0.15835386232909857,0.009871563114063783,,,,,,9,0.022241807300856654,0.07660573975055043,"[0.04448361460171331, 5.2909066017292616e-17, 9.63937216331436e-06, -6.938893903907228e-18, -1.6084813168892875e-09, -1.8214596497756474e-17]",0.045048599087908404,,growth_run,,temporal,,0,{},"E(r_after_remesh, a_after_remesh) - E(r_before, a_grown), kept separate from growth and dissipation",0.0,0,buckled-candidate,buckled-candidate__temporal_n9__dt0.00025,,continuum-filament-p0b-linear-mode-convergence-1,,,,
,,200,endpoint positions fixed; endpoint tangents free,"{'label': 'straight', 'failure_reason': None, 'onset_time': None, 'dominant_mode_at_peak': 1, 'single_mode_fraction_at_peak': 0.9999999997936242, 'threshold_max_transverse_displacement': 0.05697550527687431, 'peak_max_transverse_displacement': 0.04398206087237989, 'peak_first_mode_amplitude': 0.04176742082073291, 'final_max_transverse_displacement': 0.04398206087237989, 'initial_first_mode_amplitude': 0.018991835092291437}",0.0,,,,,0.0,"{'length_scale': 2.0, 'tau_b': 1.642557160749494, 'tau_s': 0.04, 'G_b': 0.3285114321498988, 'G_s': 0.008, 'chi': 0.00025, 'bending_to_stretching': 0.00025, 'mesh_ratio_initial_dx_over_L': 0.25, 'dt_over_tau_b': 0.0006088068189625151, 'diameter_over_L': 0.0, 'contact_stiffness': 0.0, 'definition': 'tau_b=zeta*L^4/(EI*pi^4), first sine bending mode; tau_s=zeta*L^2/EA; chi=EI/(EA*L^2)'}",dt * sum_i Gamma_i |v_i|^2 evaluated at the accepted Euler trial; diagnostic estimate,0.004995432624119425,,1.0,0.001,,,,0.15359917028071035,0.00010973483498796771,201,,True,True,"E(r_before, a_grown) - E(r_before, a_before); discrete fixed-geometry reference-length energy change, not a claim of a complete continuum growth-work derivation",True,0.2,0.15850088351360422,0.009495917546145718,,,,,,5,0.020883710410366456,0.07768089916621164,"[0.04176742082073291, 6.938893903907228e-18, -6.012594893512607e-07, -1.734723475976807e-18, -5.987816749865489e-07, -3.3610267347050637e-18]",0.04398206087237989,,growth_run,,spatial,,0,{},"E(r_after_remesh, a_after_remesh) - E(r_before, a_grown), kept separate from growth and dissipation",0.0,0,buckled-candidate,buckled-candidate__spatial_n5__dt0.001,,continuum-filament-p0b-linear-mode-convergence-1,,,,
,,262,endpoint positions fixed; endpoint tangents free,"{'label': 'unresolved', 'failure_reason': None, 'onset_time': 0.1580000000000001, 'dominant_mode_at_peak': 1, 'single_mode_fraction_at_peak': 0.6778743059294748, 'threshold_max_transverse_displacement': 0.05863832022888604, 'peak_max_transverse_displacement': 0.13551731946811657, 'peak_first_mode_amplitude': 0.04118932576138143, 'final_max_transverse_displacement': 0.13551731946811657, 'initial_first_mode_amplitude': 0.019546106742962015}",0.0,,,,,0.0,"{'length_scale': 2.0, 'tau_b': 1.642557160749494, 'tau_s': 0.04, 'G_b': 0.3285114321498988, 'G_s': 0.008, 'chi': 0.00025, 'bending_to_stretching': 0.00025, 'mesh_ratio_initial_dx_over_L': 0.16666666666666666, 'dt_over_tau_b': 0.0006088068189625151, 'diameter_over_L': 0.0, 'contact_stiffness': 0.0, 'definition': 'tau_b=zeta*L^4/(EI*pi^4), first sine bending mode; tau_s=zeta*L^2/EA; chi=EI/(EA*L^2)'}",dt * sum_i Gamma_i |v_i|^2 evaluated at the accepted Euler trial; diagnostic estimate,1430.7152841494608,,1.0,0.001,,,,0.43909134145301376,0.00011623694646307171,394,,True,True,"E(r_before, a_grown) - E(r_before, a_before); discrete fixed-geometry reference-length energy change, not a claim of a complete continuum growth-work derivation",True,0.2,0.08794960381133163,0.009773053371481008,,,,,,7,0.020594662880690714,1.8631772145705408,"[0.04118932576138143, 0.00033632811158242537, -0.03570394755179888, -0.0003364388496571789, 0.02684242241136229, 7.016581334053028e-05]",0.13551731946811657,,growth_run,,spatial,,131,{'trial displacement exceeds max_displacement_fraction': 131},"E(r_after_remesh, a_after_remesh) - E(r_before, a_grown), kept separate from growth and dissipation",0.0,0,buckled-candidate,buckled-candidate__spatial_n7__dt0.001,,continuum-filament-p0b-linear-mode-convergence-1,,,,
,,463,endpoint positions fixed; endpoint tangents free,"{'label': 'buckled-single', 'failure_reason': None, 'onset_time': 0.19212499999999993, 'dominant_mode_at_peak': 1, 'single_mode_fraction_at_peak': 0.9452011992199224, 'threshold_max_transverse_displacement': 0.059229378684382696, 'peak_max_transverse_displacement': 0.06930449509602273, 'peak_first_mode_amplitude': 0.045899194135683344, 'final_max_transverse_displacement': 0.06930449509602273, 'initial_first_mode_amplitude': 0.019743126228127565}",0.0,,,,,0.0,"{'length_scale': 2.0, 'tau_b': 1.642557160749494, 'tau_s': 0.04, 'G_b': 0.3285114321498988, 'G_s': 0.008, 'chi': 0.00025, 'bending_to_stretching': 0.00025, 'mesh_ratio_initial_dx_over_L': 0.125, 'dt_over_tau_b': 0.0006088068189625151, 'diameter_over_L': 0.0, 'contact_stiffness': 0.0, 'definition': 'tau_b=zeta*L^4/(EI*pi^4), first sine bending mode; tau_s=zeta*L^2/EA; chi=EI/(EA*L^2)'}",dt * sum_i Gamma_i |v_i|^2 evaluated at the accepted Euler trial; diagnostic estimate,2599.3400764514195,,1.0,0.001,,,,0.7460333042094899,0.00011859338464445318,1115,,True,True,"E(r_before, a_grown) - E(r_before, a_before); discrete fixed-geometry reference-length energy change, not a claim of a complete continuum growth-work derivation",True,0.2,0.11282271860630469,0.009871563114063783,,,,,,9,0.022949597067841672,2.366297838681871,"[0.045899194135683344, -0.000585836331657587, -0.015568362971403713, 0.00017197578595876844, 0.0029287975132637842, -0.00018979834500199098]",0.06930449509602273,,growth_run,,spatial,,651,{'trial displacement exceeds max_displacement_fraction': 651},"E(r_after_remesh, a_after_remesh) - E(r_before, a_grown), kept separate from growth and dissipation",0.0,0,buckled-candidate,buckled-candidate__spatial_n9__dt0.001,,continuum-filament-p0b-linear-mode-convergence-1,,,,
,,520,endpoint positions fixed; endpoint tangents free,"{'label': 'straight', 'failure_reason': None, 'onset_time': None, 'dominant_mode_at_peak': 1, 'single_mode_fraction_at_peak': 0.9999999982396722, 'threshold_max_transverse_displacement': 0.059229378684382696, 'peak_max_transverse_displacement': 0.02, 'peak_first_mode_amplitude': 0.019743126228127565, 'final_max_transverse_displacement': 0.01778593787177008, 'initial_first_mode_amplitude': 0.019743126228127565}",0.0,,,,,0.0,"{'length_scale': 2.0, 'tau_b': 1.642557160749494, 'tau_s': 0.04, 'G_b': 0.0, 'G_s': 0.0, 'chi': 0.00025, 'bending_to_stretching': 0.00025, 'mesh_ratio_initial_dx_over_L': 0.125, 'dt_over_tau_b': 0.0006088068189625151, 'diameter_over_L': 0.0, 'contact_stiffness': 0.0, 'definition': 'tau_b=zeta*L^4/(EI*pi^4), first sine bending mode; tau_s=zeta*L^2/EA; chi=EI/(EA*L^2)'}",dt * sum_i Gamma_i |v_i|^2 evaluated at the accepted Euler trial; diagnostic estimate,7.522472672463473e-05,,1.0,0.001,,,,9.406764353359454e-05,0.00011859338464445318,1295,,True,True,"E(r_before, a_grown) - E(r_before, a_before); discrete fixed-geometry reference-length energy change, not a claim of a complete continuum growth-work derivation",True,0.0,0.0,0.009871563114063783,,,,,,9,0.009871563114063783,0.03681701765419713,"[0.019743126228127565, 1.3010426069826053e-18, -1.171460587057649e-06, 3.2526065174565133e-18, 2.069336095707197e-10, -7.589415207398531e-19]",0.02,,growth_run,,control,,774,"{'growth-free trial energy increased: 0.00010005089435659865 -> 0.00010014159686757338': 1, 'growth-free trial energy increased: 0.00010005089435659865 -> 0.00010107790163805523': 1, 'growth-free trial energy increased: 0.00010007394763731145 -> 0.00010022380502865762': 1, 'growth-free trial energy increased: 0.00010012794289060172 -> 0.00010018877249939897': 1, 'growth-free trial energy increased: 0.00010012794289060172 -> 0.00010092488258193635': 1, 'growth-free trial energy increased: 0.00010015796369879169 -> 0.00010025441789996555': 1, 'growth-free trial energy increased: 0.00010020689094569231 -> 0.00010024385292840365': 1, 'growth-free trial energy increased: 0.00010020689094569231 -> 0.00010082008082667264': 1, 'growth-free trial energy increased: 0.0001002424877521566 -> 0.00010029627173007756': 1, 'growth-free trial energy increased: 0.00010028737377815446 -> 0.00010030526377463584': 1, 'growth-free trial energy increased: 0.00010028737377815446 -> 0.00010075380197237119': 1, 'growth-free trial energy increased: 0.00010032743535898629 -> 0.00010034712014834271': 1, 'growth-free trial energy increased: 0.00010036910013526248 -> 0.00010037174780256287': 1, 'growth-free trial energy increased: 0.00010036910013526248 -> 0.0001007183043549003': 1, 'growth-free trial energy increased: 0.00010044230103580708 -> 0.00010059218087542564': 1, 'growth-free trial energy increased: 0.00010044230103580708 -> 0.00010192718730031759': 1, 'growth-free trial energy increased: 0.00010045183745124709 -> 0.00010070740568929284': 1, 'growth-free trial energy increased: 0.00010051612175563876 -> 0.00010062415732229994': 1, 'growth-free trial energy increased: 0.00010051612175563876 -> 0.00010167860960842476': 1, 'growth-free trial energy increased: 0.00010053540002928484 -> 0.00010071616903820935': 1, 'growth-free trial energy increased: 0.00010059256974806619 -> 0.00010066717757461607': 1, 'growth-free trial energy increased: 0.00010059256974806619 -> 0.00010149757447148936': 1, 'growth-free trial energy increased: 0.00010061963959746713 -> 0.00010074065188943408': 1, 'growth-free trial energy increased: 0.00010067113377705256 -> 0.00010071903507401778': 1, 'growth-free trial energy increased: 0.00010067113377705256 -> 0.00010137049500637088': 1, 'growth-free trial energy increased: 0.00010070443777166968 -> 0.00010077770587909115': 1, 'growth-free trial energy increased: 0.00010075140560489915 -> 0.00010077796774324109': 1, 'growth-free trial energy increased: 0.00010075140560489915 -> 0.00010128652110920458': 1, 'growth-free trial energy increased: 0.00010078970003538064 -> 0.00010082481682874417': 1, 'growth-free trial energy increased: 0.00010083305924563727 -> 0.00010084256845562657': 1, 'growth-free trial energy increased: 0.00010083305924563727 -> 0.00010123698819410238': 1, 'growth-free trial energy increased: 0.00010091171353441043 -> 0.00010108601156454365': 1, 'growth-free trial energy increased: 0.00010091171353441043 -> 0.00010258673605078041': 1, 'growth-free trial energy increased: 0.00010091583439623772 -> 0.00010121497694660163': 1, 'growth-free trial energy increased: 0.00010098450567178131 -> 0.00010111197719282368': 1, 'growth-free trial energy increased: 0.00010098450567178131 -> 0.00010229870502241537': 1, 'growth-free trial energy increased: 0.00010099952320996248 -> 0.00010121496185854355': 1, 'growth-free trial energy increased: 0.00010106022831776099 -> 0.0001011502932985268': 1, 'growth-free trial energy increased: 0.00010106022831776099 -> 0.00010208625908050408': 1, 'growth-free trial energy increased: 0.00010108395972641102 -> 0.00010123253039342033': 1, 'growth-free trial energy increased: 0.00010113830927606847 -> 0.0001011984902519052': 1, 'growth-free trial energy increased: 0.00010113830927606847 -> 0.00010193419154070091': 1, 'growth-free trial energy increased: 0.00010116901143595199 -> 0.0001012641588353338': 1, 'growth-free trial energy increased: 0.00010121829162751823 -> 0.00010125459589217548': 1, 'growth-free trial energy increased: 0.00010121829162751823 -> 0.00010183035875759753': 1, 'growth-free trial energy increased: 0.0001012545725418944 -> 0.00010130703325720484': 1, 'growth-free trial energy increased: 0.00010129981051021968 -> 0.00010131703532423076': 1, 'growth-free trial energy increased: 0.00010129981051021968 -> 0.00010176506314828991': 1, 'growth-free trial energy increased: 0.00010134055857983476 -> 0.00010135890655072267': 1, 'growth-free trial energy increased: 0.00010138257457688299 -> 0.00010138455089901162': 1, 'growth-free trial energy increased: 0.00010138257457688299 -> 0.00010173056049170935': 1, 'growth-free trial energy increased: 0.00010145613830822598 -> 0.00010160539987662746': 1, 'growth-free trial energy increased: 0.00010145613830822598 -> 0.0001029402175920653': 1, 'growth-free trial energy increased: 0.00010146635118612375 -> 0.0001017206664485566': 1, 'growth-free trial energy increased: 0.00010153099556695082 -> 0.00010163839723795494': 1, 'growth-free trial energy increased: 0.00010153099556695082 -> 0.00010269256065745651': 1, 'growth-free trial energy increased: 0.00010155095458076758 -> 0.00010173044243201918': 1, 'growth-free trial energy increased: 0.00010160848224765652 -> 0.00010168244346176145': 1, 'growth-free trial energy increased: 0.00010160848224765652 -> 0.00010251247088142069': 1, 'growth-free trial energy increased: 0.00010163623644078674 -> 0.00010175594460472714': 1, 'growth-free trial energy increased: 0.00010168808694314128 -> 0.00010173533124624159': 1, 'growth-free trial energy increased: 0.00010168808694314128 -> 0.00010238635679152744': 1, 'growth-free trial energy increased: 0.00010172207834377861 -> 0.00010179402353864171': 1, 'growth-free trial energy increased: 0.00010176940127857303 -> 0.00010179529791721931': 1, 'growth-free trial energy increased: 0.00010176940127857303 -> 0.0001023033645972847': 1, 'growth-free trial energy increased: 0.00010180838574286 -> 0.0001018421642007607': 1, 'growth-free trial energy increased: 0.00010185209915820445 -> 0.00010186093586891439': 1, 'growth-free trial energy increased: 0.00010185209915820445 -> 0.00010225482675174959': 1, 'growth-free trial energy increased: 0.0001019311210400193 -> 0.00010210480791468921': 1, 'growth-free trial energy increased: 0.0001019311210400193 -> 0.00010360541736820709': 1, 'growth-free trial energy increased: 0.00010193592019119179 -> 0.00010223382156187237': 1, 'growth-free trial energy increased: 0.00010200495581430934 -> 0.00010213179824652619': 1, 'growth-free trial energy increased: 0.00010200495581430934 -> 0.00010331829541281323': 1, 'growth-free trial energy increased: 0.00010202065646066189 -> 0.0001022348216098946': 1, 'growth-free trial energy increased: 0.0001020817233943961 -> 0.00010217114471583993': 1, 'growth-free trial energy increased: 0.0001020817233943961 -> 0.00010310678680884682': 1, 'growth-free trial energy increased: 0.00010210614195024597 -> 0.00010225341282540392': 1, 'growth-free trial energy increased: 0.00010216085138564499 -> 0.00010222037683221443': 1, 'growth-free trial energy increased: 0.00010216085138564499 -> 0.00010295567956071359': 1, 'growth-free trial energy increased: 0.00010219224410574031 -> 0.00010228607026082417': 1, 'growth-free trial energy increased: 0.00010224188270993849 -> 0.00010227752174398173': 1, 'growth-free trial energy increased: 0.00010224188270993849 -> 0.00010285282575748105': 1, 'growth-free trial energy increased: 0.00010227885709503524 -> 0.00010232997900012455': 1, 'growth-free trial energy increased: 0.00010232445237811612 -> 0.00010234100400148575': 1, 'growth-free trial energy increased: 0.00010232445237811612 -> 0.00010278852439046724': 1, 'growth-free trial energy increased: 0.00010236589642566525 -> 0.00010238289114109734': 1, 'growth-free trial energy increased: 0.00010240826894105284 -> 0.00010240956551067018': 1, 'growth-free trial energy increased: 0.00010240826894105284 -> 0.00010275502848757836': 1, 'growth-free trial energy increased: 0.00010248220160616493 -> 0.0001026308402386775': 1, 'growth-free trial energy increased: 0.00010248220160616493 -> 0.00010396549474507225': 1, 'growth-free trial energy increased: 0.00010249309967595286 -> 0.00010274615150011968': 1, 'growth-free trial energy increased: 0.00010255811001675459 -> 0.00010266487205333725': 1, 'growth-free trial energy increased: 0.00010255811001675459 -> 0.00010371876498072289': 1, 'growth-free trial energy increased: 0.00010257875876066397 -> 0.00010275695306776914': 1, 'growth-free trial energy increased: 0.00010263665008531265 -> 0.00010270995808661209': 1, 'growth-free trial energy increased: 0.00010263665008531265 -> 0.00010353962870447701': 1, 'growth-free trial energy increased: 0.00010266509782334576 -> 0.00010278348792894384': 1, 'growth-free trial energy increased: 0.00010271731022064205 -> 0.00010276389023775932': 1, 'growth-free trial energy increased: 0.00010271731022064205 -> 0.00010341448951277387': 1, 'growth-free trial energy increased: 0.00010275199840037783 -> 0.00010282260551220299': 1, 'growth-free trial energy increased: 0.00010279968190053893 -> 0.00010282490519137951': 1, 'growth-free trial energy increased: 0.00010279968190053893 -> 0.00010333248965545033': 1, 'growth-free trial energy increased: 0.00010283936591216332 -> 0.00010287178986674989': 1, 'growth-free trial energy increased: 0.0001028834389112968 -> 0.00010289159482715788': 1, 'growth-free trial energy increased: 0.0001028834389112968 -> 0.00010328495840610979': 1, 'growth-free trial energy increased: 0.00010296283467090678 -> 0.0001031359063068274': 1, 'growth-free trial energy increased: 0.00010296283467090678 -> 0.00010463643058927217': 1, 'growth-free trial energy increased: 0.00010296832076772351 -> 0.00010326497151853646': 1, 'growth-free trial energy increased: 0.00010303772677537791 -> 0.00010316393482853591': 1, 'growth-free trial energy increased: 0.00010303772677537791 -> 0.00010435022317602705': 1, 'growth-free trial energy increased: 0.00010305411947760165 -> 0.00010326699952588733': 1, 'growth-free trial energy increased: 0.00010311555407769044 -> 0.00010320432548172756': 1, 'growth-free trial energy increased: 0.00010311555407769044 -> 0.00010413965931870511': 1, 'growth-free trial energy increased: 0.00010314066896443615 -> 0.00010328662671230767': 1, 'growth-free trial energy increased: 0.00010319574397042403 -> 0.00010325460685293968': 1, 'growth-free trial energy increased: 0.00010319574397042403 -> 0.00010398952132602789': 1, 'growth-free trial energy increased: 0.00010322783662613482 -> 0.00010332032680939482': 1, 'growth-free trial energy increased: 0.00010327783920499253 -> 0.00010331280534971318': 1, 'growth-free trial energy increased: 0.00010327783920499253 -> 0.00010388765671397503': 1, 'growth-free trial energy increased: 0.00010331551659253067 -> 0.00010336528384098125': 1, 'growth-free trial energy increased: 0.00010336147465575862 -> 0.00010337734492798701': 1, 'growth-free trial energy increased: 0.00010336147465575862 -> 0.00010382436080249969': 1, 'growth-free trial energy increased: 0.00010340362434099134 -> 0.00010341924905401933': 1, 'growth-free trial energy increased: 0.00010344635876440497 -> 0.00010344696701680857': 1, 'growth-free trial energy increased: 0.00010344635876440497 -> 0.000103791883671918': 1, 'growth-free trial energy increased: 0.00010352066656830012 -> 0.00010366867748882997': 1, 'growth-free trial energy increased: 0.00010352066656830012 -> 0.00010500319454580897': 1, 'growth-free trial energy increased: 0.00010353225872085761 -> 0.00010378403640718751': 1, 'growth-free trial energy increased: 0.00010359764100459611 -> 0.00010370375754326318': 1, 'growth-free trial energy increased: 0.00010359764100459611 -> 0.00010475739852475264': 1, 'growth-free trial energy increased: 0.00010361898863330177 -> 0.00010379587674903717': 1, 'growth-free trial energy increased: 0.00010367724942272755 -> 0.00010374989747542855': 1, 'growth-free trial energy increased: 0.00010367724942272755 -> 0.00010457922406865694': 1, 'growth-free trial energy increased: 0.00010370640007435346 -> 0.0001038234579113367': 1, 'growth-free trial energy increased: 0.00010375898003451606 -> 0.00010380488832948544': 1, 'growth-free trial energy increased: 0.00010375898003451606 -> 0.00010445506949680008': 1, 'growth-free trial energy increased: 0.00010379437453619504 -> 0.00010386362809908933': 1, 'growth-free trial energy increased: 0.00010384242416001645 -> 0.00010386696610394112': 1, 'growth-free trial energy increased: 0.00010384242416001645 -> 0.00010437407282280511': 1, 'growth-free trial energy increased: 0.00010388281740414302 -> 0.00010391387037959886': 1, 'growth-free trial energy increased: 0.00010392725545928245 -> 0.0001039347221280645': 1, 'growth-free trial energy increased: 0.00010392725545928245 -> 0.00010432755991974008': 1, 'growth-free trial energy increased: 0.00010400703148617323 -> 0.00010417948369535739': 1, 'growth-free trial energy increased: 0.00010400703148617323 -> 0.00010567995298262902': 1, 'growth-free trial energy increased: 0.00010401321334616954 -> 0.00010430860381169916': 1, 'growth-free trial energy increased: 0.00010408299587707485 -> 0.0001042085641412201': 1, 'growth-free trial energy increased: 0.00010408299587707485 -> 0.00010539466572987624': 1, 'growth-free trial energy increased: 0.00010410008974783764 -> 0.00010431167284142966': 1, 'growth-free trial energy increased: 0.00010416189795410153 -> 0.00010425001305087631': 1, 'growth-free trial energy increased: 0.00010416189795410153 -> 0.00010518505420111878': 1, 'growth-free trial energy increased: 0.00010418771852345685 -> 0.00010433234953478836': 1, 'growth-free trial energy increased: 0.00010424316488243596 -> 0.00010430135802462871': 1, 'growth-free trial energy increased: 0.00010424316488243596 -> 0.00010503589462015977': 1, 'growth-free trial energy increased: 0.0001042759670196952 -> 0.00010436710621235542': 1, 'growth-free trial energy increased: 0.00010432633923135188 -> 0.0001043606246787187': 1, 'growth-free trial energy increased: 0.00010432633923135188 -> 0.00010493502961870514': 1, 'growth-free trial energy increased: 0.0001043647293256525 -> 0.0001044131257657065': 1, 'growth-free trial energy increased: 0.00010441105572940968 -> 0.00010442623633431616': 1, 'growth-free trial energy increased: 0.00010441105572940968 -> 0.00010487275059653281': 1, 'growth-free trial energy increased: 0.00010449693390644518 -> 0.00010469678103806899': 1, 'growth-free trial energy increased: 0.00010449693390644518 -> 0.00010638304214214484': 1, 'growth-free trial energy increased: 0.00010449702270032576 -> 0.00010484130445878487': 1, 'growth-free trial energy increased: 0.00010457171194964495 -> 0.00010471909025589032': 1, 'growth-free trial energy increased: 0.00010457171194964495 -> 0.00010605349580510563': 1, 'growth-free trial energy increased: 0.00010458400724368867 -> 0.00010483449982851891': 1, 'growth-free trial energy increased: 0.00010464976755280675 -> 0.00010475523259272584': 1, 'growth-free trial energy increased: 0.00010464976755280675 -> 0.00010580864028371978': 1, 'growth-free trial energy increased: 0.00010467182339168837 -> 0.00010484739238473477': 1, 'growth-free trial energy increased: 0.00010473045955070737 -> 0.00010480244077272162': 1, 'growth-free trial energy increased: 0.00010473045955070737 -> 0.00010563143616940435': 1, 'growth-free trial energy increased: 0.00010476032265762713 -> 0.00010487603371551449': 1, 'growth-free trial energy increased: 0.00010481327594506987 -> 0.00010485850492819273': 1, 'growth-free trial energy increased: 0.00010481327594506987 -> 0.00010550827615464174': 1, 'growth-free trial energy increased: 0.0001048493864864831 -> 0.00010491727072131506': 1, 'growth-free trial energy increased: 0.00010489780788773602 -> 0.00010492166032624345': 1, 'growth-free trial energy increased: 0.00010489780788773602 -> 0.00010542829373755654': 1, 'growth-free trial energy increased: 0.00010493892022609512 -> 0.00010496858542283947': 1, 'growth-free trial energy increased: 0.00010498372890416081 -> 0.00010499049770951963': 1, 'growth-free trial energy increased: 0.00010498372890416081 -> 0.00010538281116753966': 1, 'growth-free trial energy increased: 0.00010506389169185689 -> 0.00010523572016537223': 1, 'growth-free trial energy increased: 0.00010506389169185689 -> 0.00010673616486104339': 1, 'growth-free trial energy increased: 0.00010507077830056576 -> 0.00010536489856031405': 1, 'growth-free trial energy increased: 0.00010514094359502953 -> 0.00010526586652673995': 1, 'growth-free trial energy increased: 0.00010514094359502953 -> 0.00010645180356190883': 1, 'growth-free trial energy increased: 0.00010515874791816536 -> 0.000105369021925766': 1, 'growth-free trial energy increased: 0.00010522093577010315 -> 0.00010530838802620564': 1, 'growth-free trial energy increased: 0.00010522093577010315 -> 0.00010624315213865685': 1, 'growth-free trial energy increased: 0.00010524747154754741 -> 0.00010539076191743549': 1, 'growth-free trial energy increased: 0.00010530329514009827 -> 0.00010536081121400274': 1, 'growth-free trial energy increased: 0.00010530329514009827 -> 0.0001060949803368021': 1, 'growth-free trial energy increased: 0.00010533681648075033 -> 0.00010542658935375062': 1, 'growth-free trial energy increased: 0.00010538756408036018 -> 0.00010542116086407913': 1, 'growth-free trial energy increased: 0.00010538756408036018 -> 0.00010599512558953978': 1, 'growth-free trial energy increased: 0.00010542667676344473 -> 0.00010547368592121224': 1, 'growth-free trial energy increased: 0.00010547337716422692 -> 0.00010548785962203941': 1, 'growth-free trial energy increased: 0.00010547337716422692 -> 0.00010593387512506309': 1, 'growth-free trial energy increased: 0.00010555964786116944 -> 0.00010575888207371003': 1, 'growth-free trial energy increased: 0.00010555964786116944 -> 0.00010744521874194503': 1, 'growth-free trial energy increased: 0.00010556044259125946 -> 0.00010590347250114588': 1, 'growth-free trial energy increased: 0.00010563551970179037 -> 0.00010578226038714187': 1, 'growth-free trial energy increased: 0.00010563551970179037 -> 0.00010711658072184048': 1, 'growth-free trial energy increased: 0.00010564852736184782 -> 0.00010589772365568074': 1, 'growth-free trial energy increased: 0.00010571467188469501 -> 0.00010581947930445399': 1, 'growth-free trial energy increased: 0.00010571467188469501 -> 0.00010687267260467014': 1, 'growth-free trial energy increased: 0.00010573744542898149 -> 0.00010591168211300697': 1, 'growth-free trial energy increased: 0.00010579646296574511 -> 0.00010586777034126408': 1, 'growth-free trial energy increased: 0.00010579646296574511 -> 0.00010669644752759572': 1, 'growth-free trial energy increased: 0.00010582704824282022 -> 0.00010594139773256807': 1, 'growth-free trial energy increased: 0.00010588038072327427 -> 0.00010592492266057085': 1, 'growth-free trial energy increased: 0.00010588038072327427 -> 0.00010657429220208455': 1, 'growth-free trial energy increased: 0.00010591721719809117 -> 0.00010598371602818639': 1, 'growth-free trial energy increased: 0.00010596601613028543 -> 0.00010598917075206661': 1, 'growth-free trial energy increased: 0.00010596601613028543 -> 0.00010649533532735845': 1, 'growth-free trial energy increased: 0.00010600785760272697 -> 0.00010603611790831293': 1, 'growth-free trial energy increased: 0.00010605304256914654 -> 0.0001060591047350125': 1, 'growth-free trial energy increased: 0.00010605304256914654 -> 0.00010645089530247295': 1, 'growth-free trial energy increased: 0.0001061335987234464 -> 0.00010630479905647101': 1, 'growth-free trial energy increased: 0.0001061335987234464 -> 0.00010780524998282287': 1, 'growth-free trial energy increased: 0.00010614119923168037 -> 0.00010643403915395977': 1, 'growth-free trial energy increased: 0.00010621175363859088 -> 0.00010633602558016074': 1, 'growth-free trial energy increased: 0.00010621175363859088 -> 0.00010752182056443369': 1, 'growth-free trial energy increased: 0.00010623027786774631 -> 0.0001064392304138921': 1, 'growth-free trial energy increased: 0.00010629285151052221 -> 0.00010637963426349689': 1, 'growth-free trial energy increased: 0.00010629285151052221 -> 0.00010731413718719843': 1, 'growth-free trial energy increased: 0.00010632011219504056 -> 0.00010646204774791631': 1, 'growth-free trial energy increased: 0.00010637631900511143 -> 0.00010643315054183495': 1, 'growth-free trial energy increased: 0.00010637631900511143 -> 0.00010716696271900602': 1, 'growth-free trial energy increased: 0.0001064105694475353 -> 0.00010649896037983596': 1, 'growth-free trial energy increased: 0.00010646169829181208 -> 0.00010649459829505521': 1, 'growth-free trial energy increased: 0.00010646169829181208 -> 0.00010706812907557802': 1, 'growth-free trial energy increased: 0.00010650154362473261 -> 0.00010654714871712682': 1, 'growth-free trial energy increased: 0.00010654862377919398 -> 0.00010656239945188002': 1, 'growth-free trial energy increased: 0.00010654862377919398 -> 0.00010700791905878111': 1, 'growth-free trial energy increased: 0.00010663529381076954 -> 0.00010683391138663013': 1, 'growth-free trial energy increased: 0.00010663529381076954 -> 0.00010852035954887229': 1, 'growth-free trial energy increased: 0.00010663680353502926 -> 0.00010697857267506781': 1, 'growth-free trial energy increased: 0.00010671227503142142 -> 0.00010685837297004199': 1, 'growth-free trial energy increased: 0.00010671227503142142 -> 0.00010819263465823655': 1, 'growth-free trial energy increased: 0.0001067260044544266 -> 0.0001069738930143777': 1, 'growth-free trial energy increased: 0.0001067925394854267 -> 0.00010689668303019936': 1, 'growth-free trial energy increased: 0.0001067925394854267 -> 0.00010794968102091972': 1, 'growth-free trial energy increased: 0.00010681604040631569 -> 0.00010698893131615081': 1, 'growth-free trial energy increased: 0.00010687544543286842 -> 0.00010694607180129385': 1, 'growth-free trial energy increased: 0.00010687544543286842 -> 0.00010777444387063128': 1, 'growth-free trial energy increased: 0.00010690676277384202 -> 0.00010701973560713768': 1, 'growth-free trial energy increased: 0.00010696048041522261 -> 0.0001070043274187433': 1, 'growth-free trial energy increased: 0.00010696048041522261 -> 0.00010765330357892122': 1, 'growth-free trial energy increased: 0.000106998052898396 -> 0.00010706314993134794': 1, 'growth-free trial energy increased: 0.00010704723521589144 -> 0.00010706968354825817': 1, 'growth-free trial energy increased: 0.00010704723521589144 -> 0.00010757538375897058': 1, 'growth-free trial energy increased: 0.00010708981604554555 -> 0.00010711665401845076': 1, 'growth-free trial energy increased: 0.00010713538306556983 -> 0.00010714072964851632': 1, 'growth-free trial energy increased: 0.00010713538306556983 -> 0.00010753199873028142': 1, 'growth-free trial energy increased: 0.00010721633930400014 -> 0.00010738690697950749': 1, 'growth-free trial energy increased: 0.00010721633930400014 -> 0.00010888739529159301': 1, 'growth-free trial energy increased: 0.00010722466303482343 -> 0.00010751621224673702': 1, 'growth-free trial energy increased: 0.00010729561301164703 -> 0.00010741922817725074': 1, 'growth-free trial energy increased: 0.00010729561301164703 -> 0.00010860490384124816': 1, 'growth-free trial energy increased: 0.00010731486677668585 -> 0.00010752248521615635': 1, 'growth-free trial energy increased: 0.00010737783246154287 -> 0.00010746393890795732': 1, 'growth-free trial energy increased: 0.00010737783246154287 -> 0.00010839819663569746': 1, 'growth-free trial energy increased: 0.00010740582793159823 -> 0.00010754639419909785': 1, 'growth-free trial energy increased: 0.00010746242404726262 -> 0.00010751856342659567': 1, 'growth-free trial energy increased: 0.00010746242404726262 -> 0.00010825202926171071': 1, 'growth-free trial energy increased: 0.0001074974136719891 -> 0.00010758440673115951': 1, 'growth-free trial energy increased: 0.00010754892972025237 -> 0.00010758112466656541': 1, 'growth-free trial energy increased: 0.00010754892972025237 -> 0.00010815422779444471': 1, 'growth-free trial energy increased: 0.00010758951794842166 -> 0.00010763370186599412': 1, 'growth-free trial energy increased: 0.00010763698371463691 -> 0.000107650043797792': 1, 'growth-free trial energy increased: 0.00010763698371463691 -> 0.00010809507035114875': 1, 'growth-free trial energy increased: 0.00010772406001045921 -> 0.00010792205712808097': 1, 'growth-free trial energy increased: 0.00010772406001045921 -> 0.00010960865311343306': 1, 'growth-free trial energy increased: 0.00010772629395868111 -> 0.00010806679318074098': 1, 'growth-free trial energy increased: 0.00010780216647688445 -> 0.00010794761642101954': 1, 'growth-free trial energy increased: 0.00010780216647688445 -> 0.00010928184631154466': 1, 'growth-free trial energy increased: 0.00010781662723604751 -> 0.0001080631963601744': 1, 'growth-free trial energy increased: 0.00010788355917808655 -> 0.00010798703245666715': 1, 'growth-free trial energy increased: 0.00010788355917808655 -> 0.00010903985440495566': 1, 'growth-free trial energy increased: 0.00010790779732668982 -> 0.00010807932871215781': 1, 'growth-free trial energy increased: 0.00010796759606131008 -> 0.00010803753411403589': 1, 'growth-free trial energy increased: 0.00010796759606131008 -> 0.00010886561426956689': 1, 'growth-free trial energy increased: 0.00010799965554282076 -> 0.00010811123632544497': 1, 'growth-free trial energy increased: 0.00010805376441752336 -> 0.0001080969084419082': 1, 'growth-free trial energy increased: 0.00010805376441752336 -> 0.0001087454995730956': 1, 'growth-free trial energy increased: 0.00010809208316936836 -> 0.00010815576168994119': 1, 'growth-free trial energy increased: 0.0001081416548296463 -> 0.0001081633882349105': 1, 'growth-free trial energy increased: 0.0001081416548296463 -> 0.00010866862855246207': 1, 'growth-free trial energy increased: 0.00010818498542705007 -> 0.00010821038328928349': 1, 'growth-free trial energy increased: 0.00010823094036800182 -> 0.00010823556225344859': 1, 'growth-free trial energy increased: 0.00010823094036800182 -> 0.0001086263112151889': 1, 'growth-free trial energy increased: 0.00010831230352233451 -> 0.00010848223390852307': 1, 'growth-free trial energy increased: 0.00010831230352233451 -> 0.00010998279110154474': 1, 'growth-free trial energy increased: 0.0001083213599749553 -> 0.00010861160785689802': 1, 'growth-free trial energy increased: 0.00010839271209018043 -> 0.00010851566456292524': 1, 'growth-free trial energy increased: 0.00010839271209018043 -> 0.00010970124387007336': 1, 'growth-free trial energy increased: 0.0001084127052011801 -> 0.00010861897661281291': 1, 'growth-free trial energy increased: 0.00010847606928785391 -> 0.00010856149248014024': 1, 'growth-free trial energy increased: 0.00010847606928785391 -> 0.00010949552115193859': 1, 'growth-free trial energy increased: 0.00010850480960544273 -> 0.00010864399181977329': 1, 'growth-free trial energy increased: 0.00010856180122127199 -> 0.00010861724066831314': 1, 'growth-free trial energy increased: 0.00010856180122127199 -> 0.00010935037084341141': 1, 'growth-free trial energy increased: 0.00010859754029510625 -> 0.00010868311923033069': 1, 'growth-free trial energy increased: 0.00010864944961160982 -> 0.00010868093106129503': 1, 'growth-free trial energy increased: 0.00010864944961160982 -> 0.0001092536128520576': 1, 'growth-free trial energy increased: 0.00010869079116899102 -> 0.000108733536468538': 1, 'growth-free trial energy increased: 0.00010873864850876473 -> 0.00010875098402784345': 1, 'growth-free trial energy increased: 0.00010873864850876473 -> 0.00010919552034936651': 1, 'growth-free trial energy increased: 0.00010882613811593639 -> 0.0001090235108473903': 1, 'growth-free trial energy increased: 0.00010882613811593639 -> 0.00011071029139307044': 1, 'growth-free trial energy increased: 0.00010882910569366649 -> 0.00010916832561746536': 1, 'growth-free trial energy increased: 0.00010890538598345111 -> 0.00010905018256057393': 1, 'growth-free trial energy increased: 0.00010890538598345111 -> 0.00011038440778896449': 1, 'growth-free trial energy increased: 0.00010892058783230031 -> 0.00010916582555353049': 1, 'growth-free trial energy increased: 0.00010898792319920059 -> 0.00010909071968086316': 1, 'growth-free trial energy increased: 0.00010898792319920059 -> 0.00011014338504365487': 1, 'growth-free trial energy increased: 0.00010901290861066493 -> 0.00010918306642997102': 1, 'growth-free trial energy increased: 0.00010907310738028535 -> 0.00010914234965725287': 1, 'growth-free trial energy increased: 0.00010907310738028535 -> 0.00010997015121414707': 1, 'growth-free trial energy increased: 0.00010910591926607069 -> 0.00010921609229080195': 1, 'growth-free trial energy increased: 0.00010916042555337241 -> 0.0001092028583922283': 1, 'growth-free trial energy increased: 0.00010916042555337241 -> 0.00010985107289668702': 1, 'growth-free trial energy increased: 0.00010919950102382487 -> 0.00010926174398655944': 1, 'growth-free trial energy increased: 0.00010924946808986007 -> 0.00010927047776153391': 1, 'growth-free trial energy increased: 0.00010924946808986007 -> 0.0001097752626572921': 1, 'growth-free trial energy increased: 0.00010929355905727504 -> 0.00010931749868663898': 1, 'growth-free trial energy increased: 0.00010933990789090099 -> 0.00010934379578917635': 1, 'growth-free trial energy increased: 0.00010933990789090099 -> 0.00010973402595653024': 1, 'growth-free trial energy increased: 0.00010942168490980985 -> 0.00010959097325753324': 1, 'growth-free trial energy increased: 0.00010942168490980985 -> 0.00011109163117513581': 1, 'growth-free trial energy increased: 0.00010943148376363315 -> 0.00010972041944369012': 1, 'growth-free trial energy increased: 0.00010950324469934565 -> 0.00010962552842828692': 1, 'growth-free trial energy increased: 0.00010950324469934565 -> 0.00011081103458055055': 1, 'growth-free trial energy increased: 0.00010952398715076101 -> 0.00010972889833111498': 1, 'growth-free trial energy increased: 0.00010958775610998564 -> 0.00010967248895306599': 1, 'growth-free trial energy increased: 0.00010958775610998564 -> 0.00011060630485943082': 1, 'growth-free trial energy increased: 0.00010961725152490765 -> 0.0001097550346118617': 1, 'growth-free trial energy increased: 0.00010967464494443483 -> 0.00010972937652593931': 1, 'growth-free trial energy increased: 0.00010967464494443483 -> 0.00011046218180309089': 1, 'growth-free trial energy increased: 0.00010971114392480646 -> 0.00010979529215938592': 1, 'growth-free trial energy increased: 0.0001097634526811882 -> 0.00010979421202748997': 1, 'growth-free trial energy increased: 0.0001097634526811882 -> 0.00011036647882046313': 1, 'growth-free trial energy increased: 0.00010980555819469896 -> 0.00010984684709145452': 1, 'growth-free trial energy increased: 0.00010985381317598523 -> 0.00010986541498229709': 1, 'growth-free trial energy increased: 0.00010985381317598523 -> 0.0001103094638721528': 1, 'growth-free trial energy increased: 0.00010994172326185253 -> 0.00011013846757033566': 1, 'growth-free trial energy increased: 0.00010994172326185253 -> 0.00011182546983109193': 1, 'growth-free trial energy increased: 0.00010994543405451991 -> 0.0001102833650622331': 1, 'growth-free trial energy increased: 0.0001100221289821615 -> 0.00011016626669208586': 1, 'growth-free trial energy increased: 0.0001100221289821615 -> 0.00011150051468761035': 1, 'growth-free trial energy increased: 0.00011003808185877646 -> 0.00011028197593872316': 1, 'growth-free trial energy increased: 0.00011010582727790528 -> 0.00011020794028908623': 1, 'growth-free trial energy increased: 0.00011010582727790528 -> 0.00011126046871751291': 1, 'growth-free trial energy increased: 0.00011013157017576536 -> 0.00011030034008862425': 1, 'growth-free trial energy increased: 0.00011019217541854902 -> 0.00011026071430468764': 1, 'growth-free trial energy increased: 0.00011019217541854902 -> 0.00011108825069291436': 1, 'growth-free trial energy increased: 0.00011022575016387816 -> 0.00011033449940307287': 1, 'growth-free trial energy increased: 0.00011028066015246346 -> 0.00011032237343451624': 1, 'growth-free trial energy increased: 0.00011028066015246346 -> 0.00011097021976535551': 1, 'growth-free trial energy increased: 0.00011032050298560004 -> 0.00011038129300687909': 1, 'growth-free trial energy increased: 0.00011037087162837225 -> 0.00011039114858713063': 1, 'growth-free trial energy increased: 0.00011037087162837225 -> 0.00011089548253229692': 1, 'growth-free trial energy increased: 0.00011041573376436866 -> 0.00011043819668616956': 1, 'growth-free trial energy increased: 0.00011046248256933849 -> 0.00011046562701147763': 1, 'growth-free trial energy increased: 0.00011046248256933849 -> 0.00011085533966896287': 1, 'growth-free trial energy increased: 0.00011054468052117436 -> 0.00011071332196102575': 1, 'growth-free trial energy increased: 0.00011054468052117436 -> 0.00011221411280303398': 1, 'growth-free trial energy increased: 0.00011055523164015839 -> 0.00011084284398789711': 1, 'growth-free trial energy increased: 0.00011062740819477361 -> 0.00011074901699163999': 1, 'growth-free trial energy increased: 0.00011062740819477361 -> 0.00011193447343499865': 1, 'growth-free trial energy increased: 0.00011064891016989694 -> 0.00011085244762642265': 1, 'growth-free trial energy increased: 0.00011071309058609105 -> 0.00011079712583381893': 1, 'growth-free trial energy increased: 0.00011071309058609105 -> 0.00011173074541937422': 1, 'growth-free trial energy increased: 0.0001107433515405056 -> 0.00011087972011205407': 1, 'growth-free trial energy increased: 0.00011080115317888364 -> 0.00011085516879945352': 1, 'growth-free trial energy increased: 0.00011080115317888364 -> 0.00011158766002289131': 1, 'growth-free trial energy increased: 0.00011083842271848574 -> 0.00011092112334197364': 1, 'growth-free trial energy increased: 0.00011089113719638344 -> 0.00011092116566139755': 1, 'growth-free trial energy increased: 0.00011089113719638344 -> 0.00011149302382017932': 1, 'growth-free trial energy increased: 0.00011093401749062914 -> 0.00011097383184989456': 1, 'growth-free trial energy increased: 0.00011098267629014726 -> 0.00011099353505659885': 1, 'growth-free trial energy increased: 0.00011098267629014726 -> 0.00011143709929309947': 1, 'growth-free trial energy increased: 0.00011107101414527552 -> 0.00011126712588251613': 1, 'growth-free trial energy increased: 0.00011107101414527552 -> 0.00011295438744150053': 1, 'growth-free trial energy increased: 0.00011107547792261128 -> 0.00011141211015304506': 1, 'growth-free trial energy increased: 0.00011115259447377387 -> 0.00011129606768549459': 1, 'growth-free trial energy increased: 0.00011115259447377387 -> 0.00011263036617845402': 1, 'growth-free trial energy increased: 0.00011116930850537082 -> 0.00011141184642765124': 1, 'growth-free trial energy increased: 0.00011123747072047126 -> 0.00011133889344124717': 1, 'growth-free trial energy increased: 0.00011123747072047126 -> 0.00011239130478563675': 1, 'growth-free trial energy increased: 0.00011126398152135011 -> 0.00011143134888151806': 1, 'growth-free trial energy increased: 0.0001113249997894699 -> 0.00011139282751079207': 1, 'growth-free trial energy increased: 0.0001113249997894699 -> 0.00011222011227780156': 1, 'growth-free trial energy increased: 0.00011135934804596386 -> 0.00011146665714351242': 1, 'growth-free trial energy increased: 0.00011141466813669633 -> 0.00011145565332166128': 1, 'growth-free trial energy increased: 0.00011141466813669633 -> 0.00011210313998435282': 1, 'growth-free trial energy increased: 0.00011145528917564249 -> 0.00011151460852520343': 1, 'growth-free trial energy increased: 0.00011150606567688178 -> 0.00011152560076619246': 1, 'growth-free trial energy increased: 0.00011150606567688178 -> 0.00011202948823194558': 1, 'growth-free trial energy increased: 0.00011155170998133974 -> 0.00011157267735949619': 1, 'growth-free trial energy increased: 0.0001115988649459812 -> 0.00011160125627915457': 1, 'growth-free trial energy increased: 0.0001115988649459812 -> 0.00011199045266924869': 1, 'growth-free trial energy increased: 0.0001116814910218626 -> 0.00011184948056117956': 1, 'growth-free trial energy increased: 0.0001116814910218626 -> 0.00011335043689318728': 1, 'growth-free trial energy increased: 0.00011169280445925289 -> 0.00011197908207921816': 1, 'growth-free trial energy increased: 0.0001117654035505215 -> 0.00011188633108621322': 1, 'growth-free trial energy increased: 0.0001117654035505215 -> 0.00011307176151717029': 1, 'growth-free trial energy increased: 0.00011178767542637736 -> 0.00011198982536989208': 1, 'growth-free trial energy increased: 0.00011185227400060496 -> 0.0001119356042518273': 1, 'growth-free trial energy increased: 0.00011185227400060496 -> 0.00011286904411931164': 1, 'growth-free trial energy increased: 0.0001118833111340634 -> 0.00011201824948008797': 1, 'growth-free trial energy increased: 0.0001119415275209811 -> 0.00011199481891875656': 1, 'growth-free trial energy increased: 0.0001119415275209811 -> 0.00011272700701667765': 1, 'growth-free trial energy increased: 0.00011197957847293755 -> 0.00011206081423221508': 1, 'growth-free trial energy increased: 0.00011203270506690423 -> 0.00011206199369703378': 1, 'growth-free trial energy increased: 0.00011203270506690423 -> 0.00011263344961004753': 1, 'growth-free trial energy increased: 0.0001120763711694465 -> 0.00011211469249722537': 1, 'growth-free trial energy increased: 0.00011212544007557342 -> 0.00011213554629186053': 1, 'growth-free trial energy increased: 0.00011212544007557342 -> 0.00011257862863049112': 1, 'growth-free trial energy increased: 0.00011221421311699892 -> 0.00011240968802002915': 1, 'growth-free trial energy increased: 0.00011221421311699892 -> 0.0001140972468986853': 1, 'growth-free trial energy increased: 0.00011221943983806863 -> 0.00011255476317978173': 1, 'growth-free trial energy increased: 0.00011229698512101025 -> 0.000112439788069024': 1, 'growth-free trial energy increased: 0.00011229698512101025 -> 0.00011377416509796262': 1, 'growth-free trial energy increased: 0.0001123144706291288 -> 0.00011255563959153076': 1, 'growth-free trial energy increased: 0.00011238305650349184 -> 0.00011248378196348581': 1, 'growth-free trial energy increased: 0.00011238305650349184 -> 0.0001135360962783046': 1, 'growth-free trial energy increased: 0.00011241034582243954 -> 0.0001125762956691898': 1, 'growth-free trial energy increased: 0.00011247178378522822 -> 0.00011253889240441028': 1, 'growth-free trial energy increased: 0.00011247178378522822 -> 0.00011336593921824083': 1, 'growth-free trial energy increased: 0.00011250691640633428 -> 0.00011261276866844495': 1, 'growth-free trial energy increased: 0.00011256265311537011 -> 0.00011260290148914356': 1, 'growth-free trial energy increased: 0.00011256265311537011 -> 0.00011325003704245203': 1, 'growth-free trial energy increased: 0.00011260406340792672 -> 0.00011266189399897971': 1, 'growth-free trial energy increased: 0.0001126552541632305 -> 0.00011267403804427072': 1, 'growth-free trial energy increased: 0.0001126552541632305 -> 0.00011317748350128394': 1, 'growth-free trial energy increased: 0.00011270169184309584 -> 0.00011272114446969227': 1, 'growth-free trial energy increased: 0.00011274925926852435 -> 0.00011275088765071589': 1, 'growth-free trial energy increased: 0.00011274925926852435 -> 0.00011313956897227242': 1, 'growth-free trial energy increased: 0.00011283232078581511 -> 0.00011299965330489191': 1, 'growth-free trial energy increased: 0.00011283232078581511 -> 0.00011450080806730707': 1, 'growth-free trial energy increased: 0.00011284440678968712 -> 0.00011312933801325522': 1, 'growth-free trial energy increased: 0.00011291743545813643 -> 0.00011303767525841403': 1, 'growth-free trial energy increased: 0.00011291743545813643 -> 0.00011422310363003934': 1, 'growth-free trial energy increased: 0.00011294048781122036 -> 0.00011314123614694094': 1, 'growth-free trial energy increased: 0.00011300551136460903 -> 0.00011308812905845743': 1, 'growth-free trial energy increased: 0.00011300551136460903 -> 0.0001140214059725795': 1, 'growth-free trial energy increased: 0.0001130373355199681 -> 0.00011317082759854788': 1, 'growth-free trial energy increased: 0.00011309597330307906 -> 0.00011314853204471525': 1, 'growth-free trial energy increased: 0.00011309597330307906 -> 0.00011388042803164614': 1, 'growth-free trial energy increased: 0.00011313481672700817 -> 0.00011321457001591951': 1, 'growth-free trial energy increased: 0.00011318836194793072 -> 0.00011321690160849738': 1, 'growth-free trial energy increased: 0.00011318836194793072 -> 0.00011378796168945802': 1, 'growth-free trial energy increased: 0.00011323282509552301 -> 0.00011326963452746605': 1, 'growth-free trial energy increased: 0.00011328231051174098 -> 0.00011329165447868373': 1, 'growth-free trial energy increased: 0.00011328231051174098 -> 0.00011373425765139054': 1, 'growth-free trial energy increased: 0.00011337152628690058 -> 0.00011356635997448689': 1, 'growth-free trial energy increased: 0.00011337152628690058 -> 0.00011525425464620525': 1, 'growth-free trial energy increased: 0.00011337752610603405 -> 0.00011371153018945481': 1, 'growth-free trial energy increased: 0.00011345550735547717 -> 0.00011359763413551541': 1, 'growth-free trial energy increased: 0.00011345550735547717 -> 0.00011493211805690531': 1, 'growth-free trial energy increased: 0.00011347377486216869 -> 0.00011371356176755159': 1, 'growth-free trial energy increased: 0.00011354279138249031 -> 0.00011364281245605916': 1, 'growth-free trial energy increased: 0.00011354279138249031 -> 0.00011469505000664811': 1, 'growth-free trial energy increased: 0.00011357087003939854 -> 0.00011373538708754336': 1, 'growth-free trial energy increased: 0.00011363273448728807 -> 0.00011369911589854582': 1, 'growth-free trial energy increased: 0.00011363273448728807 -> 0.00011452593855372708': 1, 'growth-free trial energy increased: 0.00011366866253485202 -> 0.00011377304091978114': 1, 'growth-free trial energy increased: 0.00011372482249783718 -> 0.00011376432516753591': 1, 'growth-free trial energy increased: 0.00011372482249783718 -> 0.00011441111823219821': 1, 'growth-free trial energy increased: 0.00011376703330307652 -> 0.0001138233566829596': 1, 'growth-free trial energy increased: 0.00011381864482670173 -> 0.0001138366679743214': 1, 'growth-free trial energy increased: 0.00011381864482670173 -> 0.00011433967591090966': 1, 'growth-free trial energy increased: 0.0001138658873023539 -> 0.00011388380559175533': 1, 'growth-free trial energy increased: 0.0001139138736087324 -> 0.00011391472900764427': 1, 'growth-free trial energy increased: 0.0001139138736087324 -> 0.00011430289646047611': 1, 'growth-free trial energy increased: 0.00011399737803330618 -> 0.00011416404832197378': 1, 'growth-free trial energy increased: 0.00011399737803330618 -> 0.00011566543519096204': 1, 'growth-free trial energy increased: 0.00011401024703970071 -> 0.00011429382004566554': 1, 'growth-free trial energy increased: 0.0001140837124978966 -> 0.00011420325804144331': 1, 'growth-free trial energy increased: 0.0001140837124978966 -> 0.00011538870944761513': 1, 'growth-free trial energy increased: 0.00011410755607684117 -> 0.00011430688872039898': 1, 'growth-free trial energy increased: 0.00011417301166761636 -> 0.00011425490933675971': 1, 'growth-free trial energy increased: 0.00011417301166761636 -> 0.00011518804242662812': 1, 'growth-free trial energy increased: 0.00011420563381192889 -> 0.0001143376640577084': 1, 'growth-free trial energy increased: 0.00011426470004387079 -> 0.00011431651816799303': 1, 'growth-free trial energy increased: 0.00011426470004387079 -> 0.00011504813865815801': 1, 'growth-free trial energy increased: 0.00011430434699649245 -> 0.00011438260190102176': 1, 'growth-free trial energy increased: 0.0001143583181849825 -> 0.00011438610118341234': 1, 'growth-free trial energy increased: 0.0001143583181849825 -> 0.00011495678569435464': 1, 'growth-free trial energy increased: 0.00011440358928694016 -> 0.00011443887273724482': 1, 'growth-free trial energy increased: 0.0001144534995144781 -> 0.00011446207542507052': 1, 'growth-free trial energy increased: 0.0001144534995144781 -> 0.00011490423680667785': 1, 'growth-free trial energy increased: 0.00011454317905367554 -> 0.00011473739770999017': 1, 'growth-free trial energy increased: 0.00011454317905367554 -> 0.00011642592733805526': 1, 'growth-free trial energy increased: 0.00011454995207447054 -> 0.00011488272346151762': 1, 'growth-free trial energy increased: 0.0001146284101313627 -> 0.00011476993166046775': 1, 'growth-free trial energy increased: 0.0001146284101313627 -> 0.00011610520378709188': 1, 'growth-free trial energy increased: 0.00011464744465128469 -> 0.00011488607986941208': 1, 'growth-free trial energy increased: 0.00011471698288558762 -> 0.00011481648531180613': 1, 'growth-free trial energy increased: 0.00011471698288558762 -> 0.00011587030333775016': 1, 'growth-free trial energy increased: 0.00011474579741910738 -> 0.00011490947741789507': 1, 'growth-free trial energy increased: 0.00011480830581788384 -> 0.00011487443583970425': 1, 'growth-free trial energy increased: 0.00011480830581788384 -> 0.00011570515315502765': 1, 'growth-free trial energy increased: 0.000114844878822086 -> 0.00011494929921391912': 1, 'growth-free trial energy increased: 0.00011490199684483587 -> 0.00011494195882655991': 1, 'growth-free trial energy increased: 0.00011490199684483587 -> 0.00011559871292971334': 1, 'growth-free trial energy increased: 0.00011494461398498765 -> 0.00011500325672129659': 1, 'growth-free trial energy increased: 0.00011499797722370587 -> 0.00011501827480169831': 1, 'growth-free trial energy increased: 0.00011499797722370587 -> 0.00011554666861127113': 1, 'growth-free trial energy increased: 0.00011504501877259313 -> 0.00011507102679759978': 1, 'growth-free trial energy increased: 0.00011509675179652461 -> 0.00011510446037836622': 1, 'growth-free trial energy increased: 0.00011509675179652461 -> 0.00011555686748705521': 1, 'growth-free trial energy increased: 0.0001151462955633062 -> 0.00011515612447720271': 1, 'growth-free trial energy increased: 0.00011520014751115515 -> 0.00011520563653196169': 1, 'growth-free trial energy increased: 0.00011520014751115515 -> 0.00011566389722610591': 1, 'growth-free trial energy increased: 0.0001152490817132156 -> 0.00011527081952579831': 1, 'growth-free trial energy increased: 0.00011531319408930161 -> 0.00011533657965945258': 1, 'growth-free trial energy increased: 0.00011531319408930161 -> 0.00011596640652750343': 1, 'growth-free trial energy increased: 0.00011535507929414666 -> 0.00011544864235742547': 1, 'growth-free trial energy increased: 0.00011544886339823214 -> 0.00011553589202168716': 1, 'growth-free trial energy increased: 0.00011544886339823214 -> 0.00011672130798621842': 1, 'growth-free trial energy increased: 0.0001154686397164375 -> 0.00011577588832574236': 1, 'growth-free trial energy increased: 0.0001155214159840608 -> 0.00011552707021538588': 1, 'growth-free trial energy increased: 0.00011560074209254847 -> 0.00011563997372348296': 1, 'growth-free trial energy increased: 0.00011560074209254847 -> 0.00011647074075411122': 1, 'growth-free trial energy increased: 0.00011563368538970987 -> 0.00011582854485857161': 1, 'growth-free trial energy increased: 0.00011577897411701962 -> 0.00011596905954267529': 1, 'growth-free trial energy increased: 0.00011577897411701962 -> 0.00011808179651014236': 1, 'growth-free trial energy increased: 0.00011586921103831874 -> 0.0001158971041944348': 1, 'growth-free trial energy increased: 0.00011586921103831874 -> 0.00011664329502417599': 1, 'growth-free trial energy increased: 0.00011590548437356868 -> 0.00011607256631154629': 1, 'growth-free trial energy increased: 0.00011604398425845476 -> 0.00011621572159921873': 1, 'growth-free trial energy increased: 0.00011604398425845476 -> 0.00011818240740113552': 1, 'growth-free trial energy increased: 0.00011614014814973178 -> 0.00011616213076001713': 1, 'growth-free trial energy increased: 0.00011614014814973178 -> 0.00011686069894346881': 1, 'growth-free trial energy increased: 0.00011617846448235493 -> 0.00011632787081196922': 1, 'growth-free trial energy increased: 0.00011631137118464361 -> 0.0001164695914815462': 1, 'growth-free trial energy increased: 0.00011631137118464361 -> 0.00011832394660227118': 1, 'growth-free trial energy increased: 0.00011641215901858015 -> 0.00011642903745063993': 1, 'growth-free trial energy increased: 0.00011641215901858015 -> 0.00011708588559654555': 1, 'growth-free trial energy increased: 0.00011645230390864558 -> 0.00011658585535208568': 1, 'growth-free trial energy increased: 0.00011658001061226386 -> 0.00011672582613582547': 1, 'growth-free trial energy increased: 0.00011658001061226386 -> 0.00011847655739932134': 1, 'growth-free trial energy increased: 0.00011668510604601696 -> 0.00011669718776526079': 1, 'growth-free trial energy increased: 0.00011668510604601696 -> 0.00011731494026160882': 1, 'growth-free trial energy increased: 0.00011672700023541521 -> 0.00011684573592786988': 1, 'growth-free trial energy increased: 0.0001168505370931581 -> 0.00011698415158952148': 1, 'growth-free trial energy increased: 0.0001168505370931581 -> 0.00011864051894601573': 1, 'growth-free trial energy increased: 0.00011696291356899354 -> 0.0001169679151191536': 1, 'growth-free trial energy increased: 0.00011696291356899354 -> 0.00011756639025612666': 1, 'growth-free trial energy increased: 9.4172075130016729e-05 -> 9.4303811661133508e-05': 1, 'growth-free trial energy increased: 9.4182548311016261e-05 -> 9.4406596657841803e-05': 1, 'growth-free trial energy increased: 9.4240876247920772e-05 -> 9.4335282097971851e-05': 1, 'growth-free trial energy increased: 9.4240876247920772e-05 -> 9.5273934858116857e-05': 1, 'growth-free trial energy increased: 9.4260041390192864e-05 -> 9.4417358987096655e-05': 1, 'growth-free trial energy increased: 9.4312023142220237e-05 -> 9.4376607106543144e-05': 1, 'growth-free trial energy increased: 9.4312023142220237e-05 -> 9.5115380955858805e-05': 1, 'growth-free trial energy increased: 9.4338140312213796e-05 -> 9.4442147226284008e-05': 1, 'growth-free trial energy increased: 9.4385059694616693e-05 -> 9.4425818014263034e-05': 1, 'growth-free trial energy increased: 9.4385059694616693e-05 -> 9.5004964680678926e-05': 1, 'growth-free trial energy increased: 9.4416739456914563e-05 -> 9.4478152446175609e-05': 1, 'growth-free trial energy increased: 9.4459621685237793e-05 -> 9.4481342730539186e-05': 1, 'growth-free trial energy increased: 9.4459621685237793e-05 -> 9.4933005790575072e-05': 1, 'growth-free trial energy increased: 9.4495754499485617e-05 -> 9.4523131557701435e-05': 1, 'growth-free trial energy increased: 9.4535418280918408e-05 -> 9.4541925860477683e-05': 1, 'growth-free trial energy increased: 9.4535418280918408e-05 -> 9.4891774015075662e-05': 1, 'growth-free trial energy increased: 9.4606564907328593e-05 -> 9.4760062345702054e-05': 1, 'growth-free trial energy increased: 9.4606564907328593e-05 -> 9.609672256989481e-05': 1, 'growth-free trial energy increased: 9.4612217251538518e-05 -> 9.4875096239005103e-05': 1, 'growth-free trial energy increased: 9.4674459340614314e-05 -> 9.4786184410665432e-05': 1, 'growth-free trial energy increased: 9.4674459340614314e-05 -> 9.5842746490115078e-05': 1, 'growth-free trial energy increased: 9.4689833168215884e-05 -> 9.4878042899822958e-05': 1, 'growth-free trial energy increased: 9.4744969900836917e-05 -> 9.4823326012472684e-05': 1, 'growth-free trial energy increased: 9.4744969900836917e-05 -> 9.5656200444671231e-05': 1, 'growth-free trial energy increased: 9.4768117972647477e-05 -> 9.4896677420106156e-05': 1, 'growth-free trial energy increased: 9.4817586117983192e-05 -> 9.4869283924989614e-05': 1, 'growth-free trial energy increased: 9.4817586117983192e-05 -> 9.5523518132913703e-05': 1, 'growth-free trial energy increased: 9.4846953450512125e-05 -> 9.4927856209862282e-05': 1, 'growth-free trial energy increased: 9.4891900368676666e-05 -> 9.492229875030776e-05': 1, 'growth-free trial energy increased: 9.4891900368676666e-05 -> 9.543386601172577e-05': 1, 'growth-free trial energy increased: 9.4926245219833919e-05 -> 9.496906893005988e-05': 1, 'growth-free trial energy increased: 9.496758715917313e-05 -> 9.4980965515705271e-05': 1, 'growth-free trial energy increased: 9.496758715917313e-05 -> 9.5378592819200339e-05': 1, 'growth-free trial energy increased: 9.5044162275670312e-05 -> 9.5222047063863431e-05': 1, 'growth-free trial energy increased: 9.5044162275670312e-05 -> 9.6724071960596937e-05': 1, 'growth-free trial energy increased: 9.5044386580440341e-05 -> 9.5350789961081724e-05': 1, 'growth-free trial energy increased: 9.5110993112679674e-05 -> 9.5242134449543127e-05': 1, 'growth-free trial energy increased: 9.5110993112679674e-05 -> 9.6430693410587572e-05': 1, 'growth-free trial energy increased: 9.5122091100506982e-05 -> 9.5344940549017658e-05': 1, 'growth-free trial energy increased: 9.5180742593527719e-05 -> 9.5274545135033519e-05': 1, 'growth-free trial energy increased: 9.5180742593527719e-05 -> 9.6212769801546014e-05': 1, 'growth-free trial energy increased: 9.5200535010179818e-05 -> 9.5356638981409207e-05': 1, 'growth-free trial energy increased: 9.5252839418278365e-05 -> 9.5316813384419748e-05': 1, 'growth-free trial energy increased: 9.5252839418278365e-05 -> 9.6055118491522042e-05': 1, 'growth-free trial energy increased: 9.5279585999805423e-05 -> 9.5382367119478537e-05': 1, 'growth-free trial energy increased: 9.5326827386706418e-05 -> 9.5366970167315253e-05': 1, 'growth-free trial energy increased: 9.5326827386706418e-05 -> 9.594561517461923e-05': 1, 'growth-free trial energy increased: 9.5359138431447044e-05 -> 9.5419315520630364e-05': 1, 'growth-free trial energy increased: 9.540234221316684e-05 -> 9.5423443104769617e-05': 1, 'growth-free trial energy increased: 9.540234221316684e-05 -> 9.5874577823539881e-05': 1, 'growth-free trial energy increased: 9.5439107966280995e-05 -> 9.546524068193137e-05': 1, 'growth-free trial energy increased: 9.5479093011761188e-05 -> 9.5484976569594962e-05': 1, 'growth-free trial energy increased: 9.5479093011761188e-05 -> 9.5834274727984954e-05': 1, 'growth-free trial energy increased: 9.555056787795735e-05 -> 9.5703472829866787e-05': 1, 'growth-free trial energy increased: 9.555056787795735e-05 -> 9.7039796540251744e-05': 1, 'growth-free trial energy increased: 9.5556847510155322e-05 -> 9.581853161145185e-05': 1, 'growth-free trial energy increased: 9.561941634889043e-05 -> 9.5730539487003796e-05': 1, 'growth-free trial energy increased: 9.561941634889043e-05 -> 9.6786705904225296e-05': 1, 'growth-free trial energy increased: 9.5635420245760935e-05 -> 9.5822417975524965e-05': 1, 'growth-free trial energy increased: 9.5690882601803221e-05 -> 9.5768629020584679e-05': 1, 'growth-free trial energy increased: 9.5690882601803221e-05 -> 9.6601059976005721e-05': 1, 'growth-free trial energy increased: 9.5714663133410094e-05 -> 9.5841996488081727e-05': 1, 'growth-free trial energy increased: 9.5764456069360256e-05 -> 9.5815537780320238e-05': 1, 'growth-free trial energy increased: 9.5764456069360256e-05 -> 9.6469289833027804e-05': 1, 'growth-free trial energy increased: 9.5794457937444541e-05 -> 9.587412295080657e-05': 1, 'growth-free trial energy increased: 9.5839729050036217e-05 -> 9.5869506026617554e-05': 1, 'growth-free trial energy increased: 9.5839729050036217e-05 -> 9.6380559818260767e-05': 1, 'growth-free trial energy increased: 9.5874710259014238e-05 -> 9.591628653449533e-05': 1, 'growth-free trial energy increased: 9.5916375987405131e-05 -> 9.5929128511569085e-05': 1, 'growth-free trial energy increased: 9.5916375987405131e-05 -> 9.6326216965689825e-05': 1, 'growth-free trial energy increased: 9.5993283068097581e-05 -> 9.6170579129675784e-05': 1, 'growth-free trial energy increased: 9.5993283068097581e-05 -> 9.7672316107125077e-05': 1, 'growth-free trial energy increased: 9.5994136922219483e-05 -> 9.62993513072182e-05': 1, 'growth-free trial energy increased: 9.6061073600474769e-05 -> 9.6191615220088308e-05': 1, 'growth-free trial energy increased: 9.6061073600474769e-05 -> 9.7379816763191196e-05': 1, 'growth-free trial energy increased: 9.6072804282381063e-05 -> 9.6294444847837667e-05': 1, 'growth-free trial energy increased: 9.6131784532113812e-05 -> 9.6224978352379246e-05': 1, 'growth-free trial energy increased: 9.6131784532113812e-05 -> 9.7162789466537135e-05': 1, 'growth-free trial energy increased: 9.6152212326665524e-05 -> 9.63070910938514e-05': 1, 'growth-free trial energy increased: 9.6204844447850895e-05 -> 9.6268202289344069e-05': 1, 'growth-free trial energy increased: 9.6204844447850895e-05 -> 9.7006048478008486e-05': 1, 'growth-free trial energy increased: 9.6232228719937883e-05 -> 9.633377118777316e-05': 1, 'growth-free trial energy increased: 9.6279797054910765e-05 -> 9.6319317596845603e-05': 1, 'growth-free trial energy increased: 9.6279797054910765e-05 -> 9.6897466995439895e-05': 1, 'growth-free trial energy increased: 9.6312747804051601e-05 -> 9.6371675108049057e-05': 1, 'growth-free trial energy increased: 9.6356277993390254e-05 -> 9.6376751570862633e-05': 1, 'growth-free trial energy increased: 9.6356277993390254e-05 -> 9.6827360980006628e-05': 1, 'growth-free trial energy increased: 9.639368522423198e-05 -> 9.641855888547876e-05': 1, 'growth-free trial energy increased: 9.6433996317896569e-05 -> 9.6439248322614874e-05': 1, 'growth-free trial energy increased: 9.6433996317896569e-05 -> 9.6787997100952593e-05': 1, 'growth-free trial energy increased: 9.650580495771367e-05 -> 9.6658113376528335e-05': 1, 'growth-free trial energy increased: 9.650580495771367e-05 -> 9.799412461065747e-05': 1, 'growth-free trial energy increased: 9.651271970846367e-05 -> 9.6773199775734628e-05': 1, 'growth-free trial energy increased: 9.6575620625987874e-05 -> 9.668613678611976e-05': 1, 'growth-free trial energy increased: 9.6575620625987874e-05 -> 9.7741924943902541e-05': 1, 'growth-free trial energy increased: 9.6592262664491258e-05 -> 9.6778037454710056e-05': 1, 'growth-free trial energy increased: 9.6648055810791603e-05 -> 9.6725186689141624e-05': 1, 'growth-free trial energy increased: 9.6648055810791603e-05 -> 9.7557186264615522e-05': 1, 'growth-free trial energy increased: 9.6672477070502635e-05 -> 9.6798571958663852e-05': 1, 'growth-free trial energy increased: 9.6722599835519484e-05 -> 9.6773058959523153e-05': 1, 'growth-free trial energy increased: 9.6722599835519484e-05 -> 9.7426336710099457e-05': 1, 'growth-free trial energy increased: 9.6753244666761176e-05 -> 9.6831658407247175e-05': 1, 'growth-free trial energy increased: 9.6798844910952607e-05 -> 9.6827993474677917e-05': 1, 'growth-free trial energy increased: 9.6798844910952607e-05 -> 9.7338538254926641e-05': 1, 'growth-free trial energy increased: 9.6834471035356717e-05 -> 9.6874785422139281e-05': 1, 'growth-free trial energy increased: 9.6876465410358404e-05 -> 9.6888584678513109e-05': 1, 'growth-free trial energy increased: 9.6876465410358404e-05 -> 9.7285136025528448e-05': 1, 'growth-free trial energy increased: 9.695371015601054e-05 -> 9.7130413988380727e-05': 1, 'growth-free trial energy increased: 9.695371015601054e-05 -> 9.8631891139750667e-05': 1, 'growth-free trial energy increased: 9.6955201318193367e-05 -> 9.7259218517436335e-05': 1, 'growth-free trial energy increased: 9.7022473612160605e-05 -> 9.7152410889049518e-05': 1, 'growth-free trial energy increased: 9.7022473612160605e-05 -> 9.8340275644447219e-05': 1, 'growth-free trial energy increased: 9.7034845017372244e-05 -> 9.7255266499011935e-05': 1, 'growth-free trial energy increased: 9.7094159310173427e-05 -> 9.7186738883524122e-05': 1, 'growth-free trial energy increased: 9.7094159310173427e-05 -> 9.812415110779133e-05': 1, 'growth-free trial energy increased: 9.7115230730766708e-05 -> 9.7268872480646898e-05': 1, 'growth-free trial energy increased: 9.7168195706189551e-05 -> 9.7230931175095665e-05': 1, 'growth-free trial energy increased: 9.7168195706189551e-05 -> 9.7968328334862805e-05': 1, 'growth-free trial energy increased: 9.719622609466607e-05 -> 9.7296516803089362e-05': 1, 'growth-free trial energy increased: 9.7244126404149103e-05 -> 9.7283017879458707e-05': 1, 'growth-free trial energy increased: 9.7244126404149103e-05 -> 9.7860677741102065e-05': 1, 'growth-free trial energy increased: 9.727772542825601e-05 -> 9.7335388799535416e-05': 1, 'growth-free trial energy increased: 9.7321586961322481e-05 -> 9.7341425930417552e-05': 1, 'growth-free trial energy increased: 9.7321586961322481e-05 -> 9.7791513047562482e-05': 1, 'growth-free trial energy increased: 9.7359644358849238e-05 -> 9.7383243981513133e-05': 1, 'growth-free trial energy increased: 9.7400286365954464e-05 -> 9.7404899147868632e-05': 1, 'growth-free trial energy increased: 9.7400286365954464e-05 -> 9.775309911974652e-05': 1, 'growth-free trial energy increased: 9.7472434403184666e-05 -> 9.7624142144889378e-05': 1, 'growth-free trial energy increased: 9.7472434403184666e-05 -> 9.8959865172978085e-05': 1, 'growth-free trial energy increased: 9.7479992244990782e-05 -> 9.7739258923109387e-05': 1, 'growth-free trial energy increased: 9.7543230658048472e-05 -> 9.7653134684899133e-05': 1, 'growth-free trial energy increased: 9.7543230658048472e-05 -> 9.8708562140730128e-05': 1, 'growth-free trial energy increased: 9.756051905545001e-05 -> 9.7745059739851622e-05': 1, 'growth-free trial energy increased: 9.7616648244625874e-05 -> 9.7693157616216114e-05': 1, 'growth-free trial energy increased: 9.7616648244625874e-05 -> 9.8524738001040603e-05': 1, 'growth-free trial energy increased: 9.7641718648071332e-05 -> 9.7766562450398443e-05': 1, 'growth-free trial energy increased: 9.7692176364943699e-05 -> 9.7742006284659452e-05': 1, 'growth-free trial energy increased: 9.7692176364943699e-05 -> 9.8394817628743146e-05': 1, 'growth-free trial energy increased: 9.7723472736261621e-05 -> 9.7800621417622877e-05': 1, 'growth-free trial energy increased: 9.776940713243549e-05 -> 9.7797920142883964e-05': 1, 'growth-free trial energy increased: 9.776940713243549e-05 -> 9.8307960372681153e-05': 1, 'growth-free trial energy increased: 9.7805686880841745e-05 -> 9.7844724654445655e-05': 1, 'growth-free trial energy increased: 9.784801484235326e-05 -> 9.7859493293228977e-05': 1, 'growth-free trial energy increased: 9.784801484235326e-05 -> 9.8255509245989738e-05': 1, 'growth-free trial energy increased: 9.7925603046043828e-05 -> 9.81017110552434e-05': 1, 'growth-free trial energy increased: 9.7925603046043828e-05 -> 9.9602956755342079e-05': 1, 'growth-free trial energy increased: 9.7927739416696518e-05 -> 9.823055104323944e-05': 1, 'growth-free trial energy increased: 9.7995352885739048e-05 -> 9.8124681089740106e-05': 1, 'growth-free trial energy increased: 9.7995352885739048e-05 -> 9.9312229881473382e-05': 1, 'growth-free trial energy increased: 9.8008373188483223e-05 -> 9.8227565164817472e-05': 1, 'growth-free trial energy increased: 9.8068026898271354e-05 -> 9.815998658358133e-05': 1, 'growth-free trial energy increased: 9.8068026898271354e-05 -> 9.9097014703710122e-05': 1, 'growth-free trial energy increased: 9.8089750340762155e-05 -> 9.8242143020075572e-05': 1, 'growth-free trial energy increased: 9.8143053397490529e-05 -> 9.8205160121797195e-05': 1, 'growth-free trial energy increased: 9.8143053397490529e-05 -> 9.8942118209121395e-05': 1, 'growth-free trial energy increased: 9.81717384781202e-05 -> 9.8270764064055114e-05': 1, 'growth-free trial energy increased: 9.8219975873182789e-05 -> 9.825823132287689e-05': 1, 'growth-free trial energy increased: 9.8219975873182789e-05 -> 9.8835407741169507e-05': 1, 'growth-free trial energy increased: 9.8254231894584574e-05 -> 9.8310616917573991e-05': 1, 'growth-free trial energy increased: 9.8298429791105469e-05 -> 9.8317626720870866e-05': 1, 'growth-free trial energy increased: 9.8298429791105469e-05 -> 9.8767194549078831e-05': 1, 'growth-free trial energy increased: 9.8337146197572444e-05 -> 9.8359456519257887e-05': 1, 'growth-free trial energy increased: 9.8378124066219848e-05 -> 9.838208981436491e-05': 1, 'growth-free trial energy increased: 9.8378124066219848e-05 -> 9.8729741509786633e-05': 1, 'growth-free trial energy increased: 9.8450617216512974e-05 -> 9.8601720037543397e-05': 1, 'growth-free trial energy increased: 9.8450617216512974e-05 -> 9.9937179367005734e-05': 1, 'growth-free trial energy increased: 9.8458826266852639e-05 -> 9.8716869988873539e-05': 1, 'growth-free trial energy increased: 9.8522407681663997e-05 -> 9.8631694308320958e-05': 1, 'growth-free trial energy increased: 9.8522407681663997e-05 -> 9.9686778777402491e-05': 1, 'growth-free trial energy increased: 9.8540350803223942e-05 -> 9.8723645982095177e-05': 1, 'growth-free trial energy increased: 9.8596821375481318e-05 -> 9.8672703152626965e-05': 1, 'growth-free trial energy increased: 9.8596821375481318e-05 -> 9.950387662999727e-05': 1, 'growth-free trial energy increased: 9.8622549488766898e-05 -> 9.8746129334961638e-05': 1, 'growth-free trial energy increased: 9.8673347366402903e-05 -> 9.8722541335311288e-05': 1, 'growth-free trial energy increased: 9.8673347366402903e-05 -> 9.9374894211556229e-05': 1, 'growth-free trial energy increased: 9.8705304007228406e-05 -> 9.8781173578184136e-05': 1, 'growth-free trial energy increased: 9.8751577660737756e-05 -> 9.8779447841984577e-05': 1, 'growth-free trial energy increased: 9.8751577660737756e-05 -> 9.9288987984549738e-05': 1, 'growth-free trial energy increased: 9.8788519895921971e-05 -> 9.8826266055485808e-05': 1, 'growth-free trial energy increased: 9.8831186467919694e-05 -> 9.8842016399621163e-05': 1, 'growth-free trial energy increased: 9.8831186467919694e-05 -> 9.9237498640460301e-05': 1, 'growth-free trial energy increased: 9.8909124016968622e-05 -> 0.00010058567542527559': 1, 'growth-free trial energy increased: 9.8909124016968622e-05 -> 9.9084632515477605e-05': 1, 'growth-free trial energy increased: 9.8911913641268139e-05 -> 9.9213511106710313e-05': 1, 'growth-free trial energy increased: 9.8979873936267269e-05 -> 0.0001002958420783537': 1, 'growth-free trial energy increased: 9.8979873936267269e-05 -> 9.9108588230014557e-05': 1, 'growth-free trial energy increased: 9.8993551458930189e-05 -> 9.9211503282589766e-05': 1, 'growth-free trial energy increased: 9.9053550049008675e-05 -> 0.00010008154301325135': 1, 'growth-free trial energy increased: 9.9053550049008675e-05 -> 9.9144884087042084e-05': 1, 'growth-free trial energy increased: 9.9075934060165717e-05 -> 9.9227065370153644e-05': 1, 'growth-free trial energy increased: 9.9129580512980967e-05 -> 9.9191051993768889e-05': 1, 'growth-free trial energy increased: 9.9129580512980967e-05 -> 9.9927581032303428e-05': 1, 'growth-free trial energy increased: 9.9158929014702259e-05 -> 9.9256675853805876e-05': 1, 'growth-free trial energy increased: 9.9207508692816562e-05 -> 9.9245121023921044e-05': 1, 'growth-free trial energy increased: 9.9207508692816562e-05 -> 9.9821820113768392e-05': 1, 'growth-free trial energy increased: 9.9242430588885561e-05 -> 9.9297522574031595e-05': 1, 'growth-free trial energy increased: 9.9286969953974247e-05 -> 9.930551727375768e-05': 1, 'growth-free trial energy increased: 9.9286969953974247e-05 -> 9.9754568800678142e-05': 1, 'growth-free trial energy increased: 9.9326354368228477e-05 -> 9.9347359842257916e-05': 1, 'growth-free trial energy increased: 9.9367673131127361e-05 -> 9.9370983890211104e-05': 1, 'growth-free trial energy increased: 9.9367673131127361e-05 -> 9.9718087794389878e-05': 1, 'growth-free trial energy increased: 9.9440517203928269e-05 -> 0.00010092623113861475': 1, 'growth-free trial energy increased: 9.9440517203928269e-05 -> 9.9591010758940291e-05': 1, 'growth-free trial energy increased: 9.9449385728380758e-05 -> 9.9706196710821172e-05': 1, 'growth-free trial energy increased: 9.95133157425311e-05 -> 0.0001006767389459688': 1, 'growth-free trial energy increased: 9.95133157425311e-05 -> 9.9621979587987821e-05': 1, 'growth-free trial energy increased: 9.9531922104694297e-05 -> 9.9713960139697199e-05': 1, 'growth-free trial energy increased: 9.9588739489701918e-05 -> 0.00010049476640977323': 1, 'growth-free trial energy increased: 9.9588739489701918e-05 -> 9.9663987460747378e-05': 1, 'growth-free trial energy increased: 9.961513403263059e-05 -> 9.9737436796064796e-05': 1, 'growth-free trial energy increased: 9.9666277367895515e-05 -> 0.00010036673089847802': 1, 'growth-free trial energy increased: 9.9666277367895515e-05 -> 9.9714828507514982e-05': 1, 'growth-free trial energy increased: 9.9698903163438683e-05 -> 9.9773479301979326e-05': 1, 'growth-free trial energy increased: 9.9745521266420627e-05 -> 0.00010028178572479892': 1, 'growth-free trial energy increased: 9.9745521266420627e-05 -> 9.9772741204118271e-05': 1, 'growth-free trial energy increased: 9.9783135008662388e-05 -> 9.9819574270989731e-05': 1, 'growth-free trial energy increased: 9.9826145301005971e-05 -> 0.00010023126904819236': 1, 'growth-free trial energy increased: 9.9826145301005971e-05 -> 9.9836318868011176e-05': 1, 'growth-free trial energy increased: 9.9904438178993006e-05 -> 0.00010007934338377109': 1, 'growth-free trial energy increased: 9.9904438178993006e-05 -> 0.00010158021245667404': 1, 'growth-free trial energy increased: 9.9907889249980676e-05 -> 0.00010020826376024837': 1, 'growth-free trial energy increased: 9.9976202115328928e-05 -> 0.00010010429755209771': 1, 'growth-free trial energy increased: 9.9976202115328928e-05 -> 0.0001012912776785373': 1, 'growth-free trial energy increased: 9.99905453315957e-05 -> 0.00010020724612466482': 1}","E(r_after_remesh, a_after_remesh) - E(r_before, a_grown), kept separate from growth and dissipation",0.0,0,growth-free-control,growth-free-control__control_n9__dt0.001,,continuum-filament-p0b-linear-mode-convergence-1,,,,
,,,,,,,,,,,,,,,,,,,,,,,,,,,,,,,"['straight', 'straight', 'straight']",,,,,,,,,,,,straight__temporal_n9__dt0.00025,temporal,,,,,,,straight,,3,,converged,,,
,,,,,,,,,,,,,,,,,,,,,,,,,,,,,,,"['straight', 'straight', 'straight']",,,,,,,,,,,,straight__spatial_n9__dt0.001,spatial,,,,,,,straight,,3,,converged,,,
,,,,,,,,,,,,,,,,,,,,,,,,,,,,,,,"['straight', 'straight', 'straight']",,,,,,,,,,boundary-near__temporal_n9__dt0.001: peak tolerance; boundary-near__temporal_n9__dt0.0005: peak tolerance,,boundary-near__temporal_n9__dt0.00025,temporal,,,,,,,boundary-near,,3,,numerically-unresolved,,,
,,,,,,,,,,,,,,,,,,,,,,,,,,,,,,,"['straight', 'buckled-single', 'straight']",,,,,,,,,,classification disagreement or unresolved fixture,,,spatial,,,,,,,boundary-near,,3,,numerically-unresolved,,,
,,,,,,,,,,,,,,,,,,,,,,,,,,,,,,,"['buckled-single', 'buckled-single', 'straight']",,,,,,,,,,classification disagreement or unresolved fixture,,,temporal,,,,,,,buckled-candidate,,3,,numerically-unresolved,,,
,,,,,,,,,,,,,,,,,,,,,,,,,,,,,,,"['straight', 'unresolved', 'buckled-single']",,,,,,,,,,classification disagreement or unresolved fixture,,,spatial,,,,,,,buckled-candidate,,3,,numerically-unresolved,,,
